playlist_id,video_id,snapshot_date,position,added_at
PLHqP60_HwgQw,Wez4b-J_xL4,2026-08-17,0,2026-07-04 16:59:46+00:00
PLV4oS06_KpqYMjulfvIRy6OA6XOgyLkoL,lqwMXNy0ATk,2026-08-17,0,2026-06-28 18:12:14+00:00
PLV4oS06_KpqYMjulfvIRy6OA6XOgyLkoL,eXfqUxzE0MY,2026-08-17,1,2026-06-28 18:42:29+00:00
PLV4oS06_KpqYMjulfvIRy6OA6XOgyLkoL,Eu2w5wSNlJI,2026-08-17,2,2026-07-23 05:49:25+00:00
PLV4oS06_KpqYMjulfvIRy6OA6XOgyLkoL,d4-4XioffMU,2026-08-17,3,2026-07-29 07:49:59+00:00
PLV4oS06_KpqY_vrV-qHy-bcd6SNBJfIfD,8KfTQmLyYAY,2026-08-17,0,2026-06-23 06:43:42+00:00
PLV4oS06_KpqY_vrV-qHy-bcd6SNBJfIfD,IKRRKvhnnJ0,2026-08-17,1,2026-08-11 11:31:24+00:00
PLHqP60_HwgQw,Wez4b-J_xL4,2026-08-10,0,2026-07-04 16:59:46+00:00
PLV4oS06_KpqYMjulfvIRy6OA6XOgyLkoL,lqwMXNy0ATk,2026-08-10,0,2026-06-28 18:12:14+00:00
PLV4oS06_KpqYMjulfvIRy6OA6XOgyLkoL,eXfqUxzE0MY,2026-08-10,1,2026-06-28 18:42:29+00:00
PLV4oS06_KpqYMjulfvIRy6OA6XOgyLkoL,Eu2w5wSNlJI,2026-08-10,2,2026-07-23 05:49:25+00:00
PLV4oS06_KpqYMjulfvIRy6OA6XOgyLkoL,d4-4XioffMU,2026-08-10,3,2026-07-29 07:49:59+00:00
PLV4oS06_KpqY_vrV-qHy-bcd6SNBJfIfD,8KfTQmLyYAY,2026-08-10,0,2026-06-23 06:43:42+00:00
PLHqP60_HwgQw,Wez4b-J_xL4,2026-08-03,0,2026-07-04 16:59:46+00:00
PLV4oS06_KpqYMjulfvIRy6OA6XOgyLkoL,lqwMXNy0ATk,2026-08-03,0,2026-06-28 18:12:14+00:00
PLV4oS06_KpqYMjulfvIRy6OA6XOgyLkoL,eXfqUxzE0MY,2026-08-03,1,2026-06-28 18:42:29+00:00
PLV4oS06_KpqYMjulfvIRy6OA6XOgyLkoL,Eu2w5wSNlJI,2026-08-03,2,2026-07-23 05:49:25+00:00
PLV4oS06_KpqYMjulfvIRy6OA6XOgyLkoL,d4-4XioffMU,2026-08-03,3,2026-07-29 07:49:59+00:00
PLV4oS06_KpqY_vrV-qHy-bcd6SNBJfIfD,8KfTQmLyYAY,2026-08-03,0,2026-06-23 06:43:42+00:00
PLHqP60_HwgQw,Wez4b-J_xL4,2026-07-27,0,2026-07-04 16:59:46+00:00
PLV4oS06_KpqYMjulfvIRy6OA6XOgyLkoL,lqwMXNy0ATk,2026-07-27,0,2026-06-28 18:12:14+00:00
PLV4oS06_KpqYMjulfvIRy6OA6XOgyLkoL,eXfqUxzE0MY,2026-07-27,1,2026-06-28 18:42:29+00:00
PLV4oS06_KpqYMjulfvIRy6OA6XOgyLkoL,Eu2w5wSNlJI,2026-07-27,2,2026-07-23 05:49:25+00:00
PLV4oS06_KpqY_vrV-qHy-bcd6SNBJfIfD,8KfTQmLyYAY,2026-07-27,0,2026-06-23 06:43:42+00:00
PLHqP60_HwgQw,Wez4b-J_xL4,2026-07-20,0,2026-07-04 16:59:46+00:00
PLV4oS06_KpqYMjulfvIRy6OA6XOgyLkoL,lqwMXNy0ATk,2026-07-20,0,2026-06-28 18:12:14+00:00
PLV4oS06_KpqYMjulfvIRy6OA6XOgyLkoL,eXfqUxzE0MY,2026-07-20,1,2026-06-28 18:42:29+00:00
PLV4oS06_KpqY_vrV-qHy-bcd6SNBJfIfD,8KfTQmLyYAY,2026-07-20,0,2026-06-23 06:43:42+00:00
PLHqP60_HwgQw,Wez4b-J_xL4,2026-07-13,0,2026-07-04 16:59:46+00:00
PLV4oS06_KpqYMjulfvIRy6OA6XOgyLkoL,lqwMXNy0ATk,2026-07-13,0,2026-06-28 18:12:14+00:00
PLV4oS06_KpqYMjulfvIRy6OA6XOgyLkoL,eXfqUxzE0MY,2026-07-13,1,2026-06-28 18:42:29+00:00
PLV4oS06_KpqY_vrV-qHy-bcd6SNBJfIfD,8KfTQmLyYAY,2026-07-13,0,2026-06-23 06:43:42+00:00
PLHqP60_HwgQw,Wez4b-J_xL4,2026-07-06,0,2026-07-04 16:59:46+00:00
PLV4oS06_KpqYMjulfvIRy6OA6XOgyLkoL,lqwMXNy0ATk,2026-07-06,0,2026-06-28 18:12:14+00:00
PLV4oS06_KpqYMjulfvIRy6OA6XOgyLkoL,eXfqUxzE0MY,2026-07-06,1,2026-06-28 18:42:29+00:00
PLV4oS06_KpqY_vrV-qHy-bcd6SNBJfIfD,8KfTQmLyYAY,2026-07-06,0,2026-06-23 06:43:42+00:00
PLV4oS06_KpqYMjulfvIRy6OA6XOgyLkoL,lqwMXNy0ATk,2026-06-29,0,2026-06-28 18:12:14+00:00
PLV4oS06_KpqYMjulfvIRy6OA6XOgyLkoL,eXfqUxzE0MY,2026-06-29,1,2026-06-28 18:42:29+00:00
PLV4oS06_KpqY_vrV-qHy-bcd6SNBJfIfD,8KfTQmLyYAY,2026-06-29,0,2026-06-23 06:43:42+00:00
PLV4oS06_KpqY-NCxlYCYMPENL0EUTLNuU,DQlkV2DmA_M,2026-05-11,0,2025-10-07 08:51:06+00:00
PLV4oS06_KpqY-NCxlYCYMPENL0EUTLNuU,MHxjAOrdxCU,2026-05-11,1,2025-10-07 08:55:56+00:00
PLV4oS06_KpqY-NCxlYCYMPENL0EUTLNuU,1eRuwnvwsPo,2026-05-11,2,2025-10-07 08:57:09+00:00
PLV4oS06_KpqY-NCxlYCYMPENL0EUTLNuU,IIT39Xomn94,2026-05-11,3,2025-10-07 09:00:56+00:00
PLV4oS06_KpqY-NCxlYCYMPENL0EUTLNuU,ecJm9JHj18g,2026-05-11,4,2025-10-07 19:53:24+00:00
PLV4oS06_KpqY-NCxlYCYMPENL0EUTLNuU,pLRAticn7NU,2026-05-11,5,2025-10-07 19:55:40+00:00
PLV4oS06_KpqY-NCxlYCYMPENL0EUTLNuU,t3jyABNSOno,2026-05-11,6,2025-10-07 19:56:36+00:00
PLV4oS06_KpqY-NCxlYCYMPENL0EUTLNuU,OzgC7e3Eths,2026-05-11,7,2025-10-07 19:57:33+00:00
PLV4oS06_KpqY-NCxlYCYMPENL0EUTLNuU,njqE2uGyysQ,2026-05-11,8,2025-10-07 19:59:45+00:00
PLV4oS06_KpqY-NCxlYCYMPENL0EUTLNuU,4JmKLgtmMBI,2026-05-11,9,2025-10-07 20:00:43+00:00
PLV4oS06_KpqY5xZ2gZ8u_79cmLrVUsGNe,aoP5EPC9Skw,2026-05-11,0,2025-09-11 08:49:27+00:00
PLV4oS06_KpqY5xZ2gZ8u_79cmLrVUsGNe,VUPm0AxqTho,2026-05-11,1,2025-09-11 08:49:13+00:00
PLV4oS06_KpqY5xZ2gZ8u_79cmLrVUsGNe,Ie-FqoNGqLA,2026-05-11,2,2025-09-11 08:49:56+00:00
PLV4oS06_KpqYMuPNqu6S1GgnyuhMOzBaN,ee-gYMaH1Rk,2026-05-11,0,2023-08-16 07:53:02+00:00
PLV4oS06_KpqYMuPNqu6S1GgnyuhMOzBaN,xsptE33QWNE,2026-05-11,1,2023-08-25 12:21:27+00:00
PLV4oS06_KpqYMuPNqu6S1GgnyuhMOzBaN,7q20ukuXuN8,2026-05-11,2,2024-05-17 13:27:51+00:00
PLV4oS06_KpqYRtYRoQHo_F_KsEjmqcDK7,J0GOADsEp4E,2026-05-11,0,2025-11-16 04:27:46+00:00
PLV4oS06_KpqYRtYRoQHo_F_KsEjmqcDK7,4v5Vv8fsR-g,2026-05-11,1,2025-11-16 04:25:53+00:00
PLV4oS06_KpqYRtYRoQHo_F_KsEjmqcDK7,ffCLLOraLFA,2026-05-11,2,2025-11-16 04:22:33+00:00
PLV4oS06_KpqYRtYRoQHo_F_KsEjmqcDK7,8AMwesfk-DM,2026-05-11,3,2025-11-16 04:21:13+00:00
PLV4oS06_KpqYRtYRoQHo_F_KsEjmqcDK7,HyPyDdUy-Xk,2026-05-11,4,2026-02-10 02:26:42+00:00
PLV4oS06_KpqYRtYRoQHo_F_KsEjmqcDK7,46knscCk2Ic,2026-05-11,5,2026-02-10 02:26:42+00:00
PLV4oS06_KpqYRtYRoQHo_F_KsEjmqcDK7,a4PcaVKyCko,2026-05-11,6,2026-02-10 02:26:42+00:00
PLV4oS06_KpqYRtYRoQHo_F_KsEjmqcDK7,OoG2Z1GdWQQ,2026-05-11,7,2026-02-10 02:26:42+00:00
PLV4oS06_KpqYRtYRoQHo_F_KsEjmqcDK7,7sgJBBtJV3A,2026-05-11,8,2026-02-10 02:26:42+00:00
PLV4oS06_KpqYRtYRoQHo_F_KsEjmqcDK7,NMt3A12yjhg,2026-05-11,9,2026-02-10 02:26:42+00:00
PLV4oS06_KpqYRtYRoQHo_F_KsEjmqcDK7,1-VRjF4aDgk,2026-05-11,10,2026-02-10 02:26:42+00:00
PLV4oS06_KpqYRtYRoQHo_F_KsEjmqcDK7,pqAswnET2XQ,2026-05-11,11,2026-02-10 02:26:42+00:00
PLV4oS06_KpqYRtYRoQHo_F_KsEjmqcDK7,hhX0ynoT_mc,2026-05-11,12,2026-02-10 02:26:42+00:00
PLV4oS06_KpqYRtYRoQHo_F_KsEjmqcDK7,XEdE-i6as6I,2026-05-11,13,2026-02-10 02:26:42+00:00
PLV4oS06_KpqZREyUB473G07o-IsM7n-fi,BUC65TLIGf8,2026-05-11,0,2023-08-14 07:17:54+00:00
PLV4oS06_KpqZREyUB473G07o-IsM7n-fi,o3fMDF3PGhM,2026-05-11,1,2023-08-10 06:48:36+00:00
PLV4oS06_KpqZREyUB473G07o-IsM7n-fi,hipquVDxH70,2026-05-11,2,2023-08-14 04:11:39+00:00
PLV4oS06_KpqZREyUB473G07o-IsM7n-fi,IAjVUpwzMGo,2026-05-11,3,2023-08-11 06:07:02+00:00
PLV4oS06_KpqZREyUB473G07o-IsM7n-fi,pcSv3TjR5ZQ,2026-05-11,4,2023-08-14 08:51:24+00:00
PLV4oS06_KpqZREyUB473G07o-IsM7n-fi,eO7e64yu3Kk,2026-05-11,5,2023-08-17 08:34:55+00:00
PLV4oS06_KpqZREyUB473G07o-IsM7n-fi,qr6ATPTgl20,2026-05-11,6,2023-08-19 10:15:24+00:00
PLV4oS06_KpqZREyUB473G07o-IsM7n-fi,2s7evXo3BkI,2026-05-11,7,2023-08-21 11:07:18+00:00
PLV4oS06_KpqZREyUB473G07o-IsM7n-fi,_ofTsPs9mT8,2026-05-11,8,2023-08-22 09:52:11+00:00
PLV4oS06_KpqZREyUB473G07o-IsM7n-fi,G0pKbjeeTMs,2026-05-11,9,2023-08-27 11:54:32+00:00
PLV4oS06_KpqZREyUB473G07o-IsM7n-fi,ci1hFXvOMjw,2026-05-11,10,2023-08-23 04:22:12+00:00
PLV4oS06_KpqZREyUB473G07o-IsM7n-fi,PGZNyTVcZbI,2026-05-11,11,2023-08-24 10:07:33+00:00
PLV4oS06_KpqZREyUB473G07o-IsM7n-fi,IQPxO_NmSJk,2026-05-11,12,2023-09-10 06:00:03+00:00
PLV4oS06_KpqZREyUB473G07o-IsM7n-fi,bOvsWX2Mgmg,2026-05-11,13,2023-09-11 05:20:23+00:00
PLV4oS06_KpqZREyUB473G07o-IsM7n-fi,Im9z2T57eEw,2026-05-11,14,2023-09-12 06:21:38+00:00
PLV4oS06_KpqZREyUB473G07o-IsM7n-fi,HvXbln87KY0,2026-05-11,15,2023-09-14 09:59:13+00:00
PLV4oS06_KpqZREyUB473G07o-IsM7n-fi,1OxYQbmdW-Y,2026-05-11,16,2023-09-14 09:52:30+00:00
PLV4oS06_KpqZo5tENEyKr-Ha1wR4DZuHM,qytf-g55XFE,2026-05-11,0,2025-11-13 13:30:52+00:00
PLV4oS06_KpqZo5tENEyKr-Ha1wR4DZuHM,Q3olnvgueTQ,2026-05-11,1,2025-11-13 13:29:22+00:00
PLV4oS06_KpqZo5tENEyKr-Ha1wR4DZuHM,t8grl_NIYPw,2026-05-11,2,2026-02-10 02:28:39+00:00
PLV4oS06_KpqZo5tENEyKr-Ha1wR4DZuHM,iNyOOzX6lKk,2026-05-11,3,2026-02-10 02:28:52+00:00
PLV4oS06_KpqZo5tENEyKr-Ha1wR4DZuHM,E6-cYClJn3Y,2026-05-11,4,2026-02-10 02:30:30+00:00
PLV4oS06_KpqZo5tENEyKr-Ha1wR4DZuHM,9wkGoWLVjT8,2026-05-11,5,2026-02-10 02:30:15+00:00
PLV4oS06_KpqZo5tENEyKr-Ha1wR4DZuHM,x1FB0zvtgOw,2026-05-11,6,2026-02-10 02:29:11+00:00
PLV4oS06_KpqZo5tENEyKr-Ha1wR4DZuHM,Qc0HiH1iZ8U,2026-05-11,7,2026-02-10 02:29:36+00:00
PLV4oS06_KpqaJurJFbLi3HGrHrlOShc_x,rSYSSOP3h2k,2026-05-11,0,2023-12-23 05:24:09+00:00
PLV4oS06_KpqaJurJFbLi3HGrHrlOShc_x,AARzy2sfqVw,2026-05-11,1,2023-12-23 05:25:25+00:00
PLV4oS06_KpqaJurJFbLi3HGrHrlOShc_x,QueSk8MsubI,2026-05-11,2,2023-12-23 09:05:06+00:00
PLV4oS06_KpqaJurJFbLi3HGrHrlOShc_x,N5qEWgYkGwk,2026-05-11,3,2023-12-24 10:53:07+00:00
PLV4oS06_KpqaJurJFbLi3HGrHrlOShc_x,jJT2Pjgug7s,2026-05-11,4,2023-12-28 08:54:09+00:00
PLV4oS06_KpqaJurJFbLi3HGrHrlOShc_x,7beGTcu4wOY,2026-05-11,5,2023-12-28 09:42:38+00:00
PLV4oS06_KpqaJurJFbLi3HGrHrlOShc_x,YI0_i2mVva0,2026-05-11,6,2025-10-02 00:51:30+00:00
PLV4oS06_KpqaJurJFbLi3HGrHrlOShc_x,AtGVhnK5jRo,2026-05-11,7,2025-10-02 00:51:48+00:00
PLV4oS06_KpqaJurJFbLi3HGrHrlOShc_x,Xnd-Ygs7U3Y,2026-05-11,8,2025-10-02 00:51:59+00:00
PLV4oS06_KpqaJurJFbLi3HGrHrlOShc_x,yiDhqGdxFPs,2026-05-11,9,2025-10-02 00:52:12+00:00
PLV4oS06_KpqaJurJFbLi3HGrHrlOShc_x,W8clxC5S3dU,2026-05-11,10,2025-10-02 00:52:24+00:00
PLV4oS06_KpqaJurJFbLi3HGrHrlOShc_x,9xx1KaBQxVQ,2026-05-11,11,2025-10-02 00:52:35+00:00
PLV4oS06_KpqacM_CdWLJq4SttTNfszK0Q,2W7sPgGlNqo,2026-05-11,0,2023-08-26 11:06:21+00:00
PLV4oS06_KpqacM_CdWLJq4SttTNfszK0Q,-W0cM6L62s8,2026-05-11,1,2023-08-26 11:06:34+00:00
PLV4oS06_KpqacM_CdWLJq4SttTNfszK0Q,EVkg5zFPcMs,2026-05-11,2,2023-08-26 14:43:30+00:00
PLV4oS06_KpqacM_CdWLJq4SttTNfszK0Q,1ISPibwIVQA,2026-05-11,3,2024-07-07 16:54:14+00:00
PLV4oS06_Kpqahle46bX_iDjupUZLUDIad,Z4Fo5F_mLuU,2026-05-11,0,2025-10-19 16:33:20+00:00
PLV4oS06_Kpqahle46bX_iDjupUZLUDIad,dbYadcZ2uOU,2026-05-11,1,2025-10-19 16:33:23+00:00
PLV4oS06_Kpqahle46bX_iDjupUZLUDIad,N-7O94hPplU,2026-05-11,2,2025-10-19 16:33:28+00:00
PLV4oS06_Kpqahle46bX_iDjupUZLUDIad,i6Cfsd0CP2g,2026-05-11,3,2025-10-19 16:33:30+00:00
PLV4oS06_Kpqahle46bX_iDjupUZLUDIad,Q7BvnpCsUAU,2026-05-11,4,2025-10-19 16:33:34+00:00
PLV4oS06_Kpqahle46bX_iDjupUZLUDIad,zToHhAif9Gw,2026-05-11,5,2025-11-02 07:01:04+00:00
PLV4oS06_Kpqahle46bX_iDjupUZLUDIad,1Hgmt97AkBw,2026-05-11,6,2025-11-02 07:04:09+00:00
PLV4oS06_Kpqahle46bX_iDjupUZLUDIad,pHAb6YNGRl4,2026-05-11,7,2025-11-02 07:05:32+00:00
PLV4oS06_Kpqahle46bX_iDjupUZLUDIad,ddB92jjDOVs,2026-05-11,8,2026-01-06 00:47:56+00:00
PLV4oS06_Kpqahle46bX_iDjupUZLUDIad,DebaxM_8EO0,2026-05-11,9,2026-01-06 00:51:18+00:00
PLV4oS06_KpqamcyNZQTeta_OyuILoCavO,8_fVq-UewMc,2026-05-11,0,2025-11-16 09:32:46+00:00
PLV4oS06_KpqamcyNZQTeta_OyuILoCavO,f144Cg6EGxE,2026-05-11,1,2025-11-16 08:58:50+00:00
PLV4oS06_KpqamcyNZQTeta_OyuILoCavO,LXwH60B973Q,2026-05-11,2,2025-11-09 07:01:38+00:00
PLV4oS06_KpqamcyNZQTeta_OyuILoCavO,0i8W5wucIMc,2026-05-11,3,2025-11-08 00:43:35+00:00
PLV4oS06_KpqamcyNZQTeta_OyuILoCavO,rvVwrHtI4gQ,2026-05-11,4,2025-10-31 23:23:30+00:00
PLV4oS06_KpqamcyNZQTeta_OyuILoCavO,y_rVPdd-RNY,2026-05-11,5,2025-10-31 23:08:30+00:00
PLV4oS06_KpqamcyNZQTeta_OyuILoCavO,6rc09OdwHlk,2026-05-11,6,2024-01-28 23:18:41+00:00
PLV4oS06_KpqamcyNZQTeta_OyuILoCavO,Q6vUPD3f4bs,2026-05-11,7,2023-12-13 20:00:23+00:00
PLV4oS06_KpqamcyNZQTeta_OyuILoCavO,kJzw5JPC6AI,2026-05-11,8,2023-12-13 01:48:40+00:00
PLV4oS06_KpqaqyS9x6h5ys3REiUfUDOgy,XHnA-a5rivU,2026-05-11,0,2026-01-11 22:39:37+00:00
PLV4oS06_KpqaqyS9x6h5ys3REiUfUDOgy,Cz9osSyqYXI,2026-05-11,1,2026-01-11 22:39:37+00:00
PLV4oS06_KpqaqyS9x6h5ys3REiUfUDOgy,GgunOaMm_-g,2026-05-11,2,2026-01-11 22:39:37+00:00
PLV4oS06_KpqaqyS9x6h5ys3REiUfUDOgy,thQUAzH5d2o,2026-05-11,3,2026-01-11 22:39:37+00:00
PLV4oS06_KpqaqyS9x6h5ys3REiUfUDOgy,M4Q186h3zHA,2026-05-11,4,2026-01-11 22:39:37+00:00
PLV4oS06_Kpqawr6ifquiC0M_Hg2onwtJ5,mqLksU5um3Q,2026-05-11,0,2022-12-08 10:05:35+00:00
PLV4oS06_Kpqawr6ifquiC0M_Hg2onwtJ5,jRm_0dohWB4,2026-05-11,1,2023-07-28 16:18:43+00:00
PLV4oS06_Kpqawr6ifquiC0M_Hg2onwtJ5,4XgvRRtSUdg,2026-05-11,2,2023-07-29 15:23:19+00:00
PLV4oS06_Kpqawr6ifquiC0M_Hg2onwtJ5,lcOQNnj3lwQ,2026-05-11,3,2024-05-17 13:29:12+00:00
PLV4oS06_KpqbnahoXdN-A8Ql9zVblYUJl,mj_b9_nxJfw,2026-05-11,0,2025-09-01 08:50:36+00:00
PLV4oS06_KpqbnahoXdN-A8Ql9zVblYUJl,LDp0JP4L6YY,2026-05-11,1,2025-08-12 06:40:37+00:00
PLV4oS06_KpqbnahoXdN-A8Ql9zVblYUJl,X6JyQKV5d0E,2026-05-11,2,2025-08-12 10:15:47+00:00
PLV4oS06_KpqbnahoXdN-A8Ql9zVblYUJl,aLp96mNnYA8,2026-05-11,3,2025-08-12 10:21:59+00:00
PLV4oS06_KpqbnahoXdN-A8Ql9zVblYUJl,v1lKqeiQFTI,2026-05-11,4,2025-08-14 06:20:44+00:00
PLV4oS06_KpqbnahoXdN-A8Ql9zVblYUJl,PIOYkiA1qBw,2026-05-11,5,2025-08-14 06:24:19+00:00
PLV4oS06_KpqbnahoXdN-A8Ql9zVblYUJl,CHz9g2LGYlo,2026-05-11,6,2025-08-14 06:32:16+00:00
PLV4oS06_KpqbnahoXdN-A8Ql9zVblYUJl,YnFvHoWdvzs,2026-05-11,7,2025-08-14 06:36:01+00:00
PLV4oS06_KpqbnahoXdN-A8Ql9zVblYUJl,TGfUG__aOhw,2026-05-11,8,2025-08-14 07:58:08+00:00
PLV4oS06_KpqbnahoXdN-A8Ql9zVblYUJl,m_WT3mJ0J9E,2026-05-11,9,2025-08-14 07:59:27+00:00
PLV4oS06_KpqbnahoXdN-A8Ql9zVblYUJl,K2jlyUL3zK8,2026-05-11,10,2025-08-15 04:59:49+00:00
PLV4oS06_KpqbnahoXdN-A8Ql9zVblYUJl,uN-yP7FwIN4,2026-05-11,11,2025-08-15 05:02:52+00:00
PLV4oS06_KpqbnahoXdN-A8Ql9zVblYUJl,BQnwEe6r4Fg,2026-05-11,12,2025-08-15 05:06:05+00:00
PLV4oS06_KpqbnahoXdN-A8Ql9zVblYUJl,OTkdggNWv14,2026-05-11,13,2025-08-15 05:10:50+00:00
PLV4oS06_KpqbnahoXdN-A8Ql9zVblYUJl,VrvnwaTppAE,2026-05-11,14,2025-08-15 05:13:42+00:00
PLV4oS06_KpqbnahoXdN-A8Ql9zVblYUJl,JbwNhXjC16A,2026-05-11,15,2025-08-15 09:17:06+00:00
PLV4oS06_KpqbnahoXdN-A8Ql9zVblYUJl,ue5vLsIijHs,2026-05-11,16,2025-08-15 09:23:28+00:00
PLV4oS06_KpqbnahoXdN-A8Ql9zVblYUJl,zcOZ0IEsXHc,2026-05-11,17,2025-08-15 09:26:28+00:00
PLV4oS06_KpqbnahoXdN-A8Ql9zVblYUJl,_cXvg-XPnUs,2026-05-11,18,2025-08-15 09:32:06+00:00
PLV4oS06_KpqbnahoXdN-A8Ql9zVblYUJl,q0n48c-f4O8,2026-05-11,19,2025-08-15 09:36:21+00:00
PLV4oS06_KpqbnahoXdN-A8Ql9zVblYUJl,CrG-FruGb-k,2026-05-11,20,2025-08-15 09:46:14+00:00
PLV4oS06_KpqbnahoXdN-A8Ql9zVblYUJl,ZWi_B_rqvt4,2026-05-11,21,2025-08-15 09:52:09+00:00
PLV4oS06_KpqbnahoXdN-A8Ql9zVblYUJl,tIxrQnDwvx4,2026-05-11,22,2025-08-15 09:54:34+00:00
PLV4oS06_KpqbnahoXdN-A8Ql9zVblYUJl,NQpnc4YfuQo,2026-05-11,23,2025-08-15 09:58:19+00:00
PLV4oS06_KpqbnahoXdN-A8Ql9zVblYUJl,vBRiaP5NgVw,2026-05-11,24,2025-08-16 07:15:30+00:00
PLV4oS06_KpqbnahoXdN-A8Ql9zVblYUJl,t4eZfB4XTHg,2026-05-11,25,2025-08-16 07:18:01+00:00
PLV4oS06_KpqbnahoXdN-A8Ql9zVblYUJl,Dc98c6LPQQE,2026-05-11,26,2025-08-16 07:21:24+00:00
PLV4oS06_KpqbnahoXdN-A8Ql9zVblYUJl,YDElIJ6jMrw,2026-05-11,27,2025-08-16 07:23:05+00:00
PLV4oS06_KpqbnahoXdN-A8Ql9zVblYUJl,Lox4HlSibXo,2026-05-11,28,2025-08-16 07:25:45+00:00
PLV4oS06_KpqbnahoXdN-A8Ql9zVblYUJl,Q275enpY7bY,2026-05-11,29,2025-08-16 07:27:54+00:00
PLV4oS06_KpqbnahoXdN-A8Ql9zVblYUJl,Oswa8OkiQPs,2026-05-11,30,2025-08-16 07:30:14+00:00
PLV4oS06_KpqbnahoXdN-A8Ql9zVblYUJl,U92pTqhzxoQ,2026-05-11,31,2025-08-16 07:32:28+00:00
PLV4oS06_KpqbnahoXdN-A8Ql9zVblYUJl,vJXvL5i4OQY,2026-05-11,32,2025-08-16 07:35:33+00:00
PLV4oS06_KpqbnahoXdN-A8Ql9zVblYUJl,eVL3dw9BfPc,2026-05-11,33,2025-08-16 07:38:44+00:00
PLV4oS06_KpqbnahoXdN-A8Ql9zVblYUJl,THxGW9huLRg,2026-05-11,34,2025-08-16 07:40:35+00:00
PLV4oS06_KpqbnahoXdN-A8Ql9zVblYUJl,nAYXMoOpNsM,2026-05-11,35,2025-08-16 07:42:02+00:00
PLV4oS06_KpqbnahoXdN-A8Ql9zVblYUJl,zT66rq7mEu4,2026-05-11,36,2025-08-16 14:18:33+00:00
PLV4oS06_KpqbnahoXdN-A8Ql9zVblYUJl,sV8nczRvPAU,2026-05-11,37,2025-08-16 14:19:42+00:00
PLV4oS06_KpqbnahoXdN-A8Ql9zVblYUJl,kegfG0chZHI,2026-05-11,38,2025-08-16 14:22:21+00:00
PLV4oS06_KpqbnahoXdN-A8Ql9zVblYUJl,5BEWVMsLsBo,2026-05-11,39,2025-08-16 14:24:03+00:00
PLV4oS06_KpqbnahoXdN-A8Ql9zVblYUJl,v1Qnd2Uxcjs,2026-05-11,40,2025-08-16 14:27:58+00:00
PLV4oS06_KpqbnahoXdN-A8Ql9zVblYUJl,yzvzl1LBXm0,2026-05-11,41,2025-08-16 14:29:48+00:00
PLV4oS06_KpqbnahoXdN-A8Ql9zVblYUJl,UlDUQ9G0QHM,2026-05-11,42,2025-08-16 14:31:42+00:00
PLV4oS06_KpqbnahoXdN-A8Ql9zVblYUJl,NVwGmBS-wMw,2026-05-11,43,2025-08-16 14:32:53+00:00
PLV4oS06_KpqbnahoXdN-A8Ql9zVblYUJl,P4--JGi1xH8,2026-05-11,44,2025-08-16 14:35:00+00:00
PLV4oS06_KpqbnahoXdN-A8Ql9zVblYUJl,4aUW0262vu8,2026-05-11,45,2025-08-16 14:37:07+00:00
PLV4oS06_KpqbnahoXdN-A8Ql9zVblYUJl,R7hA1gBrsvQ,2026-05-11,46,2025-08-18 12:08:43+00:00
PLV4oS06_KpqbnahoXdN-A8Ql9zVblYUJl,E_MeMkTfBsk,2026-05-11,47,2025-08-18 12:11:13+00:00
PLV4oS06_KpqbnahoXdN-A8Ql9zVblYUJl,PLGbRoNcVL4,2026-05-11,48,2025-08-18 12:13:25+00:00
PLV4oS06_KpqbnahoXdN-A8Ql9zVblYUJl,6lR81YOeNKs,2026-05-11,49,2025-08-18 12:15:19+00:00
PLV4oS06_KpqbnahoXdN-A8Ql9zVblYUJl,KpjJH-fdImI,2026-05-11,50,2025-09-21 19:18:47+00:00
PLV4oS06_KpqbnahoXdN-A8Ql9zVblYUJl,xJ05Nq48Zq4,2026-05-11,51,2025-09-21 19:24:59+00:00
PLV4oS06_KpqbnahoXdN-A8Ql9zVblYUJl,xic7AMpR4IM,2026-05-11,52,2025-09-21 19:31:07+00:00
PLV4oS06_KpqbnahoXdN-A8Ql9zVblYUJl,DWS8WsB2FgE,2026-05-11,53,2025-09-21 19:34:47+00:00
PLV4oS06_KpqbnahoXdN-A8Ql9zVblYUJl,7kTYy0cJ_EE,2026-05-11,54,2025-09-21 19:37:41+00:00
PLV4oS06_KpqbnahoXdN-A8Ql9zVblYUJl,Zyg3scrypKQ,2026-05-11,55,2025-09-21 19:39:24+00:00
PLV4oS06_KpqbnahoXdN-A8Ql9zVblYUJl,a1nrZ-A7vSg,2026-05-11,56,2025-09-21 19:40:57+00:00
PLV4oS06_KpqY-NCxlYCYMPENL0EUTLNuU,DQlkV2DmA_M,2026-05-04,0,2025-10-07 08:51:06+00:00
PLV4oS06_KpqY-NCxlYCYMPENL0EUTLNuU,MHxjAOrdxCU,2026-05-04,1,2025-10-07 08:55:56+00:00
PLV4oS06_KpqY-NCxlYCYMPENL0EUTLNuU,1eRuwnvwsPo,2026-05-04,2,2025-10-07 08:57:09+00:00
PLV4oS06_KpqY-NCxlYCYMPENL0EUTLNuU,IIT39Xomn94,2026-05-04,3,2025-10-07 09:00:56+00:00
PLV4oS06_KpqY-NCxlYCYMPENL0EUTLNuU,ecJm9JHj18g,2026-05-04,4,2025-10-07 19:53:24+00:00
PLV4oS06_KpqY-NCxlYCYMPENL0EUTLNuU,pLRAticn7NU,2026-05-04,5,2025-10-07 19:55:40+00:00
PLV4oS06_KpqY-NCxlYCYMPENL0EUTLNuU,t3jyABNSOno,2026-05-04,6,2025-10-07 19:56:36+00:00
PLV4oS06_KpqY-NCxlYCYMPENL0EUTLNuU,OzgC7e3Eths,2026-05-04,7,2025-10-07 19:57:33+00:00
PLV4oS06_KpqY-NCxlYCYMPENL0EUTLNuU,njqE2uGyysQ,2026-05-04,8,2025-10-07 19:59:45+00:00
PLV4oS06_KpqY-NCxlYCYMPENL0EUTLNuU,4JmKLgtmMBI,2026-05-04,9,2025-10-07 20:00:43+00:00
PLV4oS06_KpqY5xZ2gZ8u_79cmLrVUsGNe,aoP5EPC9Skw,2026-05-04,0,2025-09-11 08:49:27+00:00
PLV4oS06_KpqY5xZ2gZ8u_79cmLrVUsGNe,VUPm0AxqTho,2026-05-04,1,2025-09-11 08:49:13+00:00
PLV4oS06_KpqY5xZ2gZ8u_79cmLrVUsGNe,Ie-FqoNGqLA,2026-05-04,2,2025-09-11 08:49:56+00:00
PLV4oS06_KpqYMuPNqu6S1GgnyuhMOzBaN,ee-gYMaH1Rk,2026-05-04,0,2023-08-16 07:53:02+00:00
PLV4oS06_KpqYMuPNqu6S1GgnyuhMOzBaN,xsptE33QWNE,2026-05-04,1,2023-08-25 12:21:27+00:00
PLV4oS06_KpqYMuPNqu6S1GgnyuhMOzBaN,7q20ukuXuN8,2026-05-04,2,2024-05-17 13:27:51+00:00
PLV4oS06_KpqYRtYRoQHo_F_KsEjmqcDK7,J0GOADsEp4E,2026-05-04,0,2025-11-16 04:27:46+00:00
PLV4oS06_KpqYRtYRoQHo_F_KsEjmqcDK7,4v5Vv8fsR-g,2026-05-04,1,2025-11-16 04:25:53+00:00
PLV4oS06_KpqYRtYRoQHo_F_KsEjmqcDK7,ffCLLOraLFA,2026-05-04,2,2025-11-16 04:22:33+00:00
PLV4oS06_KpqYRtYRoQHo_F_KsEjmqcDK7,8AMwesfk-DM,2026-05-04,3,2025-11-16 04:21:13+00:00
PLV4oS06_KpqYRtYRoQHo_F_KsEjmqcDK7,HyPyDdUy-Xk,2026-05-04,4,2026-02-10 02:26:42+00:00
PLV4oS06_KpqYRtYRoQHo_F_KsEjmqcDK7,46knscCk2Ic,2026-05-04,5,2026-02-10 02:26:42+00:00
PLV4oS06_KpqYRtYRoQHo_F_KsEjmqcDK7,a4PcaVKyCko,2026-05-04,6,2026-02-10 02:26:42+00:00
PLV4oS06_KpqYRtYRoQHo_F_KsEjmqcDK7,OoG2Z1GdWQQ,2026-05-04,7,2026-02-10 02:26:42+00:00
PLV4oS06_KpqYRtYRoQHo_F_KsEjmqcDK7,7sgJBBtJV3A,2026-05-04,8,2026-02-10 02:26:42+00:00
PLV4oS06_KpqYRtYRoQHo_F_KsEjmqcDK7,NMt3A12yjhg,2026-05-04,9,2026-02-10 02:26:42+00:00
PLV4oS06_KpqYRtYRoQHo_F_KsEjmqcDK7,1-VRjF4aDgk,2026-05-04,10,2026-02-10 02:26:42+00:00
PLV4oS06_KpqYRtYRoQHo_F_KsEjmqcDK7,pqAswnET2XQ,2026-05-04,11,2026-02-10 02:26:42+00:00
PLV4oS06_KpqYRtYRoQHo_F_KsEjmqcDK7,hhX0ynoT_mc,2026-05-04,12,2026-02-10 02:26:42+00:00
PLV4oS06_KpqYRtYRoQHo_F_KsEjmqcDK7,XEdE-i6as6I,2026-05-04,13,2026-02-10 02:26:42+00:00
PLV4oS06_KpqZGwOHo-tsdIiaZts7qaqql,Zj6uiqMvFOU,2026-05-04,0,2026-01-17 20:02:37+00:00
PLV4oS06_KpqZGwOHo-tsdIiaZts7qaqql,RiYjYfMTGvw,2026-05-04,1,2026-01-11 23:05:55+00:00
PLV4oS06_KpqZGwOHo-tsdIiaZts7qaqql,0VmI47XeOuE,2026-05-04,2,2026-01-11 23:05:33+00:00
PLV4oS06_KpqZREyUB473G07o-IsM7n-fi,BUC65TLIGf8,2026-05-04,0,2023-08-14 07:17:54+00:00
PLV4oS06_KpqZREyUB473G07o-IsM7n-fi,o3fMDF3PGhM,2026-05-04,1,2023-08-10 06:48:36+00:00
PLV4oS06_KpqZREyUB473G07o-IsM7n-fi,hipquVDxH70,2026-05-04,2,2023-08-14 04:11:39+00:00
PLV4oS06_KpqZREyUB473G07o-IsM7n-fi,IAjVUpwzMGo,2026-05-04,3,2023-08-11 06:07:02+00:00
PLV4oS06_KpqZREyUB473G07o-IsM7n-fi,pcSv3TjR5ZQ,2026-05-04,4,2023-08-14 08:51:24+00:00
PLV4oS06_KpqZREyUB473G07o-IsM7n-fi,eO7e64yu3Kk,2026-05-04,5,2023-08-17 08:34:55+00:00
PLV4oS06_KpqZREyUB473G07o-IsM7n-fi,qr6ATPTgl20,2026-05-04,6,2023-08-19 10:15:24+00:00
PLV4oS06_KpqZREyUB473G07o-IsM7n-fi,2s7evXo3BkI,2026-05-04,7,2023-08-21 11:07:18+00:00
PLV4oS06_KpqZREyUB473G07o-IsM7n-fi,_ofTsPs9mT8,2026-05-04,8,2023-08-22 09:52:11+00:00
PLV4oS06_KpqZREyUB473G07o-IsM7n-fi,G0pKbjeeTMs,2026-05-04,9,2023-08-27 11:54:32+00:00
PLV4oS06_KpqZREyUB473G07o-IsM7n-fi,ci1hFXvOMjw,2026-05-04,10,2023-08-23 04:22:12+00:00
PLV4oS06_KpqZREyUB473G07o-IsM7n-fi,PGZNyTVcZbI,2026-05-04,11,2023-08-24 10:07:33+00:00
PLV4oS06_KpqZREyUB473G07o-IsM7n-fi,IQPxO_NmSJk,2026-05-04,12,2023-09-10 06:00:03+00:00
PLV4oS06_KpqZREyUB473G07o-IsM7n-fi,bOvsWX2Mgmg,2026-05-04,13,2023-09-11 05:20:23+00:00
PLV4oS06_KpqZREyUB473G07o-IsM7n-fi,Im9z2T57eEw,2026-05-04,14,2023-09-12 06:21:38+00:00
PLV4oS06_KpqZREyUB473G07o-IsM7n-fi,HvXbln87KY0,2026-05-04,15,2023-09-14 09:59:13+00:00
PLV4oS06_KpqZREyUB473G07o-IsM7n-fi,1OxYQbmdW-Y,2026-05-04,16,2023-09-14 09:52:30+00:00
PLV4oS06_KpqZo5tENEyKr-Ha1wR4DZuHM,qytf-g55XFE,2026-05-04,0,2025-11-13 13:30:52+00:00
PLV4oS06_KpqZo5tENEyKr-Ha1wR4DZuHM,Q3olnvgueTQ,2026-05-04,1,2025-11-13 13:29:22+00:00
PLV4oS06_KpqZo5tENEyKr-Ha1wR4DZuHM,t8grl_NIYPw,2026-05-04,2,2026-02-10 02:28:39+00:00
PLV4oS06_KpqZo5tENEyKr-Ha1wR4DZuHM,iNyOOzX6lKk,2026-05-04,3,2026-02-10 02:28:52+00:00
PLV4oS06_KpqZo5tENEyKr-Ha1wR4DZuHM,E6-cYClJn3Y,2026-05-04,4,2026-02-10 02:30:30+00:00
PLV4oS06_KpqZo5tENEyKr-Ha1wR4DZuHM,9wkGoWLVjT8,2026-05-04,5,2026-02-10 02:30:15+00:00
PLV4oS06_KpqZo5tENEyKr-Ha1wR4DZuHM,x1FB0zvtgOw,2026-05-04,6,2026-02-10 02:29:11+00:00
PLV4oS06_KpqZo5tENEyKr-Ha1wR4DZuHM,Qc0HiH1iZ8U,2026-05-04,7,2026-02-10 02:29:36+00:00
PLV4oS06_KpqaJurJFbLi3HGrHrlOShc_x,rSYSSOP3h2k,2026-05-04,0,2023-12-23 05:24:09+00:00
PLV4oS06_KpqaJurJFbLi3HGrHrlOShc_x,AARzy2sfqVw,2026-05-04,1,2023-12-23 05:25:25+00:00
PLV4oS06_KpqaJurJFbLi3HGrHrlOShc_x,QueSk8MsubI,2026-05-04,2,2023-12-23 09:05:06+00:00
PLV4oS06_KpqaJurJFbLi3HGrHrlOShc_x,N5qEWgYkGwk,2026-05-04,3,2023-12-24 10:53:07+00:00
PLV4oS06_KpqaJurJFbLi3HGrHrlOShc_x,jJT2Pjgug7s,2026-05-04,4,2023-12-28 08:54:09+00:00
PLV4oS06_KpqaJurJFbLi3HGrHrlOShc_x,7beGTcu4wOY,2026-05-04,5,2023-12-28 09:42:38+00:00
PLV4oS06_KpqaJurJFbLi3HGrHrlOShc_x,YI0_i2mVva0,2026-05-04,6,2025-10-02 00:51:30+00:00
PLV4oS06_KpqaJurJFbLi3HGrHrlOShc_x,AtGVhnK5jRo,2026-05-04,7,2025-10-02 00:51:48+00:00
PLV4oS06_KpqaJurJFbLi3HGrHrlOShc_x,Xnd-Ygs7U3Y,2026-05-04,8,2025-10-02 00:51:59+00:00
PLV4oS06_KpqaJurJFbLi3HGrHrlOShc_x,yiDhqGdxFPs,2026-05-04,9,2025-10-02 00:52:12+00:00
PLV4oS06_KpqaJurJFbLi3HGrHrlOShc_x,W8clxC5S3dU,2026-05-04,10,2025-10-02 00:52:24+00:00
PLV4oS06_KpqaJurJFbLi3HGrHrlOShc_x,9xx1KaBQxVQ,2026-05-04,11,2025-10-02 00:52:35+00:00
PLV4oS06_KpqacM_CdWLJq4SttTNfszK0Q,2W7sPgGlNqo,2026-05-04,0,2023-08-26 11:06:21+00:00
PLV4oS06_KpqacM_CdWLJq4SttTNfszK0Q,-W0cM6L62s8,2026-05-04,1,2023-08-26 11:06:34+00:00
PLV4oS06_KpqacM_CdWLJq4SttTNfszK0Q,EVkg5zFPcMs,2026-05-04,2,2023-08-26 14:43:30+00:00
PLV4oS06_KpqacM_CdWLJq4SttTNfszK0Q,1ISPibwIVQA,2026-05-04,3,2024-07-07 16:54:14+00:00
PLV4oS06_Kpqahle46bX_iDjupUZLUDIad,Z4Fo5F_mLuU,2026-05-04,0,2025-10-19 16:33:20+00:00
PLV4oS06_Kpqahle46bX_iDjupUZLUDIad,dbYadcZ2uOU,2026-05-04,1,2025-10-19 16:33:23+00:00
PLV4oS06_Kpqahle46bX_iDjupUZLUDIad,N-7O94hPplU,2026-05-04,2,2025-10-19 16:33:28+00:00
PLV4oS06_Kpqahle46bX_iDjupUZLUDIad,i6Cfsd0CP2g,2026-05-04,3,2025-10-19 16:33:30+00:00
PLV4oS06_Kpqahle46bX_iDjupUZLUDIad,Q7BvnpCsUAU,2026-05-04,4,2025-10-19 16:33:34+00:00
PLV4oS06_Kpqahle46bX_iDjupUZLUDIad,zToHhAif9Gw,2026-05-04,5,2025-11-02 07:01:04+00:00
PLV4oS06_Kpqahle46bX_iDjupUZLUDIad,1Hgmt97AkBw,2026-05-04,6,2025-11-02 07:04:09+00:00
PLV4oS06_Kpqahle46bX_iDjupUZLUDIad,pHAb6YNGRl4,2026-05-04,7,2025-11-02 07:05:32+00:00
PLV4oS06_Kpqahle46bX_iDjupUZLUDIad,ddB92jjDOVs,2026-05-04,8,2026-01-06 00:47:56+00:00
PLV4oS06_Kpqahle46bX_iDjupUZLUDIad,DebaxM_8EO0,2026-05-04,9,2026-01-06 00:51:18+00:00
PLV4oS06_KpqamcyNZQTeta_OyuILoCavO,8_fVq-UewMc,2026-05-04,0,2025-11-16 09:32:46+00:00
PLV4oS06_KpqamcyNZQTeta_OyuILoCavO,f144Cg6EGxE,2026-05-04,1,2025-11-16 08:58:50+00:00
PLV4oS06_KpqamcyNZQTeta_OyuILoCavO,LXwH60B973Q,2026-05-04,2,2025-11-09 07:01:38+00:00
PLV4oS06_KpqamcyNZQTeta_OyuILoCavO,0i8W5wucIMc,2026-05-04,3,2025-11-08 00:43:35+00:00
PLV4oS06_KpqamcyNZQTeta_OyuILoCavO,rvVwrHtI4gQ,2026-05-04,4,2025-10-31 23:23:30+00:00
PLV4oS06_KpqamcyNZQTeta_OyuILoCavO,y_rVPdd-RNY,2026-05-04,5,2025-10-31 23:08:30+00:00
PLV4oS06_KpqamcyNZQTeta_OyuILoCavO,6rc09OdwHlk,2026-05-04,6,2024-01-28 23:18:41+00:00
PLV4oS06_KpqamcyNZQTeta_OyuILoCavO,Q6vUPD3f4bs,2026-05-04,7,2023-12-13 20:00:23+00:00
PLV4oS06_KpqamcyNZQTeta_OyuILoCavO,kJzw5JPC6AI,2026-05-04,8,2023-12-13 01:48:40+00:00
PLV4oS06_KpqaqyS9x6h5ys3REiUfUDOgy,XHnA-a5rivU,2026-05-04,0,2026-01-11 22:39:37+00:00
PLV4oS06_KpqaqyS9x6h5ys3REiUfUDOgy,Cz9osSyqYXI,2026-05-04,1,2026-01-11 22:39:37+00:00
PLV4oS06_KpqaqyS9x6h5ys3REiUfUDOgy,GgunOaMm_-g,2026-05-04,2,2026-01-11 22:39:37+00:00
PLV4oS06_KpqaqyS9x6h5ys3REiUfUDOgy,thQUAzH5d2o,2026-05-04,3,2026-01-11 22:39:37+00:00
PLV4oS06_KpqaqyS9x6h5ys3REiUfUDOgy,M4Q186h3zHA,2026-05-04,4,2026-01-11 22:39:37+00:00
PLV4oS06_Kpqawr6ifquiC0M_Hg2onwtJ5,mqLksU5um3Q,2026-05-04,0,2022-12-08 10:05:35+00:00
PLV4oS06_Kpqawr6ifquiC0M_Hg2onwtJ5,jRm_0dohWB4,2026-05-04,1,2023-07-28 16:18:43+00:00
PLV4oS06_Kpqawr6ifquiC0M_Hg2onwtJ5,4XgvRRtSUdg,2026-05-04,2,2023-07-29 15:23:19+00:00
PLV4oS06_Kpqawr6ifquiC0M_Hg2onwtJ5,lcOQNnj3lwQ,2026-05-04,3,2024-05-17 13:29:12+00:00
PLV4oS06_KpqbhnVieDd19KJczH_BlBArN,GLJffh1QDM4,2026-05-04,0,2026-01-11 10:11:03+00:00
PLV4oS06_KpqbhnVieDd19KJczH_BlBArN,dnLOQnSM8W8,2026-05-04,1,2026-01-11 10:11:18+00:00
PLV4oS06_KpqbhnVieDd19KJczH_BlBArN,Gcigj916zyE,2026-05-04,2,2026-01-11 10:11:46+00:00
PLV4oS06_KpqbhnVieDd19KJczH_BlBArN,xB4ecIksJSY,2026-05-04,3,2026-01-24 11:58:21+00:00
PLV4oS06_KpqbnahoXdN-A8Ql9zVblYUJl,mj_b9_nxJfw,2026-05-04,0,2025-09-01 08:50:36+00:00
PLV4oS06_KpqbnahoXdN-A8Ql9zVblYUJl,LDp0JP4L6YY,2026-05-04,1,2025-08-12 06:40:37+00:00
PLV4oS06_KpqbnahoXdN-A8Ql9zVblYUJl,X6JyQKV5d0E,2026-05-04,2,2025-08-12 10:15:47+00:00
PLV4oS06_KpqbnahoXdN-A8Ql9zVblYUJl,aLp96mNnYA8,2026-05-04,3,2025-08-12 10:21:59+00:00
PLV4oS06_KpqbnahoXdN-A8Ql9zVblYUJl,v1lKqeiQFTI,2026-05-04,4,2025-08-14 06:20:44+00:00
PLV4oS06_KpqbnahoXdN-A8Ql9zVblYUJl,PIOYkiA1qBw,2026-05-04,5,2025-08-14 06:24:19+00:00
PLV4oS06_KpqbnahoXdN-A8Ql9zVblYUJl,CHz9g2LGYlo,2026-05-04,6,2025-08-14 06:32:16+00:00
PLV4oS06_KpqbnahoXdN-A8Ql9zVblYUJl,YnFvHoWdvzs,2026-05-04,7,2025-08-14 06:36:01+00:00
PLV4oS06_KpqbnahoXdN-A8Ql9zVblYUJl,TGfUG__aOhw,2026-05-04,8,2025-08-14 07:58:08+00:00
PLV4oS06_KpqbnahoXdN-A8Ql9zVblYUJl,m_WT3mJ0J9E,2026-05-04,9,2025-08-14 07:59:27+00:00
PLV4oS06_KpqbnahoXdN-A8Ql9zVblYUJl,K2jlyUL3zK8,2026-05-04,10,2025-08-15 04:59:49+00:00
PLV4oS06_KpqbnahoXdN-A8Ql9zVblYUJl,uN-yP7FwIN4,2026-05-04,11,2025-08-15 05:02:52+00:00
PLV4oS06_KpqbnahoXdN-A8Ql9zVblYUJl,BQnwEe6r4Fg,2026-05-04,12,2025-08-15 05:06:05+00:00
PLV4oS06_KpqbnahoXdN-A8Ql9zVblYUJl,OTkdggNWv14,2026-05-04,13,2025-08-15 05:10:50+00:00
PLV4oS06_KpqbnahoXdN-A8Ql9zVblYUJl,VrvnwaTppAE,2026-05-04,14,2025-08-15 05:13:42+00:00
PLV4oS06_KpqbnahoXdN-A8Ql9zVblYUJl,JbwNhXjC16A,2026-05-04,15,2025-08-15 09:17:06+00:00
PLV4oS06_KpqbnahoXdN-A8Ql9zVblYUJl,ue5vLsIijHs,2026-05-04,16,2025-08-15 09:23:28+00:00
PLV4oS06_KpqbnahoXdN-A8Ql9zVblYUJl,zcOZ0IEsXHc,2026-05-04,17,2025-08-15 09:26:28+00:00
PLV4oS06_KpqbnahoXdN-A8Ql9zVblYUJl,_cXvg-XPnUs,2026-05-04,18,2025-08-15 09:32:06+00:00
PLV4oS06_KpqbnahoXdN-A8Ql9zVblYUJl,q0n48c-f4O8,2026-05-04,19,2025-08-15 09:36:21+00:00
PLV4oS06_KpqbnahoXdN-A8Ql9zVblYUJl,CrG-FruGb-k,2026-05-04,20,2025-08-15 09:46:14+00:00
PLV4oS06_KpqbnahoXdN-A8Ql9zVblYUJl,ZWi_B_rqvt4,2026-05-04,21,2025-08-15 09:52:09+00:00
PLV4oS06_KpqbnahoXdN-A8Ql9zVblYUJl,tIxrQnDwvx4,2026-05-04,22,2025-08-15 09:54:34+00:00
PLV4oS06_KpqbnahoXdN-A8Ql9zVblYUJl,NQpnc4YfuQo,2026-05-04,23,2025-08-15 09:58:19+00:00
PLV4oS06_KpqbnahoXdN-A8Ql9zVblYUJl,vBRiaP5NgVw,2026-05-04,24,2025-08-16 07:15:30+00:00
PLV4oS06_KpqbnahoXdN-A8Ql9zVblYUJl,t4eZfB4XTHg,2026-05-04,25,2025-08-16 07:18:01+00:00
PLV4oS06_KpqbnahoXdN-A8Ql9zVblYUJl,Dc98c6LPQQE,2026-05-04,26,2025-08-16 07:21:24+00:00
PLV4oS06_KpqbnahoXdN-A8Ql9zVblYUJl,YDElIJ6jMrw,2026-05-04,27,2025-08-16 07:23:05+00:00
PLV4oS06_KpqbnahoXdN-A8Ql9zVblYUJl,Lox4HlSibXo,2026-05-04,28,2025-08-16 07:25:45+00:00
PLV4oS06_KpqbnahoXdN-A8Ql9zVblYUJl,Q275enpY7bY,2026-05-04,29,2025-08-16 07:27:54+00:00
PLV4oS06_KpqbnahoXdN-A8Ql9zVblYUJl,Oswa8OkiQPs,2026-05-04,30,2025-08-16 07:30:14+00:00
PLV4oS06_KpqbnahoXdN-A8Ql9zVblYUJl,U92pTqhzxoQ,2026-05-04,31,2025-08-16 07:32:28+00:00
PLV4oS06_KpqbnahoXdN-A8Ql9zVblYUJl,vJXvL5i4OQY,2026-05-04,32,2025-08-16 07:35:33+00:00
PLV4oS06_KpqbnahoXdN-A8Ql9zVblYUJl,eVL3dw9BfPc,2026-05-04,33,2025-08-16 07:38:44+00:00
PLV4oS06_KpqbnahoXdN-A8Ql9zVblYUJl,THxGW9huLRg,2026-05-04,34,2025-08-16 07:40:35+00:00
PLV4oS06_KpqbnahoXdN-A8Ql9zVblYUJl,nAYXMoOpNsM,2026-05-04,35,2025-08-16 07:42:02+00:00
PLV4oS06_KpqbnahoXdN-A8Ql9zVblYUJl,zT66rq7mEu4,2026-05-04,36,2025-08-16 14:18:33+00:00
PLV4oS06_KpqbnahoXdN-A8Ql9zVblYUJl,sV8nczRvPAU,2026-05-04,37,2025-08-16 14:19:42+00:00
PLV4oS06_KpqbnahoXdN-A8Ql9zVblYUJl,kegfG0chZHI,2026-05-04,38,2025-08-16 14:22:21+00:00
PLV4oS06_KpqbnahoXdN-A8Ql9zVblYUJl,5BEWVMsLsBo,2026-05-04,39,2025-08-16 14:24:03+00:00
PLV4oS06_KpqbnahoXdN-A8Ql9zVblYUJl,v1Qnd2Uxcjs,2026-05-04,40,2025-08-16 14:27:58+00:00
PLV4oS06_KpqbnahoXdN-A8Ql9zVblYUJl,yzvzl1LBXm0,2026-05-04,41,2025-08-16 14:29:48+00:00
PLV4oS06_KpqbnahoXdN-A8Ql9zVblYUJl,UlDUQ9G0QHM,2026-05-04,42,2025-08-16 14:31:42+00:00
PLV4oS06_KpqbnahoXdN-A8Ql9zVblYUJl,NVwGmBS-wMw,2026-05-04,43,2025-08-16 14:32:53+00:00
PLV4oS06_KpqbnahoXdN-A8Ql9zVblYUJl,P4--JGi1xH8,2026-05-04,44,2025-08-16 14:35:00+00:00
PLV4oS06_KpqbnahoXdN-A8Ql9zVblYUJl,4aUW0262vu8,2026-05-04,45,2025-08-16 14:37:07+00:00
PLV4oS06_KpqbnahoXdN-A8Ql9zVblYUJl,R7hA1gBrsvQ,2026-05-04,46,2025-08-18 12:08:43+00:00
PLV4oS06_KpqbnahoXdN-A8Ql9zVblYUJl,E_MeMkTfBsk,2026-05-04,47,2025-08-18 12:11:13+00:00
PLV4oS06_KpqbnahoXdN-A8Ql9zVblYUJl,PLGbRoNcVL4,2026-05-04,48,2025-08-18 12:13:25+00:00
PLV4oS06_KpqbnahoXdN-A8Ql9zVblYUJl,6lR81YOeNKs,2026-05-04,49,2025-08-18 12:15:19+00:00
PLV4oS06_KpqbnahoXdN-A8Ql9zVblYUJl,KpjJH-fdImI,2026-05-04,50,2025-09-21 19:18:47+00:00
PLV4oS06_KpqbnahoXdN-A8Ql9zVblYUJl,xJ05Nq48Zq4,2026-05-04,51,2025-09-21 19:24:59+00:00
PLV4oS06_KpqbnahoXdN-A8Ql9zVblYUJl,xic7AMpR4IM,2026-05-04,52,2025-09-21 19:31:07+00:00
PLV4oS06_KpqbnahoXdN-A8Ql9zVblYUJl,DWS8WsB2FgE,2026-05-04,53,2025-09-21 19:34:47+00:00
PLV4oS06_KpqbnahoXdN-A8Ql9zVblYUJl,7kTYy0cJ_EE,2026-05-04,54,2025-09-21 19:37:41+00:00
PLV4oS06_KpqbnahoXdN-A8Ql9zVblYUJl,Zyg3scrypKQ,2026-05-04,55,2025-09-21 19:39:24+00:00
PLV4oS06_KpqbnahoXdN-A8Ql9zVblYUJl,a1nrZ-A7vSg,2026-05-04,56,2025-09-21 19:40:57+00:00
PLV4oS06_KpqbsY_I8iR4HRvb6w3vXUBIM,7bwkNrRpgw0,2026-05-04,0,2026-01-23 06:51:06+00:00
PLV4oS06_KpqbsY_I8iR4HRvb6w3vXUBIM,HDyKUodeuNw,2026-05-04,1,2026-01-23 06:37:27+00:00
PLV4oS06_KpqY-NCxlYCYMPENL0EUTLNuU,DQlkV2DmA_M,2026-04-27,0,2025-10-07 08:51:06+00:00
PLV4oS06_KpqY-NCxlYCYMPENL0EUTLNuU,MHxjAOrdxCU,2026-04-27,1,2025-10-07 08:55:56+00:00
PLV4oS06_KpqY-NCxlYCYMPENL0EUTLNuU,1eRuwnvwsPo,2026-04-27,2,2025-10-07 08:57:09+00:00
PLV4oS06_KpqY-NCxlYCYMPENL0EUTLNuU,IIT39Xomn94,2026-04-27,3,2025-10-07 09:00:56+00:00
PLV4oS06_KpqY-NCxlYCYMPENL0EUTLNuU,ecJm9JHj18g,2026-04-27,4,2025-10-07 19:53:24+00:00
PLV4oS06_KpqY-NCxlYCYMPENL0EUTLNuU,pLRAticn7NU,2026-04-27,5,2025-10-07 19:55:40+00:00
PLV4oS06_KpqY-NCxlYCYMPENL0EUTLNuU,t3jyABNSOno,2026-04-27,6,2025-10-07 19:56:36+00:00
PLV4oS06_KpqY-NCxlYCYMPENL0EUTLNuU,OzgC7e3Eths,2026-04-27,7,2025-10-07 19:57:33+00:00
PLV4oS06_KpqY-NCxlYCYMPENL0EUTLNuU,njqE2uGyysQ,2026-04-27,8,2025-10-07 19:59:45+00:00
PLV4oS06_KpqY-NCxlYCYMPENL0EUTLNuU,4JmKLgtmMBI,2026-04-27,9,2025-10-07 20:00:43+00:00
PLV4oS06_KpqY5xZ2gZ8u_79cmLrVUsGNe,aoP5EPC9Skw,2026-04-27,0,2025-09-11 08:49:27+00:00
PLV4oS06_KpqY5xZ2gZ8u_79cmLrVUsGNe,VUPm0AxqTho,2026-04-27,1,2025-09-11 08:49:13+00:00
PLV4oS06_KpqY5xZ2gZ8u_79cmLrVUsGNe,Ie-FqoNGqLA,2026-04-27,2,2025-09-11 08:49:56+00:00
PLV4oS06_KpqYMuPNqu6S1GgnyuhMOzBaN,ee-gYMaH1Rk,2026-04-27,0,2023-08-16 07:53:02+00:00
PLV4oS06_KpqYMuPNqu6S1GgnyuhMOzBaN,xsptE33QWNE,2026-04-27,1,2023-08-25 12:21:27+00:00
PLV4oS06_KpqYMuPNqu6S1GgnyuhMOzBaN,7q20ukuXuN8,2026-04-27,2,2024-05-17 13:27:51+00:00
PLV4oS06_KpqYRtYRoQHo_F_KsEjmqcDK7,J0GOADsEp4E,2026-04-27,0,2025-11-16 04:27:46+00:00
PLV4oS06_KpqYRtYRoQHo_F_KsEjmqcDK7,4v5Vv8fsR-g,2026-04-27,1,2025-11-16 04:25:53+00:00
PLV4oS06_KpqYRtYRoQHo_F_KsEjmqcDK7,ffCLLOraLFA,2026-04-27,2,2025-11-16 04:22:33+00:00
PLV4oS06_KpqYRtYRoQHo_F_KsEjmqcDK7,8AMwesfk-DM,2026-04-27,3,2025-11-16 04:21:13+00:00
PLV4oS06_KpqYRtYRoQHo_F_KsEjmqcDK7,HyPyDdUy-Xk,2026-04-27,4,2026-02-10 02:26:42+00:00
PLV4oS06_KpqYRtYRoQHo_F_KsEjmqcDK7,46knscCk2Ic,2026-04-27,5,2026-02-10 02:26:42+00:00
PLV4oS06_KpqYRtYRoQHo_F_KsEjmqcDK7,a4PcaVKyCko,2026-04-27,6,2026-02-10 02:26:42+00:00
PLV4oS06_KpqYRtYRoQHo_F_KsEjmqcDK7,OoG2Z1GdWQQ,2026-04-27,7,2026-02-10 02:26:42+00:00
PLV4oS06_KpqYRtYRoQHo_F_KsEjmqcDK7,7sgJBBtJV3A,2026-04-27,8,2026-02-10 02:26:42+00:00
PLV4oS06_KpqYRtYRoQHo_F_KsEjmqcDK7,NMt3A12yjhg,2026-04-27,9,2026-02-10 02:26:42+00:00
PLV4oS06_KpqYRtYRoQHo_F_KsEjmqcDK7,1-VRjF4aDgk,2026-04-27,10,2026-02-10 02:26:42+00:00
PLV4oS06_KpqYRtYRoQHo_F_KsEjmqcDK7,pqAswnET2XQ,2026-04-27,11,2026-02-10 02:26:42+00:00
PLV4oS06_KpqYRtYRoQHo_F_KsEjmqcDK7,hhX0ynoT_mc,2026-04-27,12,2026-02-10 02:26:42+00:00
PLV4oS06_KpqYRtYRoQHo_F_KsEjmqcDK7,XEdE-i6as6I,2026-04-27,13,2026-02-10 02:26:42+00:00
PLV4oS06_KpqZGwOHo-tsdIiaZts7qaqql,Zj6uiqMvFOU,2026-04-27,0,2026-01-17 20:02:37+00:00
PLV4oS06_KpqZGwOHo-tsdIiaZts7qaqql,RiYjYfMTGvw,2026-04-27,1,2026-01-11 23:05:55+00:00
PLV4oS06_KpqZGwOHo-tsdIiaZts7qaqql,0VmI47XeOuE,2026-04-27,2,2026-01-11 23:05:33+00:00
PLV4oS06_KpqZREyUB473G07o-IsM7n-fi,BUC65TLIGf8,2026-04-27,0,2023-08-14 07:17:54+00:00
PLV4oS06_KpqZREyUB473G07o-IsM7n-fi,o3fMDF3PGhM,2026-04-27,1,2023-08-10 06:48:36+00:00
PLV4oS06_KpqZREyUB473G07o-IsM7n-fi,hipquVDxH70,2026-04-27,2,2023-08-14 04:11:39+00:00
PLV4oS06_KpqZREyUB473G07o-IsM7n-fi,IAjVUpwzMGo,2026-04-27,3,2023-08-11 06:07:02+00:00
PLV4oS06_KpqZREyUB473G07o-IsM7n-fi,pcSv3TjR5ZQ,2026-04-27,4,2023-08-14 08:51:24+00:00
PLV4oS06_KpqZREyUB473G07o-IsM7n-fi,eO7e64yu3Kk,2026-04-27,5,2023-08-17 08:34:55+00:00
PLV4oS06_KpqZREyUB473G07o-IsM7n-fi,qr6ATPTgl20,2026-04-27,6,2023-08-19 10:15:24+00:00
PLV4oS06_KpqZREyUB473G07o-IsM7n-fi,2s7evXo3BkI,2026-04-27,7,2023-08-21 11:07:18+00:00
PLV4oS06_KpqZREyUB473G07o-IsM7n-fi,_ofTsPs9mT8,2026-04-27,8,2023-08-22 09:52:11+00:00
PLV4oS06_KpqZREyUB473G07o-IsM7n-fi,G0pKbjeeTMs,2026-04-27,9,2023-08-27 11:54:32+00:00
PLV4oS06_KpqZREyUB473G07o-IsM7n-fi,ci1hFXvOMjw,2026-04-27,10,2023-08-23 04:22:12+00:00
PLV4oS06_KpqZREyUB473G07o-IsM7n-fi,PGZNyTVcZbI,2026-04-27,11,2023-08-24 10:07:33+00:00
PLV4oS06_KpqZREyUB473G07o-IsM7n-fi,IQPxO_NmSJk,2026-04-27,12,2023-09-10 06:00:03+00:00
PLV4oS06_KpqZREyUB473G07o-IsM7n-fi,bOvsWX2Mgmg,2026-04-27,13,2023-09-11 05:20:23+00:00
PLV4oS06_KpqZREyUB473G07o-IsM7n-fi,Im9z2T57eEw,2026-04-27,14,2023-09-12 06:21:38+00:00
PLV4oS06_KpqZREyUB473G07o-IsM7n-fi,HvXbln87KY0,2026-04-27,15,2023-09-14 09:59:13+00:00
PLV4oS06_KpqZREyUB473G07o-IsM7n-fi,1OxYQbmdW-Y,2026-04-27,16,2023-09-14 09:52:30+00:00
PLV4oS06_KpqZo5tENEyKr-Ha1wR4DZuHM,qytf-g55XFE,2026-04-27,0,2025-11-13 13:30:52+00:00
PLV4oS06_KpqZo5tENEyKr-Ha1wR4DZuHM,Q3olnvgueTQ,2026-04-27,1,2025-11-13 13:29:22+00:00
PLV4oS06_KpqZo5tENEyKr-Ha1wR4DZuHM,t8grl_NIYPw,2026-04-27,2,2026-02-10 02:28:39+00:00
PLV4oS06_KpqZo5tENEyKr-Ha1wR4DZuHM,iNyOOzX6lKk,2026-04-27,3,2026-02-10 02:28:52+00:00
PLV4oS06_KpqZo5tENEyKr-Ha1wR4DZuHM,E6-cYClJn3Y,2026-04-27,4,2026-02-10 02:30:30+00:00
PLV4oS06_KpqZo5tENEyKr-Ha1wR4DZuHM,9wkGoWLVjT8,2026-04-27,5,2026-02-10 02:30:15+00:00
PLV4oS06_KpqZo5tENEyKr-Ha1wR4DZuHM,x1FB0zvtgOw,2026-04-27,6,2026-02-10 02:29:11+00:00
PLV4oS06_KpqZo5tENEyKr-Ha1wR4DZuHM,Qc0HiH1iZ8U,2026-04-27,7,2026-02-10 02:29:36+00:00
PLV4oS06_KpqaJurJFbLi3HGrHrlOShc_x,rSYSSOP3h2k,2026-04-27,0,2023-12-23 05:24:09+00:00
PLV4oS06_KpqaJurJFbLi3HGrHrlOShc_x,AARzy2sfqVw,2026-04-27,1,2023-12-23 05:25:25+00:00
PLV4oS06_KpqaJurJFbLi3HGrHrlOShc_x,QueSk8MsubI,2026-04-27,2,2023-12-23 09:05:06+00:00
PLV4oS06_KpqaJurJFbLi3HGrHrlOShc_x,N5qEWgYkGwk,2026-04-27,3,2023-12-24 10:53:07+00:00
PLV4oS06_KpqaJurJFbLi3HGrHrlOShc_x,jJT2Pjgug7s,2026-04-27,4,2023-12-28 08:54:09+00:00
PLV4oS06_KpqaJurJFbLi3HGrHrlOShc_x,7beGTcu4wOY,2026-04-27,5,2023-12-28 09:42:38+00:00
PLV4oS06_KpqaJurJFbLi3HGrHrlOShc_x,YI0_i2mVva0,2026-04-27,6,2025-10-02 00:51:30+00:00
PLV4oS06_KpqaJurJFbLi3HGrHrlOShc_x,AtGVhnK5jRo,2026-04-27,7,2025-10-02 00:51:48+00:00
PLV4oS06_KpqaJurJFbLi3HGrHrlOShc_x,Xnd-Ygs7U3Y,2026-04-27,8,2025-10-02 00:51:59+00:00
PLV4oS06_KpqaJurJFbLi3HGrHrlOShc_x,yiDhqGdxFPs,2026-04-27,9,2025-10-02 00:52:12+00:00
PLV4oS06_KpqaJurJFbLi3HGrHrlOShc_x,W8clxC5S3dU,2026-04-27,10,2025-10-02 00:52:24+00:00
PLV4oS06_KpqaJurJFbLi3HGrHrlOShc_x,9xx1KaBQxVQ,2026-04-27,11,2025-10-02 00:52:35+00:00
PLV4oS06_KpqacM_CdWLJq4SttTNfszK0Q,2W7sPgGlNqo,2026-04-27,0,2023-08-26 11:06:21+00:00
PLV4oS06_KpqacM_CdWLJq4SttTNfszK0Q,-W0cM6L62s8,2026-04-27,1,2023-08-26 11:06:34+00:00
PLV4oS06_KpqacM_CdWLJq4SttTNfszK0Q,EVkg5zFPcMs,2026-04-27,2,2023-08-26 14:43:30+00:00
PLV4oS06_KpqacM_CdWLJq4SttTNfszK0Q,1ISPibwIVQA,2026-04-27,3,2024-07-07 16:54:14+00:00
PLV4oS06_Kpqahle46bX_iDjupUZLUDIad,Z4Fo5F_mLuU,2026-04-27,0,2025-10-19 16:33:20+00:00
PLV4oS06_Kpqahle46bX_iDjupUZLUDIad,dbYadcZ2uOU,2026-04-27,1,2025-10-19 16:33:23+00:00
PLV4oS06_Kpqahle46bX_iDjupUZLUDIad,N-7O94hPplU,2026-04-27,2,2025-10-19 16:33:28+00:00
PLV4oS06_Kpqahle46bX_iDjupUZLUDIad,i6Cfsd0CP2g,2026-04-27,3,2025-10-19 16:33:30+00:00
PLV4oS06_Kpqahle46bX_iDjupUZLUDIad,Q7BvnpCsUAU,2026-04-27,4,2025-10-19 16:33:34+00:00
PLV4oS06_Kpqahle46bX_iDjupUZLUDIad,zToHhAif9Gw,2026-04-27,5,2025-11-02 07:01:04+00:00
PLV4oS06_Kpqahle46bX_iDjupUZLUDIad,1Hgmt97AkBw,2026-04-27,6,2025-11-02 07:04:09+00:00
PLV4oS06_Kpqahle46bX_iDjupUZLUDIad,pHAb6YNGRl4,2026-04-27,7,2025-11-02 07:05:32+00:00
PLV4oS06_Kpqahle46bX_iDjupUZLUDIad,ddB92jjDOVs,2026-04-27,8,2026-01-06 00:47:56+00:00
PLV4oS06_Kpqahle46bX_iDjupUZLUDIad,DebaxM_8EO0,2026-04-27,9,2026-01-06 00:51:18+00:00
PLV4oS06_KpqamcyNZQTeta_OyuILoCavO,8_fVq-UewMc,2026-04-27,0,2025-11-16 09:32:46+00:00
PLV4oS06_KpqamcyNZQTeta_OyuILoCavO,f144Cg6EGxE,2026-04-27,1,2025-11-16 08:58:50+00:00
PLV4oS06_KpqamcyNZQTeta_OyuILoCavO,LXwH60B973Q,2026-04-27,2,2025-11-09 07:01:38+00:00
PLV4oS06_KpqamcyNZQTeta_OyuILoCavO,0i8W5wucIMc,2026-04-27,3,2025-11-08 00:43:35+00:00
PLV4oS06_KpqamcyNZQTeta_OyuILoCavO,rvVwrHtI4gQ,2026-04-27,4,2025-10-31 23:23:30+00:00
PLV4oS06_KpqamcyNZQTeta_OyuILoCavO,y_rVPdd-RNY,2026-04-27,5,2025-10-31 23:08:30+00:00
PLV4oS06_KpqamcyNZQTeta_OyuILoCavO,6rc09OdwHlk,2026-04-27,6,2024-01-28 23:18:41+00:00
PLV4oS06_KpqamcyNZQTeta_OyuILoCavO,Q6vUPD3f4bs,2026-04-27,7,2023-12-13 20:00:23+00:00
PLV4oS06_KpqamcyNZQTeta_OyuILoCavO,kJzw5JPC6AI,2026-04-27,8,2023-12-13 01:48:40+00:00
PLV4oS06_KpqaqyS9x6h5ys3REiUfUDOgy,XHnA-a5rivU,2026-04-27,0,2026-01-11 22:39:37+00:00
PLV4oS06_KpqaqyS9x6h5ys3REiUfUDOgy,Cz9osSyqYXI,2026-04-27,1,2026-01-11 22:39:37+00:00
PLV4oS06_KpqaqyS9x6h5ys3REiUfUDOgy,GgunOaMm_-g,2026-04-27,2,2026-01-11 22:39:37+00:00
PLV4oS06_KpqaqyS9x6h5ys3REiUfUDOgy,thQUAzH5d2o,2026-04-27,3,2026-01-11 22:39:37+00:00
PLV4oS06_KpqaqyS9x6h5ys3REiUfUDOgy,M4Q186h3zHA,2026-04-27,4,2026-01-11 22:39:37+00:00
PLV4oS06_Kpqawr6ifquiC0M_Hg2onwtJ5,mqLksU5um3Q,2026-04-27,0,2022-12-08 10:05:35+00:00
PLV4oS06_Kpqawr6ifquiC0M_Hg2onwtJ5,jRm_0dohWB4,2026-04-27,1,2023-07-28 16:18:43+00:00
PLV4oS06_Kpqawr6ifquiC0M_Hg2onwtJ5,4XgvRRtSUdg,2026-04-27,2,2023-07-29 15:23:19+00:00
PLV4oS06_Kpqawr6ifquiC0M_Hg2onwtJ5,lcOQNnj3lwQ,2026-04-27,3,2024-05-17 13:29:12+00:00
PLV4oS06_KpqbhnVieDd19KJczH_BlBArN,GLJffh1QDM4,2026-04-27,0,2026-01-11 10:11:03+00:00
PLV4oS06_KpqbhnVieDd19KJczH_BlBArN,dnLOQnSM8W8,2026-04-27,1,2026-01-11 10:11:18+00:00
PLV4oS06_KpqbhnVieDd19KJczH_BlBArN,Gcigj916zyE,2026-04-27,2,2026-01-11 10:11:46+00:00
PLV4oS06_KpqbhnVieDd19KJczH_BlBArN,xB4ecIksJSY,2026-04-27,3,2026-01-24 11:58:21+00:00
PLV4oS06_KpqbnahoXdN-A8Ql9zVblYUJl,mj_b9_nxJfw,2026-04-27,0,2025-09-01 08:50:36+00:00
PLV4oS06_KpqbnahoXdN-A8Ql9zVblYUJl,LDp0JP4L6YY,2026-04-27,1,2025-08-12 06:40:37+00:00
PLV4oS06_KpqbnahoXdN-A8Ql9zVblYUJl,X6JyQKV5d0E,2026-04-27,2,2025-08-12 10:15:47+00:00
PLV4oS06_KpqbnahoXdN-A8Ql9zVblYUJl,aLp96mNnYA8,2026-04-27,3,2025-08-12 10:21:59+00:00
PLV4oS06_KpqbnahoXdN-A8Ql9zVblYUJl,v1lKqeiQFTI,2026-04-27,4,2025-08-14 06:20:44+00:00
PLV4oS06_KpqbnahoXdN-A8Ql9zVblYUJl,PIOYkiA1qBw,2026-04-27,5,2025-08-14 06:24:19+00:00
PLV4oS06_KpqbnahoXdN-A8Ql9zVblYUJl,CHz9g2LGYlo,2026-04-27,6,2025-08-14 06:32:16+00:00
PLV4oS06_KpqbnahoXdN-A8Ql9zVblYUJl,YnFvHoWdvzs,2026-04-27,7,2025-08-14 06:36:01+00:00
PLV4oS06_KpqbnahoXdN-A8Ql9zVblYUJl,TGfUG__aOhw,2026-04-27,8,2025-08-14 07:58:08+00:00
PLV4oS06_KpqbnahoXdN-A8Ql9zVblYUJl,m_WT3mJ0J9E,2026-04-27,9,2025-08-14 07:59:27+00:00
PLV4oS06_KpqbnahoXdN-A8Ql9zVblYUJl,K2jlyUL3zK8,2026-04-27,10,2025-08-15 04:59:49+00:00
PLV4oS06_KpqbnahoXdN-A8Ql9zVblYUJl,uN-yP7FwIN4,2026-04-27,11,2025-08-15 05:02:52+00:00
PLV4oS06_KpqbnahoXdN-A8Ql9zVblYUJl,BQnwEe6r4Fg,2026-04-27,12,2025-08-15 05:06:05+00:00
PLV4oS06_KpqbnahoXdN-A8Ql9zVblYUJl,OTkdggNWv14,2026-04-27,13,2025-08-15 05:10:50+00:00
PLV4oS06_KpqbnahoXdN-A8Ql9zVblYUJl,VrvnwaTppAE,2026-04-27,14,2025-08-15 05:13:42+00:00
PLV4oS06_KpqbnahoXdN-A8Ql9zVblYUJl,JbwNhXjC16A,2026-04-27,15,2025-08-15 09:17:06+00:00
PLV4oS06_KpqbnahoXdN-A8Ql9zVblYUJl,ue5vLsIijHs,2026-04-27,16,2025-08-15 09:23:28+00:00
PLV4oS06_KpqbnahoXdN-A8Ql9zVblYUJl,zcOZ0IEsXHc,2026-04-27,17,2025-08-15 09:26:28+00:00
PLV4oS06_KpqbnahoXdN-A8Ql9zVblYUJl,_cXvg-XPnUs,2026-04-27,18,2025-08-15 09:32:06+00:00
PLV4oS06_KpqbnahoXdN-A8Ql9zVblYUJl,q0n48c-f4O8,2026-04-27,19,2025-08-15 09:36:21+00:00
PLV4oS06_KpqbnahoXdN-A8Ql9zVblYUJl,CrG-FruGb-k,2026-04-27,20,2025-08-15 09:46:14+00:00
PLV4oS06_KpqbnahoXdN-A8Ql9zVblYUJl,ZWi_B_rqvt4,2026-04-27,21,2025-08-15 09:52:09+00:00
PLV4oS06_KpqbnahoXdN-A8Ql9zVblYUJl,tIxrQnDwvx4,2026-04-27,22,2025-08-15 09:54:34+00:00
PLV4oS06_KpqbnahoXdN-A8Ql9zVblYUJl,NQpnc4YfuQo,2026-04-27,23,2025-08-15 09:58:19+00:00
PLV4oS06_KpqbnahoXdN-A8Ql9zVblYUJl,vBRiaP5NgVw,2026-04-27,24,2025-08-16 07:15:30+00:00
PLV4oS06_KpqbnahoXdN-A8Ql9zVblYUJl,t4eZfB4XTHg,2026-04-27,25,2025-08-16 07:18:01+00:00
PLV4oS06_KpqbnahoXdN-A8Ql9zVblYUJl,Dc98c6LPQQE,2026-04-27,26,2025-08-16 07:21:24+00:00
PLV4oS06_KpqbnahoXdN-A8Ql9zVblYUJl,YDElIJ6jMrw,2026-04-27,27,2025-08-16 07:23:05+00:00
PLV4oS06_KpqbnahoXdN-A8Ql9zVblYUJl,Lox4HlSibXo,2026-04-27,28,2025-08-16 07:25:45+00:00
PLV4oS06_KpqbnahoXdN-A8Ql9zVblYUJl,Q275enpY7bY,2026-04-27,29,2025-08-16 07:27:54+00:00
PLV4oS06_KpqbnahoXdN-A8Ql9zVblYUJl,Oswa8OkiQPs,2026-04-27,30,2025-08-16 07:30:14+00:00
PLV4oS06_KpqbnahoXdN-A8Ql9zVblYUJl,U92pTqhzxoQ,2026-04-27,31,2025-08-16 07:32:28+00:00
PLV4oS06_KpqbnahoXdN-A8Ql9zVblYUJl,vJXvL5i4OQY,2026-04-27,32,2025-08-16 07:35:33+00:00
PLV4oS06_KpqbnahoXdN-A8Ql9zVblYUJl,eVL3dw9BfPc,2026-04-27,33,2025-08-16 07:38:44+00:00
PLV4oS06_KpqbnahoXdN-A8Ql9zVblYUJl,THxGW9huLRg,2026-04-27,34,2025-08-16 07:40:35+00:00
PLV4oS06_KpqbnahoXdN-A8Ql9zVblYUJl,nAYXMoOpNsM,2026-04-27,35,2025-08-16 07:42:02+00:00
PLV4oS06_KpqbnahoXdN-A8Ql9zVblYUJl,zT66rq7mEu4,2026-04-27,36,2025-08-16 14:18:33+00:00
PLV4oS06_KpqbnahoXdN-A8Ql9zVblYUJl,sV8nczRvPAU,2026-04-27,37,2025-08-16 14:19:42+00:00
PLV4oS06_KpqbnahoXdN-A8Ql9zVblYUJl,kegfG0chZHI,2026-04-27,38,2025-08-16 14:22:21+00:00
PLV4oS06_KpqbnahoXdN-A8Ql9zVblYUJl,5BEWVMsLsBo,2026-04-27,39,2025-08-16 14:24:03+00:00
PLV4oS06_KpqbnahoXdN-A8Ql9zVblYUJl,v1Qnd2Uxcjs,2026-04-27,40,2025-08-16 14:27:58+00:00
PLV4oS06_KpqbnahoXdN-A8Ql9zVblYUJl,yzvzl1LBXm0,2026-04-27,41,2025-08-16 14:29:48+00:00
PLV4oS06_KpqbnahoXdN-A8Ql9zVblYUJl,UlDUQ9G0QHM,2026-04-27,42,2025-08-16 14:31:42+00:00
PLV4oS06_KpqbnahoXdN-A8Ql9zVblYUJl,NVwGmBS-wMw,2026-04-27,43,2025-08-16 14:32:53+00:00
PLV4oS06_KpqbnahoXdN-A8Ql9zVblYUJl,P4--JGi1xH8,2026-04-27,44,2025-08-16 14:35:00+00:00
PLV4oS06_KpqbnahoXdN-A8Ql9zVblYUJl,4aUW0262vu8,2026-04-27,45,2025-08-16 14:37:07+00:00
PLV4oS06_KpqbnahoXdN-A8Ql9zVblYUJl,R7hA1gBrsvQ,2026-04-27,46,2025-08-18 12:08:43+00:00
PLV4oS06_KpqbnahoXdN-A8Ql9zVblYUJl,E_MeMkTfBsk,2026-04-27,47,2025-08-18 12:11:13+00:00
PLV4oS06_KpqbnahoXdN-A8Ql9zVblYUJl,PLGbRoNcVL4,2026-04-27,48,2025-08-18 12:13:25+00:00
PLV4oS06_KpqbnahoXdN-A8Ql9zVblYUJl,6lR81YOeNKs,2026-04-27,49,2025-08-18 12:15:19+00:00
PLV4oS06_KpqbnahoXdN-A8Ql9zVblYUJl,KpjJH-fdImI,2026-04-27,50,2025-09-21 19:18:47+00:00
PLV4oS06_KpqbnahoXdN-A8Ql9zVblYUJl,xJ05Nq48Zq4,2026-04-27,51,2025-09-21 19:24:59+00:00
PLV4oS06_KpqbnahoXdN-A8Ql9zVblYUJl,xic7AMpR4IM,2026-04-27,52,2025-09-21 19:31:07+00:00
PLV4oS06_KpqbnahoXdN-A8Ql9zVblYUJl,DWS8WsB2FgE,2026-04-27,53,2025-09-21 19:34:47+00:00
PLV4oS06_KpqbnahoXdN-A8Ql9zVblYUJl,7kTYy0cJ_EE,2026-04-27,54,2025-09-21 19:37:41+00:00
PLV4oS06_KpqbnahoXdN-A8Ql9zVblYUJl,Zyg3scrypKQ,2026-04-27,55,2025-09-21 19:39:24+00:00
PLV4oS06_KpqbnahoXdN-A8Ql9zVblYUJl,a1nrZ-A7vSg,2026-04-27,56,2025-09-21 19:40:57+00:00
PLV4oS06_KpqbsY_I8iR4HRvb6w3vXUBIM,7bwkNrRpgw0,2026-04-27,0,2026-01-23 06:51:06+00:00
PLV4oS06_KpqbsY_I8iR4HRvb6w3vXUBIM,HDyKUodeuNw,2026-04-27,1,2026-01-23 06:37:27+00:00
PLV4oS06_KpqY-NCxlYCYMPENL0EUTLNuU,DQlkV2DmA_M,2026-04-20,0,2025-10-07 08:51:06+00:00
PLV4oS06_KpqY-NCxlYCYMPENL0EUTLNuU,MHxjAOrdxCU,2026-04-20,1,2025-10-07 08:55:56+00:00
PLV4oS06_KpqY-NCxlYCYMPENL0EUTLNuU,1eRuwnvwsPo,2026-04-20,2,2025-10-07 08:57:09+00:00
PLV4oS06_KpqY-NCxlYCYMPENL0EUTLNuU,IIT39Xomn94,2026-04-20,3,2025-10-07 09:00:56+00:00
PLV4oS06_KpqY-NCxlYCYMPENL0EUTLNuU,ecJm9JHj18g,2026-04-20,4,2025-10-07 19:53:24+00:00
PLV4oS06_KpqY-NCxlYCYMPENL0EUTLNuU,pLRAticn7NU,2026-04-20,5,2025-10-07 19:55:40+00:00
PLV4oS06_KpqY-NCxlYCYMPENL0EUTLNuU,t3jyABNSOno,2026-04-20,6,2025-10-07 19:56:36+00:00
PLV4oS06_KpqY-NCxlYCYMPENL0EUTLNuU,OzgC7e3Eths,2026-04-20,7,2025-10-07 19:57:33+00:00
PLV4oS06_KpqY-NCxlYCYMPENL0EUTLNuU,njqE2uGyysQ,2026-04-20,8,2025-10-07 19:59:45+00:00
PLV4oS06_KpqY-NCxlYCYMPENL0EUTLNuU,4JmKLgtmMBI,2026-04-20,9,2025-10-07 20:00:43+00:00
PLV4oS06_KpqY5xZ2gZ8u_79cmLrVUsGNe,aoP5EPC9Skw,2026-04-20,0,2025-09-11 08:49:27+00:00
PLV4oS06_KpqY5xZ2gZ8u_79cmLrVUsGNe,VUPm0AxqTho,2026-04-20,1,2025-09-11 08:49:13+00:00
PLV4oS06_KpqY5xZ2gZ8u_79cmLrVUsGNe,Ie-FqoNGqLA,2026-04-20,2,2025-09-11 08:49:56+00:00
PLV4oS06_KpqYMuPNqu6S1GgnyuhMOzBaN,ee-gYMaH1Rk,2026-04-20,0,2023-08-16 07:53:02+00:00
PLV4oS06_KpqYMuPNqu6S1GgnyuhMOzBaN,xsptE33QWNE,2026-04-20,1,2023-08-25 12:21:27+00:00
PLV4oS06_KpqYMuPNqu6S1GgnyuhMOzBaN,7q20ukuXuN8,2026-04-20,2,2024-05-17 13:27:51+00:00
PLV4oS06_KpqYRtYRoQHo_F_KsEjmqcDK7,J0GOADsEp4E,2026-04-20,0,2025-11-16 04:27:46+00:00
PLV4oS06_KpqYRtYRoQHo_F_KsEjmqcDK7,4v5Vv8fsR-g,2026-04-20,1,2025-11-16 04:25:53+00:00
PLV4oS06_KpqYRtYRoQHo_F_KsEjmqcDK7,ffCLLOraLFA,2026-04-20,2,2025-11-16 04:22:33+00:00
PLV4oS06_KpqYRtYRoQHo_F_KsEjmqcDK7,8AMwesfk-DM,2026-04-20,3,2025-11-16 04:21:13+00:00
PLV4oS06_KpqYRtYRoQHo_F_KsEjmqcDK7,HyPyDdUy-Xk,2026-04-20,4,2026-02-10 02:26:42+00:00
PLV4oS06_KpqYRtYRoQHo_F_KsEjmqcDK7,46knscCk2Ic,2026-04-20,5,2026-02-10 02:26:42+00:00
PLV4oS06_KpqYRtYRoQHo_F_KsEjmqcDK7,a4PcaVKyCko,2026-04-20,6,2026-02-10 02:26:42+00:00
PLV4oS06_KpqYRtYRoQHo_F_KsEjmqcDK7,OoG2Z1GdWQQ,2026-04-20,7,2026-02-10 02:26:42+00:00
PLV4oS06_KpqYRtYRoQHo_F_KsEjmqcDK7,7sgJBBtJV3A,2026-04-20,8,2026-02-10 02:26:42+00:00
PLV4oS06_KpqYRtYRoQHo_F_KsEjmqcDK7,NMt3A12yjhg,2026-04-20,9,2026-02-10 02:26:42+00:00
PLV4oS06_KpqYRtYRoQHo_F_KsEjmqcDK7,1-VRjF4aDgk,2026-04-20,10,2026-02-10 02:26:42+00:00
PLV4oS06_KpqYRtYRoQHo_F_KsEjmqcDK7,pqAswnET2XQ,2026-04-20,11,2026-02-10 02:26:42+00:00
PLV4oS06_KpqYRtYRoQHo_F_KsEjmqcDK7,hhX0ynoT_mc,2026-04-20,12,2026-02-10 02:26:42+00:00
PLV4oS06_KpqYRtYRoQHo_F_KsEjmqcDK7,XEdE-i6as6I,2026-04-20,13,2026-02-10 02:26:42+00:00
PLV4oS06_KpqZGwOHo-tsdIiaZts7qaqql,Zj6uiqMvFOU,2026-04-20,0,2026-01-17 20:02:37+00:00
PLV4oS06_KpqZGwOHo-tsdIiaZts7qaqql,RiYjYfMTGvw,2026-04-20,1,2026-01-11 23:05:55+00:00
PLV4oS06_KpqZGwOHo-tsdIiaZts7qaqql,0VmI47XeOuE,2026-04-20,2,2026-01-11 23:05:33+00:00
PLV4oS06_KpqZREyUB473G07o-IsM7n-fi,BUC65TLIGf8,2026-04-20,0,2023-08-14 07:17:54+00:00
PLV4oS06_KpqZREyUB473G07o-IsM7n-fi,o3fMDF3PGhM,2026-04-20,1,2023-08-10 06:48:36+00:00
PLV4oS06_KpqZREyUB473G07o-IsM7n-fi,hipquVDxH70,2026-04-20,2,2023-08-14 04:11:39+00:00
PLV4oS06_KpqZREyUB473G07o-IsM7n-fi,IAjVUpwzMGo,2026-04-20,3,2023-08-11 06:07:02+00:00
PLV4oS06_KpqZREyUB473G07o-IsM7n-fi,pcSv3TjR5ZQ,2026-04-20,4,2023-08-14 08:51:24+00:00
PLV4oS06_KpqZREyUB473G07o-IsM7n-fi,eO7e64yu3Kk,2026-04-20,5,2023-08-17 08:34:55+00:00
PLV4oS06_KpqZREyUB473G07o-IsM7n-fi,qr6ATPTgl20,2026-04-20,6,2023-08-19 10:15:24+00:00
PLV4oS06_KpqZREyUB473G07o-IsM7n-fi,2s7evXo3BkI,2026-04-20,7,2023-08-21 11:07:18+00:00
PLV4oS06_KpqZREyUB473G07o-IsM7n-fi,_ofTsPs9mT8,2026-04-20,8,2023-08-22 09:52:11+00:00
PLV4oS06_KpqZREyUB473G07o-IsM7n-fi,G0pKbjeeTMs,2026-04-20,9,2023-08-27 11:54:32+00:00
PLV4oS06_KpqZREyUB473G07o-IsM7n-fi,ci1hFXvOMjw,2026-04-20,10,2023-08-23 04:22:12+00:00
PLV4oS06_KpqZREyUB473G07o-IsM7n-fi,PGZNyTVcZbI,2026-04-20,11,2023-08-24 10:07:33+00:00
PLV4oS06_KpqZREyUB473G07o-IsM7n-fi,IQPxO_NmSJk,2026-04-20,12,2023-09-10 06:00:03+00:00
PLV4oS06_KpqZREyUB473G07o-IsM7n-fi,bOvsWX2Mgmg,2026-04-20,13,2023-09-11 05:20:23+00:00
PLV4oS06_KpqZREyUB473G07o-IsM7n-fi,Im9z2T57eEw,2026-04-20,14,2023-09-12 06:21:38+00:00
PLV4oS06_KpqZREyUB473G07o-IsM7n-fi,HvXbln87KY0,2026-04-20,15,2023-09-14 09:59:13+00:00
PLV4oS06_KpqZREyUB473G07o-IsM7n-fi,1OxYQbmdW-Y,2026-04-20,16,2023-09-14 09:52:30+00:00
PLV4oS06_KpqZo5tENEyKr-Ha1wR4DZuHM,qytf-g55XFE,2026-04-20,0,2025-11-13 13:30:52+00:00
PLV4oS06_KpqZo5tENEyKr-Ha1wR4DZuHM,Q3olnvgueTQ,2026-04-20,1,2025-11-13 13:29:22+00:00
PLV4oS06_KpqZo5tENEyKr-Ha1wR4DZuHM,t8grl_NIYPw,2026-04-20,2,2026-02-10 02:28:39+00:00
PLV4oS06_KpqZo5tENEyKr-Ha1wR4DZuHM,iNyOOzX6lKk,2026-04-20,3,2026-02-10 02:28:52+00:00
PLV4oS06_KpqZo5tENEyKr-Ha1wR4DZuHM,E6-cYClJn3Y,2026-04-20,4,2026-02-10 02:30:30+00:00
PLV4oS06_KpqZo5tENEyKr-Ha1wR4DZuHM,9wkGoWLVjT8,2026-04-20,5,2026-02-10 02:30:15+00:00
PLV4oS06_KpqZo5tENEyKr-Ha1wR4DZuHM,x1FB0zvtgOw,2026-04-20,6,2026-02-10 02:29:11+00:00
PLV4oS06_KpqZo5tENEyKr-Ha1wR4DZuHM,Qc0HiH1iZ8U,2026-04-20,7,2026-02-10 02:29:36+00:00
PLV4oS06_KpqaJurJFbLi3HGrHrlOShc_x,rSYSSOP3h2k,2026-04-20,0,2023-12-23 05:24:09+00:00
PLV4oS06_KpqaJurJFbLi3HGrHrlOShc_x,AARzy2sfqVw,2026-04-20,1,2023-12-23 05:25:25+00:00
PLV4oS06_KpqaJurJFbLi3HGrHrlOShc_x,QueSk8MsubI,2026-04-20,2,2023-12-23 09:05:06+00:00
PLV4oS06_KpqaJurJFbLi3HGrHrlOShc_x,N5qEWgYkGwk,2026-04-20,3,2023-12-24 10:53:07+00:00
PLV4oS06_KpqaJurJFbLi3HGrHrlOShc_x,jJT2Pjgug7s,2026-04-20,4,2023-12-28 08:54:09+00:00
PLV4oS06_KpqaJurJFbLi3HGrHrlOShc_x,7beGTcu4wOY,2026-04-20,5,2023-12-28 09:42:38+00:00
PLV4oS06_KpqaJurJFbLi3HGrHrlOShc_x,YI0_i2mVva0,2026-04-20,6,2025-10-02 00:51:30+00:00
PLV4oS06_KpqaJurJFbLi3HGrHrlOShc_x,AtGVhnK5jRo,2026-04-20,7,2025-10-02 00:51:48+00:00
PLV4oS06_KpqaJurJFbLi3HGrHrlOShc_x,Xnd-Ygs7U3Y,2026-04-20,8,2025-10-02 00:51:59+00:00
PLV4oS06_KpqaJurJFbLi3HGrHrlOShc_x,yiDhqGdxFPs,2026-04-20,9,2025-10-02 00:52:12+00:00
PLV4oS06_KpqaJurJFbLi3HGrHrlOShc_x,W8clxC5S3dU,2026-04-20,10,2025-10-02 00:52:24+00:00
PLV4oS06_KpqaJurJFbLi3HGrHrlOShc_x,9xx1KaBQxVQ,2026-04-20,11,2025-10-02 00:52:35+00:00
PLV4oS06_KpqacM_CdWLJq4SttTNfszK0Q,2W7sPgGlNqo,2026-04-20,0,2023-08-26 11:06:21+00:00
PLV4oS06_KpqacM_CdWLJq4SttTNfszK0Q,-W0cM6L62s8,2026-04-20,1,2023-08-26 11:06:34+00:00
PLV4oS06_KpqacM_CdWLJq4SttTNfszK0Q,EVkg5zFPcMs,2026-04-20,2,2023-08-26 14:43:30+00:00
PLV4oS06_KpqacM_CdWLJq4SttTNfszK0Q,1ISPibwIVQA,2026-04-20,3,2024-07-07 16:54:14+00:00
PLV4oS06_Kpqahle46bX_iDjupUZLUDIad,Z4Fo5F_mLuU,2026-04-20,0,2025-10-19 16:33:20+00:00
PLV4oS06_Kpqahle46bX_iDjupUZLUDIad,dbYadcZ2uOU,2026-04-20,1,2025-10-19 16:33:23+00:00
PLV4oS06_Kpqahle46bX_iDjupUZLUDIad,N-7O94hPplU,2026-04-20,2,2025-10-19 16:33:28+00:00
PLV4oS06_Kpqahle46bX_iDjupUZLUDIad,i6Cfsd0CP2g,2026-04-20,3,2025-10-19 16:33:30+00:00
PLV4oS06_Kpqahle46bX_iDjupUZLUDIad,Q7BvnpCsUAU,2026-04-20,4,2025-10-19 16:33:34+00:00
PLV4oS06_Kpqahle46bX_iDjupUZLUDIad,zToHhAif9Gw,2026-04-20,5,2025-11-02 07:01:04+00:00
PLV4oS06_Kpqahle46bX_iDjupUZLUDIad,1Hgmt97AkBw,2026-04-20,6,2025-11-02 07:04:09+00:00
PLV4oS06_Kpqahle46bX_iDjupUZLUDIad,pHAb6YNGRl4,2026-04-20,7,2025-11-02 07:05:32+00:00
PLV4oS06_Kpqahle46bX_iDjupUZLUDIad,ddB92jjDOVs,2026-04-20,8,2026-01-06 00:47:56+00:00
PLV4oS06_Kpqahle46bX_iDjupUZLUDIad,DebaxM_8EO0,2026-04-20,9,2026-01-06 00:51:18+00:00
PLV4oS06_KpqamcyNZQTeta_OyuILoCavO,8_fVq-UewMc,2026-04-20,0,2025-11-16 09:32:46+00:00
PLV4oS06_KpqamcyNZQTeta_OyuILoCavO,f144Cg6EGxE,2026-04-20,1,2025-11-16 08:58:50+00:00
PLV4oS06_KpqamcyNZQTeta_OyuILoCavO,LXwH60B973Q,2026-04-20,2,2025-11-09 07:01:38+00:00
PLV4oS06_KpqamcyNZQTeta_OyuILoCavO,0i8W5wucIMc,2026-04-20,3,2025-11-08 00:43:35+00:00
PLV4oS06_KpqamcyNZQTeta_OyuILoCavO,rvVwrHtI4gQ,2026-04-20,4,2025-10-31 23:23:30+00:00
PLV4oS06_KpqamcyNZQTeta_OyuILoCavO,y_rVPdd-RNY,2026-04-20,5,2025-10-31 23:08:30+00:00
PLV4oS06_KpqamcyNZQTeta_OyuILoCavO,6rc09OdwHlk,2026-04-20,6,2024-01-28 23:18:41+00:00
PLV4oS06_KpqamcyNZQTeta_OyuILoCavO,Q6vUPD3f4bs,2026-04-20,7,2023-12-13 20:00:23+00:00
PLV4oS06_KpqamcyNZQTeta_OyuILoCavO,kJzw5JPC6AI,2026-04-20,8,2023-12-13 01:48:40+00:00
PLV4oS06_KpqaqyS9x6h5ys3REiUfUDOgy,XHnA-a5rivU,2026-04-20,0,2026-01-11 22:39:37+00:00
PLV4oS06_KpqaqyS9x6h5ys3REiUfUDOgy,Cz9osSyqYXI,2026-04-20,1,2026-01-11 22:39:37+00:00
PLV4oS06_KpqaqyS9x6h5ys3REiUfUDOgy,GgunOaMm_-g,2026-04-20,2,2026-01-11 22:39:37+00:00
PLV4oS06_KpqaqyS9x6h5ys3REiUfUDOgy,thQUAzH5d2o,2026-04-20,3,2026-01-11 22:39:37+00:00
PLV4oS06_KpqaqyS9x6h5ys3REiUfUDOgy,M4Q186h3zHA,2026-04-20,4,2026-01-11 22:39:37+00:00
PLV4oS06_Kpqawr6ifquiC0M_Hg2onwtJ5,mqLksU5um3Q,2026-04-20,0,2022-12-08 10:05:35+00:00
PLV4oS06_Kpqawr6ifquiC0M_Hg2onwtJ5,jRm_0dohWB4,2026-04-20,1,2023-07-28 16:18:43+00:00
PLV4oS06_Kpqawr6ifquiC0M_Hg2onwtJ5,4XgvRRtSUdg,2026-04-20,2,2023-07-29 15:23:19+00:00
PLV4oS06_Kpqawr6ifquiC0M_Hg2onwtJ5,lcOQNnj3lwQ,2026-04-20,3,2024-05-17 13:29:12+00:00
PLV4oS06_KpqbhnVieDd19KJczH_BlBArN,GLJffh1QDM4,2026-04-20,0,2026-01-11 10:11:03+00:00
PLV4oS06_KpqbhnVieDd19KJczH_BlBArN,dnLOQnSM8W8,2026-04-20,1,2026-01-11 10:11:18+00:00
PLV4oS06_KpqbhnVieDd19KJczH_BlBArN,Gcigj916zyE,2026-04-20,2,2026-01-11 10:11:46+00:00
PLV4oS06_KpqbhnVieDd19KJczH_BlBArN,xB4ecIksJSY,2026-04-20,3,2026-01-24 11:58:21+00:00
PLV4oS06_KpqbnahoXdN-A8Ql9zVblYUJl,mj_b9_nxJfw,2026-04-20,0,2025-09-01 08:50:36+00:00
PLV4oS06_KpqbnahoXdN-A8Ql9zVblYUJl,LDp0JP4L6YY,2026-04-20,1,2025-08-12 06:40:37+00:00
PLV4oS06_KpqbnahoXdN-A8Ql9zVblYUJl,X6JyQKV5d0E,2026-04-20,2,2025-08-12 10:15:47+00:00
PLV4oS06_KpqbnahoXdN-A8Ql9zVblYUJl,aLp96mNnYA8,2026-04-20,3,2025-08-12 10:21:59+00:00
PLV4oS06_KpqbnahoXdN-A8Ql9zVblYUJl,v1lKqeiQFTI,2026-04-20,4,2025-08-14 06:20:44+00:00
PLV4oS06_KpqbnahoXdN-A8Ql9zVblYUJl,PIOYkiA1qBw,2026-04-20,5,2025-08-14 06:24:19+00:00
PLV4oS06_KpqbnahoXdN-A8Ql9zVblYUJl,CHz9g2LGYlo,2026-04-20,6,2025-08-14 06:32:16+00:00
PLV4oS06_KpqbnahoXdN-A8Ql9zVblYUJl,YnFvHoWdvzs,2026-04-20,7,2025-08-14 06:36:01+00:00
PLV4oS06_KpqbnahoXdN-A8Ql9zVblYUJl,TGfUG__aOhw,2026-04-20,8,2025-08-14 07:58:08+00:00
PLV4oS06_KpqbnahoXdN-A8Ql9zVblYUJl,m_WT3mJ0J9E,2026-04-20,9,2025-08-14 07:59:27+00:00
PLV4oS06_KpqbnahoXdN-A8Ql9zVblYUJl,K2jlyUL3zK8,2026-04-20,10,2025-08-15 04:59:49+00:00
PLV4oS06_KpqbnahoXdN-A8Ql9zVblYUJl,uN-yP7FwIN4,2026-04-20,11,2025-08-15 05:02:52+00:00
PLV4oS06_KpqbnahoXdN-A8Ql9zVblYUJl,BQnwEe6r4Fg,2026-04-20,12,2025-08-15 05:06:05+00:00
PLV4oS06_KpqbnahoXdN-A8Ql9zVblYUJl,OTkdggNWv14,2026-04-20,13,2025-08-15 05:10:50+00:00
PLV4oS06_KpqbnahoXdN-A8Ql9zVblYUJl,VrvnwaTppAE,2026-04-20,14,2025-08-15 05:13:42+00:00
PLV4oS06_KpqbnahoXdN-A8Ql9zVblYUJl,JbwNhXjC16A,2026-04-20,15,2025-08-15 09:17:06+00:00
PLV4oS06_KpqbnahoXdN-A8Ql9zVblYUJl,ue5vLsIijHs,2026-04-20,16,2025-08-15 09:23:28+00:00
PLV4oS06_KpqbnahoXdN-A8Ql9zVblYUJl,zcOZ0IEsXHc,2026-04-20,17,2025-08-15 09:26:28+00:00
PLV4oS06_KpqbnahoXdN-A8Ql9zVblYUJl,_cXvg-XPnUs,2026-04-20,18,2025-08-15 09:32:06+00:00
PLV4oS06_KpqbnahoXdN-A8Ql9zVblYUJl,q0n48c-f4O8,2026-04-20,19,2025-08-15 09:36:21+00:00
PLV4oS06_KpqbnahoXdN-A8Ql9zVblYUJl,CrG-FruGb-k,2026-04-20,20,2025-08-15 09:46:14+00:00
PLV4oS06_KpqbnahoXdN-A8Ql9zVblYUJl,ZWi_B_rqvt4,2026-04-20,21,2025-08-15 09:52:09+00:00
PLV4oS06_KpqbnahoXdN-A8Ql9zVblYUJl,tIxrQnDwvx4,2026-04-20,22,2025-08-15 09:54:34+00:00
PLV4oS06_KpqbnahoXdN-A8Ql9zVblYUJl,NQpnc4YfuQo,2026-04-20,23,2025-08-15 09:58:19+00:00
PLV4oS06_KpqbnahoXdN-A8Ql9zVblYUJl,vBRiaP5NgVw,2026-04-20,24,2025-08-16 07:15:30+00:00
PLV4oS06_KpqbnahoXdN-A8Ql9zVblYUJl,t4eZfB4XTHg,2026-04-20,25,2025-08-16 07:18:01+00:00
PLV4oS06_KpqbnahoXdN-A8Ql9zVblYUJl,Dc98c6LPQQE,2026-04-20,26,2025-08-16 07:21:24+00:00
PLV4oS06_KpqbnahoXdN-A8Ql9zVblYUJl,YDElIJ6jMrw,2026-04-20,27,2025-08-16 07:23:05+00:00
PLV4oS06_KpqbnahoXdN-A8Ql9zVblYUJl,Lox4HlSibXo,2026-04-20,28,2025-08-16 07:25:45+00:00
PLV4oS06_KpqbnahoXdN-A8Ql9zVblYUJl,Q275enpY7bY,2026-04-20,29,2025-08-16 07:27:54+00:00
PLV4oS06_KpqbnahoXdN-A8Ql9zVblYUJl,Oswa8OkiQPs,2026-04-20,30,2025-08-16 07:30:14+00:00
PLV4oS06_KpqbnahoXdN-A8Ql9zVblYUJl,U92pTqhzxoQ,2026-04-20,31,2025-08-16 07:32:28+00:00
PLV4oS06_KpqbnahoXdN-A8Ql9zVblYUJl,vJXvL5i4OQY,2026-04-20,32,2025-08-16 07:35:33+00:00
PLV4oS06_KpqbnahoXdN-A8Ql9zVblYUJl,eVL3dw9BfPc,2026-04-20,33,2025-08-16 07:38:44+00:00
PLV4oS06_KpqbnahoXdN-A8Ql9zVblYUJl,THxGW9huLRg,2026-04-20,34,2025-08-16 07:40:35+00:00
PLV4oS06_KpqbnahoXdN-A8Ql9zVblYUJl,nAYXMoOpNsM,2026-04-20,35,2025-08-16 07:42:02+00:00
PLV4oS06_KpqbnahoXdN-A8Ql9zVblYUJl,zT66rq7mEu4,2026-04-20,36,2025-08-16 14:18:33+00:00
PLV4oS06_KpqbnahoXdN-A8Ql9zVblYUJl,sV8nczRvPAU,2026-04-20,37,2025-08-16 14:19:42+00:00
PLV4oS06_KpqbnahoXdN-A8Ql9zVblYUJl,kegfG0chZHI,2026-04-20,38,2025-08-16 14:22:21+00:00
PLV4oS06_KpqbnahoXdN-A8Ql9zVblYUJl,5BEWVMsLsBo,2026-04-20,39,2025-08-16 14:24:03+00:00
PLV4oS06_KpqbnahoXdN-A8Ql9zVblYUJl,v1Qnd2Uxcjs,2026-04-20,40,2025-08-16 14:27:58+00:00
PLV4oS06_KpqbnahoXdN-A8Ql9zVblYUJl,yzvzl1LBXm0,2026-04-20,41,2025-08-16 14:29:48+00:00
PLV4oS06_KpqbnahoXdN-A8Ql9zVblYUJl,UlDUQ9G0QHM,2026-04-20,42,2025-08-16 14:31:42+00:00
PLV4oS06_KpqbnahoXdN-A8Ql9zVblYUJl,NVwGmBS-wMw,2026-04-20,43,2025-08-16 14:32:53+00:00
PLV4oS06_KpqbnahoXdN-A8Ql9zVblYUJl,P4--JGi1xH8,2026-04-20,44,2025-08-16 14:35:00+00:00
PLV4oS06_KpqbnahoXdN-A8Ql9zVblYUJl,4aUW0262vu8,2026-04-20,45,2025-08-16 14:37:07+00:00
PLV4oS06_KpqbnahoXdN-A8Ql9zVblYUJl,R7hA1gBrsvQ,2026-04-20,46,2025-08-18 12:08:43+00:00
PLV4oS06_KpqbnahoXdN-A8Ql9zVblYUJl,E_MeMkTfBsk,2026-04-20,47,2025-08-18 12:11:13+00:00
PLV4oS06_KpqbnahoXdN-A8Ql9zVblYUJl,PLGbRoNcVL4,2026-04-20,48,2025-08-18 12:13:25+00:00
PLV4oS06_KpqbnahoXdN-A8Ql9zVblYUJl,6lR81YOeNKs,2026-04-20,49,2025-08-18 12:15:19+00:00
PLV4oS06_KpqbnahoXdN-A8Ql9zVblYUJl,KpjJH-fdImI,2026-04-20,50,2025-09-21 19:18:47+00:00
PLV4oS06_KpqbnahoXdN-A8Ql9zVblYUJl,xJ05Nq48Zq4,2026-04-20,51,2025-09-21 19:24:59+00:00
PLV4oS06_KpqbnahoXdN-A8Ql9zVblYUJl,xic7AMpR4IM,2026-04-20,52,2025-09-21 19:31:07+00:00
PLV4oS06_KpqbnahoXdN-A8Ql9zVblYUJl,DWS8WsB2FgE,2026-04-20,53,2025-09-21 19:34:47+00:00
PLV4oS06_KpqbnahoXdN-A8Ql9zVblYUJl,7kTYy0cJ_EE,2026-04-20,54,2025-09-21 19:37:41+00:00
PLV4oS06_KpqbnahoXdN-A8Ql9zVblYUJl,Zyg3scrypKQ,2026-04-20,55,2025-09-21 19:39:24+00:00
PLV4oS06_KpqbnahoXdN-A8Ql9zVblYUJl,a1nrZ-A7vSg,2026-04-20,56,2025-09-21 19:40:57+00:00
PLV4oS06_KpqbsY_I8iR4HRvb6w3vXUBIM,7bwkNrRpgw0,2026-04-20,0,2026-01-23 06:51:06+00:00
PLV4oS06_KpqbsY_I8iR4HRvb6w3vXUBIM,HDyKUodeuNw,2026-04-20,1,2026-01-23 06:37:27+00:00
PLV4oS06_KpqY-NCxlYCYMPENL0EUTLNuU,DQlkV2DmA_M,2026-04-13,0,2025-10-07 08:51:06+00:00
PLV4oS06_KpqY-NCxlYCYMPENL0EUTLNuU,MHxjAOrdxCU,2026-04-13,1,2025-10-07 08:55:56+00:00
PLV4oS06_KpqY-NCxlYCYMPENL0EUTLNuU,1eRuwnvwsPo,2026-04-13,2,2025-10-07 08:57:09+00:00
PLV4oS06_KpqY-NCxlYCYMPENL0EUTLNuU,IIT39Xomn94,2026-04-13,3,2025-10-07 09:00:56+00:00
PLV4oS06_KpqY-NCxlYCYMPENL0EUTLNuU,ecJm9JHj18g,2026-04-13,4,2025-10-07 19:53:24+00:00
PLV4oS06_KpqY-NCxlYCYMPENL0EUTLNuU,pLRAticn7NU,2026-04-13,5,2025-10-07 19:55:40+00:00
PLV4oS06_KpqY-NCxlYCYMPENL0EUTLNuU,t3jyABNSOno,2026-04-13,6,2025-10-07 19:56:36+00:00
PLV4oS06_KpqY-NCxlYCYMPENL0EUTLNuU,OzgC7e3Eths,2026-04-13,7,2025-10-07 19:57:33+00:00
PLV4oS06_KpqY-NCxlYCYMPENL0EUTLNuU,njqE2uGyysQ,2026-04-13,8,2025-10-07 19:59:45+00:00
PLV4oS06_KpqY-NCxlYCYMPENL0EUTLNuU,4JmKLgtmMBI,2026-04-13,9,2025-10-07 20:00:43+00:00
PLV4oS06_KpqY5xZ2gZ8u_79cmLrVUsGNe,aoP5EPC9Skw,2026-04-13,0,2025-09-11 08:49:27+00:00
PLV4oS06_KpqY5xZ2gZ8u_79cmLrVUsGNe,VUPm0AxqTho,2026-04-13,1,2025-09-11 08:49:13+00:00
PLV4oS06_KpqY5xZ2gZ8u_79cmLrVUsGNe,Ie-FqoNGqLA,2026-04-13,2,2025-09-11 08:49:56+00:00
PLV4oS06_KpqYMuPNqu6S1GgnyuhMOzBaN,ee-gYMaH1Rk,2026-04-13,0,2023-08-16 07:53:02+00:00
PLV4oS06_KpqYMuPNqu6S1GgnyuhMOzBaN,xsptE33QWNE,2026-04-13,1,2023-08-25 12:21:27+00:00
PLV4oS06_KpqYMuPNqu6S1GgnyuhMOzBaN,7q20ukuXuN8,2026-04-13,2,2024-05-17 13:27:51+00:00
PLV4oS06_KpqYRtYRoQHo_F_KsEjmqcDK7,J0GOADsEp4E,2026-04-13,0,2025-11-16 04:27:46+00:00
PLV4oS06_KpqYRtYRoQHo_F_KsEjmqcDK7,4v5Vv8fsR-g,2026-04-13,1,2025-11-16 04:25:53+00:00
PLV4oS06_KpqYRtYRoQHo_F_KsEjmqcDK7,ffCLLOraLFA,2026-04-13,2,2025-11-16 04:22:33+00:00
PLV4oS06_KpqYRtYRoQHo_F_KsEjmqcDK7,8AMwesfk-DM,2026-04-13,3,2025-11-16 04:21:13+00:00
PLV4oS06_KpqYRtYRoQHo_F_KsEjmqcDK7,HyPyDdUy-Xk,2026-04-13,4,2026-02-10 02:26:42+00:00
PLV4oS06_KpqYRtYRoQHo_F_KsEjmqcDK7,46knscCk2Ic,2026-04-13,5,2026-02-10 02:26:42+00:00
PLV4oS06_KpqYRtYRoQHo_F_KsEjmqcDK7,a4PcaVKyCko,2026-04-13,6,2026-02-10 02:26:42+00:00
PLV4oS06_KpqYRtYRoQHo_F_KsEjmqcDK7,OoG2Z1GdWQQ,2026-04-13,7,2026-02-10 02:26:42+00:00
PLV4oS06_KpqYRtYRoQHo_F_KsEjmqcDK7,7sgJBBtJV3A,2026-04-13,8,2026-02-10 02:26:42+00:00
PLV4oS06_KpqYRtYRoQHo_F_KsEjmqcDK7,NMt3A12yjhg,2026-04-13,9,2026-02-10 02:26:42+00:00
PLV4oS06_KpqYRtYRoQHo_F_KsEjmqcDK7,1-VRjF4aDgk,2026-04-13,10,2026-02-10 02:26:42+00:00
PLV4oS06_KpqYRtYRoQHo_F_KsEjmqcDK7,pqAswnET2XQ,2026-04-13,11,2026-02-10 02:26:42+00:00
PLV4oS06_KpqYRtYRoQHo_F_KsEjmqcDK7,hhX0ynoT_mc,2026-04-13,12,2026-02-10 02:26:42+00:00
PLV4oS06_KpqYRtYRoQHo_F_KsEjmqcDK7,XEdE-i6as6I,2026-04-13,13,2026-02-10 02:26:42+00:00
PLV4oS06_KpqZGwOHo-tsdIiaZts7qaqql,Zj6uiqMvFOU,2026-04-13,0,2026-01-17 20:02:37+00:00
PLV4oS06_KpqZGwOHo-tsdIiaZts7qaqql,RiYjYfMTGvw,2026-04-13,1,2026-01-11 23:05:55+00:00
PLV4oS06_KpqZGwOHo-tsdIiaZts7qaqql,0VmI47XeOuE,2026-04-13,2,2026-01-11 23:05:33+00:00
PLV4oS06_KpqZREyUB473G07o-IsM7n-fi,BUC65TLIGf8,2026-04-13,0,2023-08-14 07:17:54+00:00
PLV4oS06_KpqZREyUB473G07o-IsM7n-fi,o3fMDF3PGhM,2026-04-13,1,2023-08-10 06:48:36+00:00
PLV4oS06_KpqZREyUB473G07o-IsM7n-fi,hipquVDxH70,2026-04-13,2,2023-08-14 04:11:39+00:00
PLV4oS06_KpqZREyUB473G07o-IsM7n-fi,IAjVUpwzMGo,2026-04-13,3,2023-08-11 06:07:02+00:00
PLV4oS06_KpqZREyUB473G07o-IsM7n-fi,pcSv3TjR5ZQ,2026-04-13,4,2023-08-14 08:51:24+00:00
PLV4oS06_KpqZREyUB473G07o-IsM7n-fi,eO7e64yu3Kk,2026-04-13,5,2023-08-17 08:34:55+00:00
PLV4oS06_KpqZREyUB473G07o-IsM7n-fi,qr6ATPTgl20,2026-04-13,6,2023-08-19 10:15:24+00:00
PLV4oS06_KpqZREyUB473G07o-IsM7n-fi,2s7evXo3BkI,2026-04-13,7,2023-08-21 11:07:18+00:00
PLV4oS06_KpqZREyUB473G07o-IsM7n-fi,_ofTsPs9mT8,2026-04-13,8,2023-08-22 09:52:11+00:00
PLV4oS06_KpqZREyUB473G07o-IsM7n-fi,G0pKbjeeTMs,2026-04-13,9,2023-08-27 11:54:32+00:00
PLV4oS06_KpqZREyUB473G07o-IsM7n-fi,ci1hFXvOMjw,2026-04-13,10,2023-08-23 04:22:12+00:00
PLV4oS06_KpqZREyUB473G07o-IsM7n-fi,PGZNyTVcZbI,2026-04-13,11,2023-08-24 10:07:33+00:00
PLV4oS06_KpqZREyUB473G07o-IsM7n-fi,IQPxO_NmSJk,2026-04-13,12,2023-09-10 06:00:03+00:00
PLV4oS06_KpqZREyUB473G07o-IsM7n-fi,bOvsWX2Mgmg,2026-04-13,13,2023-09-11 05:20:23+00:00
PLV4oS06_KpqZREyUB473G07o-IsM7n-fi,Im9z2T57eEw,2026-04-13,14,2023-09-12 06:21:38+00:00
PLV4oS06_KpqZREyUB473G07o-IsM7n-fi,HvXbln87KY0,2026-04-13,15,2023-09-14 09:59:13+00:00
PLV4oS06_KpqZREyUB473G07o-IsM7n-fi,1OxYQbmdW-Y,2026-04-13,16,2023-09-14 09:52:30+00:00
PLV4oS06_KpqZo5tENEyKr-Ha1wR4DZuHM,qytf-g55XFE,2026-04-13,0,2025-11-13 13:30:52+00:00
PLV4oS06_KpqZo5tENEyKr-Ha1wR4DZuHM,Q3olnvgueTQ,2026-04-13,1,2025-11-13 13:29:22+00:00
PLV4oS06_KpqZo5tENEyKr-Ha1wR4DZuHM,t8grl_NIYPw,2026-04-13,2,2026-02-10 02:28:39+00:00
PLV4oS06_KpqZo5tENEyKr-Ha1wR4DZuHM,iNyOOzX6lKk,2026-04-13,3,2026-02-10 02:28:52+00:00
PLV4oS06_KpqZo5tENEyKr-Ha1wR4DZuHM,E6-cYClJn3Y,2026-04-13,4,2026-02-10 02:30:30+00:00
PLV4oS06_KpqZo5tENEyKr-Ha1wR4DZuHM,9wkGoWLVjT8,2026-04-13,5,2026-02-10 02:30:15+00:00
PLV4oS06_KpqZo5tENEyKr-Ha1wR4DZuHM,x1FB0zvtgOw,2026-04-13,6,2026-02-10 02:29:11+00:00
PLV4oS06_KpqZo5tENEyKr-Ha1wR4DZuHM,Qc0HiH1iZ8U,2026-04-13,7,2026-02-10 02:29:36+00:00
PLV4oS06_KpqaJurJFbLi3HGrHrlOShc_x,rSYSSOP3h2k,2026-04-13,0,2023-12-23 05:24:09+00:00
PLV4oS06_KpqaJurJFbLi3HGrHrlOShc_x,AARzy2sfqVw,2026-04-13,1,2023-12-23 05:25:25+00:00
PLV4oS06_KpqaJurJFbLi3HGrHrlOShc_x,QueSk8MsubI,2026-04-13,2,2023-12-23 09:05:06+00:00
PLV4oS06_KpqaJurJFbLi3HGrHrlOShc_x,N5qEWgYkGwk,2026-04-13,3,2023-12-24 10:53:07+00:00
PLV4oS06_KpqaJurJFbLi3HGrHrlOShc_x,jJT2Pjgug7s,2026-04-13,4,2023-12-28 08:54:09+00:00
PLV4oS06_KpqaJurJFbLi3HGrHrlOShc_x,7beGTcu4wOY,2026-04-13,5,2023-12-28 09:42:38+00:00
PLV4oS06_KpqaJurJFbLi3HGrHrlOShc_x,YI0_i2mVva0,2026-04-13,6,2025-10-02 00:51:30+00:00
PLV4oS06_KpqaJurJFbLi3HGrHrlOShc_x,AtGVhnK5jRo,2026-04-13,7,2025-10-02 00:51:48+00:00
PLV4oS06_KpqaJurJFbLi3HGrHrlOShc_x,Xnd-Ygs7U3Y,2026-04-13,8,2025-10-02 00:51:59+00:00
PLV4oS06_KpqaJurJFbLi3HGrHrlOShc_x,yiDhqGdxFPs,2026-04-13,9,2025-10-02 00:52:12+00:00
PLV4oS06_KpqaJurJFbLi3HGrHrlOShc_x,W8clxC5S3dU,2026-04-13,10,2025-10-02 00:52:24+00:00
PLV4oS06_KpqaJurJFbLi3HGrHrlOShc_x,9xx1KaBQxVQ,2026-04-13,11,2025-10-02 00:52:35+00:00
PLV4oS06_KpqacM_CdWLJq4SttTNfszK0Q,2W7sPgGlNqo,2026-04-13,0,2023-08-26 11:06:21+00:00
PLV4oS06_KpqacM_CdWLJq4SttTNfszK0Q,-W0cM6L62s8,2026-04-13,1,2023-08-26 11:06:34+00:00
PLV4oS06_KpqacM_CdWLJq4SttTNfszK0Q,EVkg5zFPcMs,2026-04-13,2,2023-08-26 14:43:30+00:00
PLV4oS06_KpqacM_CdWLJq4SttTNfszK0Q,1ISPibwIVQA,2026-04-13,3,2024-07-07 16:54:14+00:00
PLV4oS06_Kpqahle46bX_iDjupUZLUDIad,Z4Fo5F_mLuU,2026-04-13,0,2025-10-19 16:33:20+00:00
PLV4oS06_Kpqahle46bX_iDjupUZLUDIad,dbYadcZ2uOU,2026-04-13,1,2025-10-19 16:33:23+00:00
PLV4oS06_Kpqahle46bX_iDjupUZLUDIad,N-7O94hPplU,2026-04-13,2,2025-10-19 16:33:28+00:00
PLV4oS06_Kpqahle46bX_iDjupUZLUDIad,i6Cfsd0CP2g,2026-04-13,3,2025-10-19 16:33:30+00:00
PLV4oS06_Kpqahle46bX_iDjupUZLUDIad,Q7BvnpCsUAU,2026-04-13,4,2025-10-19 16:33:34+00:00
PLV4oS06_Kpqahle46bX_iDjupUZLUDIad,zToHhAif9Gw,2026-04-13,5,2025-11-02 07:01:04+00:00
PLV4oS06_Kpqahle46bX_iDjupUZLUDIad,1Hgmt97AkBw,2026-04-13,6,2025-11-02 07:04:09+00:00
PLV4oS06_Kpqahle46bX_iDjupUZLUDIad,pHAb6YNGRl4,2026-04-13,7,2025-11-02 07:05:32+00:00
PLV4oS06_Kpqahle46bX_iDjupUZLUDIad,ddB92jjDOVs,2026-04-13,8,2026-01-06 00:47:56+00:00
PLV4oS06_Kpqahle46bX_iDjupUZLUDIad,DebaxM_8EO0,2026-04-13,9,2026-01-06 00:51:18+00:00
PLV4oS06_KpqamcyNZQTeta_OyuILoCavO,8_fVq-UewMc,2026-04-13,0,2025-11-16 09:32:46+00:00
PLV4oS06_KpqamcyNZQTeta_OyuILoCavO,f144Cg6EGxE,2026-04-13,1,2025-11-16 08:58:50+00:00
PLV4oS06_KpqamcyNZQTeta_OyuILoCavO,LXwH60B973Q,2026-04-13,2,2025-11-09 07:01:38+00:00
PLV4oS06_KpqamcyNZQTeta_OyuILoCavO,0i8W5wucIMc,2026-04-13,3,2025-11-08 00:43:35+00:00
PLV4oS06_KpqamcyNZQTeta_OyuILoCavO,rvVwrHtI4gQ,2026-04-13,4,2025-10-31 23:23:30+00:00
PLV4oS06_KpqamcyNZQTeta_OyuILoCavO,y_rVPdd-RNY,2026-04-13,5,2025-10-31 23:08:30+00:00
PLV4oS06_KpqamcyNZQTeta_OyuILoCavO,6rc09OdwHlk,2026-04-13,6,2024-01-28 23:18:41+00:00
PLV4oS06_KpqamcyNZQTeta_OyuILoCavO,Q6vUPD3f4bs,2026-04-13,7,2023-12-13 20:00:23+00:00
PLV4oS06_KpqamcyNZQTeta_OyuILoCavO,kJzw5JPC6AI,2026-04-13,8,2023-12-13 01:48:40+00:00
PLV4oS06_KpqaqyS9x6h5ys3REiUfUDOgy,XHnA-a5rivU,2026-04-13,0,2026-01-11 22:39:37+00:00
PLV4oS06_KpqaqyS9x6h5ys3REiUfUDOgy,Cz9osSyqYXI,2026-04-13,1,2026-01-11 22:39:37+00:00
PLV4oS06_KpqaqyS9x6h5ys3REiUfUDOgy,GgunOaMm_-g,2026-04-13,2,2026-01-11 22:39:37+00:00
PLV4oS06_KpqaqyS9x6h5ys3REiUfUDOgy,thQUAzH5d2o,2026-04-13,3,2026-01-11 22:39:37+00:00
PLV4oS06_KpqaqyS9x6h5ys3REiUfUDOgy,M4Q186h3zHA,2026-04-13,4,2026-01-11 22:39:37+00:00
PLV4oS06_Kpqawr6ifquiC0M_Hg2onwtJ5,mqLksU5um3Q,2026-04-13,0,2022-12-08 10:05:35+00:00
PLV4oS06_Kpqawr6ifquiC0M_Hg2onwtJ5,jRm_0dohWB4,2026-04-13,1,2023-07-28 16:18:43+00:00
PLV4oS06_Kpqawr6ifquiC0M_Hg2onwtJ5,4XgvRRtSUdg,2026-04-13,2,2023-07-29 15:23:19+00:00
PLV4oS06_Kpqawr6ifquiC0M_Hg2onwtJ5,lcOQNnj3lwQ,2026-04-13,3,2024-05-17 13:29:12+00:00
PLV4oS06_KpqbhnVieDd19KJczH_BlBArN,GLJffh1QDM4,2026-04-13,0,2026-01-11 10:11:03+00:00
PLV4oS06_KpqbhnVieDd19KJczH_BlBArN,dnLOQnSM8W8,2026-04-13,1,2026-01-11 10:11:18+00:00
PLV4oS06_KpqbhnVieDd19KJczH_BlBArN,Gcigj916zyE,2026-04-13,2,2026-01-11 10:11:46+00:00
PLV4oS06_KpqbhnVieDd19KJczH_BlBArN,xB4ecIksJSY,2026-04-13,3,2026-01-24 11:58:21+00:00
PLV4oS06_KpqbnahoXdN-A8Ql9zVblYUJl,mj_b9_nxJfw,2026-04-13,0,2025-09-01 08:50:36+00:00
PLV4oS06_KpqbnahoXdN-A8Ql9zVblYUJl,LDp0JP4L6YY,2026-04-13,1,2025-08-12 06:40:37+00:00
PLV4oS06_KpqbnahoXdN-A8Ql9zVblYUJl,X6JyQKV5d0E,2026-04-13,2,2025-08-12 10:15:47+00:00
PLV4oS06_KpqbnahoXdN-A8Ql9zVblYUJl,aLp96mNnYA8,2026-04-13,3,2025-08-12 10:21:59+00:00
PLV4oS06_KpqbnahoXdN-A8Ql9zVblYUJl,v1lKqeiQFTI,2026-04-13,4,2025-08-14 06:20:44+00:00
PLV4oS06_KpqbnahoXdN-A8Ql9zVblYUJl,PIOYkiA1qBw,2026-04-13,5,2025-08-14 06:24:19+00:00
PLV4oS06_KpqbnahoXdN-A8Ql9zVblYUJl,CHz9g2LGYlo,2026-04-13,6,2025-08-14 06:32:16+00:00
PLV4oS06_KpqbnahoXdN-A8Ql9zVblYUJl,YnFvHoWdvzs,2026-04-13,7,2025-08-14 06:36:01+00:00
PLV4oS06_KpqbnahoXdN-A8Ql9zVblYUJl,TGfUG__aOhw,2026-04-13,8,2025-08-14 07:58:08+00:00
PLV4oS06_KpqbnahoXdN-A8Ql9zVblYUJl,m_WT3mJ0J9E,2026-04-13,9,2025-08-14 07:59:27+00:00
PLV4oS06_KpqbnahoXdN-A8Ql9zVblYUJl,K2jlyUL3zK8,2026-04-13,10,2025-08-15 04:59:49+00:00
PLV4oS06_KpqbnahoXdN-A8Ql9zVblYUJl,uN-yP7FwIN4,2026-04-13,11,2025-08-15 05:02:52+00:00
PLV4oS06_KpqbnahoXdN-A8Ql9zVblYUJl,BQnwEe6r4Fg,2026-04-13,12,2025-08-15 05:06:05+00:00
PLV4oS06_KpqbnahoXdN-A8Ql9zVblYUJl,OTkdggNWv14,2026-04-13,13,2025-08-15 05:10:50+00:00
PLV4oS06_KpqbnahoXdN-A8Ql9zVblYUJl,VrvnwaTppAE,2026-04-13,14,2025-08-15 05:13:42+00:00
PLV4oS06_KpqbnahoXdN-A8Ql9zVblYUJl,JbwNhXjC16A,2026-04-13,15,2025-08-15 09:17:06+00:00
PLV4oS06_KpqbnahoXdN-A8Ql9zVblYUJl,ue5vLsIijHs,2026-04-13,16,2025-08-15 09:23:28+00:00
PLV4oS06_KpqbnahoXdN-A8Ql9zVblYUJl,zcOZ0IEsXHc,2026-04-13,17,2025-08-15 09:26:28+00:00
PLV4oS06_KpqbnahoXdN-A8Ql9zVblYUJl,_cXvg-XPnUs,2026-04-13,18,2025-08-15 09:32:06+00:00
PLV4oS06_KpqbnahoXdN-A8Ql9zVblYUJl,q0n48c-f4O8,2026-04-13,19,2025-08-15 09:36:21+00:00
PLV4oS06_KpqbnahoXdN-A8Ql9zVblYUJl,CrG-FruGb-k,2026-04-13,20,2025-08-15 09:46:14+00:00
PLV4oS06_KpqbnahoXdN-A8Ql9zVblYUJl,ZWi_B_rqvt4,2026-04-13,21,2025-08-15 09:52:09+00:00
PLV4oS06_KpqbnahoXdN-A8Ql9zVblYUJl,tIxrQnDwvx4,2026-04-13,22,2025-08-15 09:54:34+00:00
PLV4oS06_KpqbnahoXdN-A8Ql9zVblYUJl,NQpnc4YfuQo,2026-04-13,23,2025-08-15 09:58:19+00:00
PLV4oS06_KpqbnahoXdN-A8Ql9zVblYUJl,vBRiaP5NgVw,2026-04-13,24,2025-08-16 07:15:30+00:00
PLV4oS06_KpqbnahoXdN-A8Ql9zVblYUJl,t4eZfB4XTHg,2026-04-13,25,2025-08-16 07:18:01+00:00
PLV4oS06_KpqbnahoXdN-A8Ql9zVblYUJl,Dc98c6LPQQE,2026-04-13,26,2025-08-16 07:21:24+00:00
PLV4oS06_KpqbnahoXdN-A8Ql9zVblYUJl,YDElIJ6jMrw,2026-04-13,27,2025-08-16 07:23:05+00:00
PLV4oS06_KpqbnahoXdN-A8Ql9zVblYUJl,Lox4HlSibXo,2026-04-13,28,2025-08-16 07:25:45+00:00
PLV4oS06_KpqbnahoXdN-A8Ql9zVblYUJl,Q275enpY7bY,2026-04-13,29,2025-08-16 07:27:54+00:00
PLV4oS06_KpqbnahoXdN-A8Ql9zVblYUJl,Oswa8OkiQPs,2026-04-13,30,2025-08-16 07:30:14+00:00
PLV4oS06_KpqbnahoXdN-A8Ql9zVblYUJl,U92pTqhzxoQ,2026-04-13,31,2025-08-16 07:32:28+00:00
PLV4oS06_KpqbnahoXdN-A8Ql9zVblYUJl,vJXvL5i4OQY,2026-04-13,32,2025-08-16 07:35:33+00:00
PLV4oS06_KpqbnahoXdN-A8Ql9zVblYUJl,eVL3dw9BfPc,2026-04-13,33,2025-08-16 07:38:44+00:00
PLV4oS06_KpqbnahoXdN-A8Ql9zVblYUJl,THxGW9huLRg,2026-04-13,34,2025-08-16 07:40:35+00:00
PLV4oS06_KpqbnahoXdN-A8Ql9zVblYUJl,nAYXMoOpNsM,2026-04-13,35,2025-08-16 07:42:02+00:00
PLV4oS06_KpqbnahoXdN-A8Ql9zVblYUJl,zT66rq7mEu4,2026-04-13,36,2025-08-16 14:18:33+00:00
PLV4oS06_KpqbnahoXdN-A8Ql9zVblYUJl,sV8nczRvPAU,2026-04-13,37,2025-08-16 14:19:42+00:00
PLV4oS06_KpqbnahoXdN-A8Ql9zVblYUJl,kegfG0chZHI,2026-04-13,38,2025-08-16 14:22:21+00:00
PLV4oS06_KpqbnahoXdN-A8Ql9zVblYUJl,5BEWVMsLsBo,2026-04-13,39,2025-08-16 14:24:03+00:00
PLV4oS06_KpqbnahoXdN-A8Ql9zVblYUJl,v1Qnd2Uxcjs,2026-04-13,40,2025-08-16 14:27:58+00:00
PLV4oS06_KpqbnahoXdN-A8Ql9zVblYUJl,yzvzl1LBXm0,2026-04-13,41,2025-08-16 14:29:48+00:00
PLV4oS06_KpqbnahoXdN-A8Ql9zVblYUJl,UlDUQ9G0QHM,2026-04-13,42,2025-08-16 14:31:42+00:00
PLV4oS06_KpqbnahoXdN-A8Ql9zVblYUJl,NVwGmBS-wMw,2026-04-13,43,2025-08-16 14:32:53+00:00
PLV4oS06_KpqbnahoXdN-A8Ql9zVblYUJl,P4--JGi1xH8,2026-04-13,44,2025-08-16 14:35:00+00:00
PLV4oS06_KpqbnahoXdN-A8Ql9zVblYUJl,4aUW0262vu8,2026-04-13,45,2025-08-16 14:37:07+00:00
PLV4oS06_KpqbnahoXdN-A8Ql9zVblYUJl,R7hA1gBrsvQ,2026-04-13,46,2025-08-18 12:08:43+00:00
PLV4oS06_KpqbnahoXdN-A8Ql9zVblYUJl,E_MeMkTfBsk,2026-04-13,47,2025-08-18 12:11:13+00:00
PLV4oS06_KpqbnahoXdN-A8Ql9zVblYUJl,PLGbRoNcVL4,2026-04-13,48,2025-08-18 12:13:25+00:00
PLV4oS06_KpqbnahoXdN-A8Ql9zVblYUJl,6lR81YOeNKs,2026-04-13,49,2025-08-18 12:15:19+00:00
PLV4oS06_KpqbnahoXdN-A8Ql9zVblYUJl,KpjJH-fdImI,2026-04-13,50,2025-09-21 19:18:47+00:00
PLV4oS06_KpqbnahoXdN-A8Ql9zVblYUJl,xJ05Nq48Zq4,2026-04-13,51,2025-09-21 19:24:59+00:00
PLV4oS06_KpqbnahoXdN-A8Ql9zVblYUJl,xic7AMpR4IM,2026-04-13,52,2025-09-21 19:31:07+00:00
PLV4oS06_KpqbnahoXdN-A8Ql9zVblYUJl,DWS8WsB2FgE,2026-04-13,53,2025-09-21 19:34:47+00:00
PLV4oS06_KpqbnahoXdN-A8Ql9zVblYUJl,7kTYy0cJ_EE,2026-04-13,54,2025-09-21 19:37:41+00:00
PLV4oS06_KpqbnahoXdN-A8Ql9zVblYUJl,Zyg3scrypKQ,2026-04-13,55,2025-09-21 19:39:24+00:00
PLV4oS06_KpqbnahoXdN-A8Ql9zVblYUJl,a1nrZ-A7vSg,2026-04-13,56,2025-09-21 19:40:57+00:00
PLV4oS06_KpqbsY_I8iR4HRvb6w3vXUBIM,7bwkNrRpgw0,2026-04-13,0,2026-01-23 06:51:06+00:00
PLV4oS06_KpqbsY_I8iR4HRvb6w3vXUBIM,HDyKUodeuNw,2026-04-13,1,2026-01-23 06:37:27+00:00
PLV4oS06_KpqY-NCxlYCYMPENL0EUTLNuU,DQlkV2DmA_M,2026-04-06,0,2025-10-07 08:51:06+00:00
PLV4oS06_KpqY-NCxlYCYMPENL0EUTLNuU,MHxjAOrdxCU,2026-04-06,1,2025-10-07 08:55:56+00:00
PLV4oS06_KpqY-NCxlYCYMPENL0EUTLNuU,1eRuwnvwsPo,2026-04-06,2,2025-10-07 08:57:09+00:00
PLV4oS06_KpqY-NCxlYCYMPENL0EUTLNuU,IIT39Xomn94,2026-04-06,3,2025-10-07 09:00:56+00:00
PLV4oS06_KpqY-NCxlYCYMPENL0EUTLNuU,ecJm9JHj18g,2026-04-06,4,2025-10-07 19:53:24+00:00
PLV4oS06_KpqY-NCxlYCYMPENL0EUTLNuU,pLRAticn7NU,2026-04-06,5,2025-10-07 19:55:40+00:00
PLV4oS06_KpqY-NCxlYCYMPENL0EUTLNuU,t3jyABNSOno,2026-04-06,6,2025-10-07 19:56:36+00:00
PLV4oS06_KpqY-NCxlYCYMPENL0EUTLNuU,OzgC7e3Eths,2026-04-06,7,2025-10-07 19:57:33+00:00
PLV4oS06_KpqY-NCxlYCYMPENL0EUTLNuU,njqE2uGyysQ,2026-04-06,8,2025-10-07 19:59:45+00:00
PLV4oS06_KpqY-NCxlYCYMPENL0EUTLNuU,4JmKLgtmMBI,2026-04-06,9,2025-10-07 20:00:43+00:00
PLV4oS06_KpqY5xZ2gZ8u_79cmLrVUsGNe,aoP5EPC9Skw,2026-04-06,0,2025-09-11 08:49:27+00:00
PLV4oS06_KpqY5xZ2gZ8u_79cmLrVUsGNe,VUPm0AxqTho,2026-04-06,1,2025-09-11 08:49:13+00:00
PLV4oS06_KpqY5xZ2gZ8u_79cmLrVUsGNe,Ie-FqoNGqLA,2026-04-06,2,2025-09-11 08:49:56+00:00
PLV4oS06_KpqYMuPNqu6S1GgnyuhMOzBaN,ee-gYMaH1Rk,2026-04-06,0,2023-08-16 07:53:02+00:00
PLV4oS06_KpqYMuPNqu6S1GgnyuhMOzBaN,xsptE33QWNE,2026-04-06,1,2023-08-25 12:21:27+00:00
PLV4oS06_KpqYMuPNqu6S1GgnyuhMOzBaN,7q20ukuXuN8,2026-04-06,2,2024-05-17 13:27:51+00:00
PLV4oS06_KpqYRtYRoQHo_F_KsEjmqcDK7,J0GOADsEp4E,2026-04-06,0,2025-11-16 04:27:46+00:00
PLV4oS06_KpqYRtYRoQHo_F_KsEjmqcDK7,4v5Vv8fsR-g,2026-04-06,1,2025-11-16 04:25:53+00:00
PLV4oS06_KpqYRtYRoQHo_F_KsEjmqcDK7,ffCLLOraLFA,2026-04-06,2,2025-11-16 04:22:33+00:00
PLV4oS06_KpqYRtYRoQHo_F_KsEjmqcDK7,8AMwesfk-DM,2026-04-06,3,2025-11-16 04:21:13+00:00
PLV4oS06_KpqYRtYRoQHo_F_KsEjmqcDK7,HyPyDdUy-Xk,2026-04-06,4,2026-02-10 02:26:42+00:00
PLV4oS06_KpqYRtYRoQHo_F_KsEjmqcDK7,46knscCk2Ic,2026-04-06,5,2026-02-10 02:26:42+00:00
PLV4oS06_KpqYRtYRoQHo_F_KsEjmqcDK7,a4PcaVKyCko,2026-04-06,6,2026-02-10 02:26:42+00:00
PLV4oS06_KpqYRtYRoQHo_F_KsEjmqcDK7,OoG2Z1GdWQQ,2026-04-06,7,2026-02-10 02:26:42+00:00
PLV4oS06_KpqYRtYRoQHo_F_KsEjmqcDK7,7sgJBBtJV3A,2026-04-06,8,2026-02-10 02:26:42+00:00
PLV4oS06_KpqYRtYRoQHo_F_KsEjmqcDK7,NMt3A12yjhg,2026-04-06,9,2026-02-10 02:26:42+00:00
PLV4oS06_KpqYRtYRoQHo_F_KsEjmqcDK7,1-VRjF4aDgk,2026-04-06,10,2026-02-10 02:26:42+00:00
PLV4oS06_KpqYRtYRoQHo_F_KsEjmqcDK7,pqAswnET2XQ,2026-04-06,11,2026-02-10 02:26:42+00:00
PLV4oS06_KpqYRtYRoQHo_F_KsEjmqcDK7,hhX0ynoT_mc,2026-04-06,12,2026-02-10 02:26:42+00:00
PLV4oS06_KpqYRtYRoQHo_F_KsEjmqcDK7,XEdE-i6as6I,2026-04-06,13,2026-02-10 02:26:42+00:00
PLV4oS06_KpqZGwOHo-tsdIiaZts7qaqql,Zj6uiqMvFOU,2026-04-06,0,2026-01-17 20:02:37+00:00
PLV4oS06_KpqZGwOHo-tsdIiaZts7qaqql,RiYjYfMTGvw,2026-04-06,1,2026-01-11 23:05:55+00:00
PLV4oS06_KpqZGwOHo-tsdIiaZts7qaqql,0VmI47XeOuE,2026-04-06,2,2026-01-11 23:05:33+00:00
PLV4oS06_KpqZREyUB473G07o-IsM7n-fi,BUC65TLIGf8,2026-04-06,0,2023-08-14 07:17:54+00:00
PLV4oS06_KpqZREyUB473G07o-IsM7n-fi,o3fMDF3PGhM,2026-04-06,1,2023-08-10 06:48:36+00:00
PLV4oS06_KpqZREyUB473G07o-IsM7n-fi,hipquVDxH70,2026-04-06,2,2023-08-14 04:11:39+00:00
PLV4oS06_KpqZREyUB473G07o-IsM7n-fi,IAjVUpwzMGo,2026-04-06,3,2023-08-11 06:07:02+00:00
PLV4oS06_KpqZREyUB473G07o-IsM7n-fi,pcSv3TjR5ZQ,2026-04-06,4,2023-08-14 08:51:24+00:00
PLV4oS06_KpqZREyUB473G07o-IsM7n-fi,eO7e64yu3Kk,2026-04-06,5,2023-08-17 08:34:55+00:00
PLV4oS06_KpqZREyUB473G07o-IsM7n-fi,qr6ATPTgl20,2026-04-06,6,2023-08-19 10:15:24+00:00
PLV4oS06_KpqZREyUB473G07o-IsM7n-fi,2s7evXo3BkI,2026-04-06,7,2023-08-21 11:07:18+00:00
PLV4oS06_KpqZREyUB473G07o-IsM7n-fi,_ofTsPs9mT8,2026-04-06,8,2023-08-22 09:52:11+00:00
PLV4oS06_KpqZREyUB473G07o-IsM7n-fi,G0pKbjeeTMs,2026-04-06,9,2023-08-27 11:54:32+00:00
PLV4oS06_KpqZREyUB473G07o-IsM7n-fi,ci1hFXvOMjw,2026-04-06,10,2023-08-23 04:22:12+00:00
PLV4oS06_KpqZREyUB473G07o-IsM7n-fi,PGZNyTVcZbI,2026-04-06,11,2023-08-24 10:07:33+00:00
PLV4oS06_KpqZREyUB473G07o-IsM7n-fi,IQPxO_NmSJk,2026-04-06,12,2023-09-10 06:00:03+00:00
PLV4oS06_KpqZREyUB473G07o-IsM7n-fi,bOvsWX2Mgmg,2026-04-06,13,2023-09-11 05:20:23+00:00
PLV4oS06_KpqZREyUB473G07o-IsM7n-fi,Im9z2T57eEw,2026-04-06,14,2023-09-12 06:21:38+00:00
PLV4oS06_KpqZREyUB473G07o-IsM7n-fi,HvXbln87KY0,2026-04-06,15,2023-09-14 09:59:13+00:00
PLV4oS06_KpqZREyUB473G07o-IsM7n-fi,1OxYQbmdW-Y,2026-04-06,16,2023-09-14 09:52:30+00:00
PLV4oS06_KpqZo5tENEyKr-Ha1wR4DZuHM,qytf-g55XFE,2026-04-06,0,2025-11-13 13:30:52+00:00
PLV4oS06_KpqZo5tENEyKr-Ha1wR4DZuHM,Q3olnvgueTQ,2026-04-06,1,2025-11-13 13:29:22+00:00
PLV4oS06_KpqZo5tENEyKr-Ha1wR4DZuHM,t8grl_NIYPw,2026-04-06,2,2026-02-10 02:28:39+00:00
PLV4oS06_KpqZo5tENEyKr-Ha1wR4DZuHM,iNyOOzX6lKk,2026-04-06,3,2026-02-10 02:28:52+00:00
PLV4oS06_KpqZo5tENEyKr-Ha1wR4DZuHM,E6-cYClJn3Y,2026-04-06,4,2026-02-10 02:30:30+00:00
PLV4oS06_KpqZo5tENEyKr-Ha1wR4DZuHM,9wkGoWLVjT8,2026-04-06,5,2026-02-10 02:30:15+00:00
PLV4oS06_KpqZo5tENEyKr-Ha1wR4DZuHM,x1FB0zvtgOw,2026-04-06,6,2026-02-10 02:29:11+00:00
PLV4oS06_KpqZo5tENEyKr-Ha1wR4DZuHM,Qc0HiH1iZ8U,2026-04-06,7,2026-02-10 02:29:36+00:00
PLV4oS06_KpqaJurJFbLi3HGrHrlOShc_x,rSYSSOP3h2k,2026-04-06,0,2023-12-23 05:24:09+00:00
PLV4oS06_KpqaJurJFbLi3HGrHrlOShc_x,AARzy2sfqVw,2026-04-06,1,2023-12-23 05:25:25+00:00
PLV4oS06_KpqaJurJFbLi3HGrHrlOShc_x,QueSk8MsubI,2026-04-06,2,2023-12-23 09:05:06+00:00
PLV4oS06_KpqaJurJFbLi3HGrHrlOShc_x,N5qEWgYkGwk,2026-04-06,3,2023-12-24 10:53:07+00:00
PLV4oS06_KpqaJurJFbLi3HGrHrlOShc_x,jJT2Pjgug7s,2026-04-06,4,2023-12-28 08:54:09+00:00
PLV4oS06_KpqaJurJFbLi3HGrHrlOShc_x,7beGTcu4wOY,2026-04-06,5,2023-12-28 09:42:38+00:00
PLV4oS06_KpqaJurJFbLi3HGrHrlOShc_x,YI0_i2mVva0,2026-04-06,6,2025-10-02 00:51:30+00:00
PLV4oS06_KpqaJurJFbLi3HGrHrlOShc_x,AtGVhnK5jRo,2026-04-06,7,2025-10-02 00:51:48+00:00
PLV4oS06_KpqaJurJFbLi3HGrHrlOShc_x,Xnd-Ygs7U3Y,2026-04-06,8,2025-10-02 00:51:59+00:00
PLV4oS06_KpqaJurJFbLi3HGrHrlOShc_x,yiDhqGdxFPs,2026-04-06,9,2025-10-02 00:52:12+00:00
PLV4oS06_KpqaJurJFbLi3HGrHrlOShc_x,W8clxC5S3dU,2026-04-06,10,2025-10-02 00:52:24+00:00
PLV4oS06_KpqaJurJFbLi3HGrHrlOShc_x,9xx1KaBQxVQ,2026-04-06,11,2025-10-02 00:52:35+00:00
PLV4oS06_KpqacM_CdWLJq4SttTNfszK0Q,2W7sPgGlNqo,2026-04-06,0,2023-08-26 11:06:21+00:00
PLV4oS06_KpqacM_CdWLJq4SttTNfszK0Q,-W0cM6L62s8,2026-04-06,1,2023-08-26 11:06:34+00:00
PLV4oS06_KpqacM_CdWLJq4SttTNfszK0Q,EVkg5zFPcMs,2026-04-06,2,2023-08-26 14:43:30+00:00
PLV4oS06_KpqacM_CdWLJq4SttTNfszK0Q,1ISPibwIVQA,2026-04-06,3,2024-07-07 16:54:14+00:00
PLV4oS06_Kpqahle46bX_iDjupUZLUDIad,Z4Fo5F_mLuU,2026-04-06,0,2025-10-19 16:33:20+00:00
PLV4oS06_Kpqahle46bX_iDjupUZLUDIad,dbYadcZ2uOU,2026-04-06,1,2025-10-19 16:33:23+00:00
PLV4oS06_Kpqahle46bX_iDjupUZLUDIad,N-7O94hPplU,2026-04-06,2,2025-10-19 16:33:28+00:00
PLV4oS06_Kpqahle46bX_iDjupUZLUDIad,i6Cfsd0CP2g,2026-04-06,3,2025-10-19 16:33:30+00:00
PLV4oS06_Kpqahle46bX_iDjupUZLUDIad,Q7BvnpCsUAU,2026-04-06,4,2025-10-19 16:33:34+00:00
PLV4oS06_Kpqahle46bX_iDjupUZLUDIad,zToHhAif9Gw,2026-04-06,5,2025-11-02 07:01:04+00:00
PLV4oS06_Kpqahle46bX_iDjupUZLUDIad,1Hgmt97AkBw,2026-04-06,6,2025-11-02 07:04:09+00:00
PLV4oS06_Kpqahle46bX_iDjupUZLUDIad,pHAb6YNGRl4,2026-04-06,7,2025-11-02 07:05:32+00:00
PLV4oS06_Kpqahle46bX_iDjupUZLUDIad,ddB92jjDOVs,2026-04-06,8,2026-01-06 00:47:56+00:00
PLV4oS06_Kpqahle46bX_iDjupUZLUDIad,DebaxM_8EO0,2026-04-06,9,2026-01-06 00:51:18+00:00
PLV4oS06_KpqamcyNZQTeta_OyuILoCavO,8_fVq-UewMc,2026-04-06,0,2025-11-16 09:32:46+00:00
PLV4oS06_KpqamcyNZQTeta_OyuILoCavO,f144Cg6EGxE,2026-04-06,1,2025-11-16 08:58:50+00:00
PLV4oS06_KpqamcyNZQTeta_OyuILoCavO,LXwH60B973Q,2026-04-06,2,2025-11-09 07:01:38+00:00
PLV4oS06_KpqamcyNZQTeta_OyuILoCavO,0i8W5wucIMc,2026-04-06,3,2025-11-08 00:43:35+00:00
PLV4oS06_KpqamcyNZQTeta_OyuILoCavO,rvVwrHtI4gQ,2026-04-06,4,2025-10-31 23:23:30+00:00
PLV4oS06_KpqamcyNZQTeta_OyuILoCavO,y_rVPdd-RNY,2026-04-06,5,2025-10-31 23:08:30+00:00
PLV4oS06_KpqamcyNZQTeta_OyuILoCavO,6rc09OdwHlk,2026-04-06,6,2024-01-28 23:18:41+00:00
PLV4oS06_KpqamcyNZQTeta_OyuILoCavO,Q6vUPD3f4bs,2026-04-06,7,2023-12-13 20:00:23+00:00
PLV4oS06_KpqamcyNZQTeta_OyuILoCavO,kJzw5JPC6AI,2026-04-06,8,2023-12-13 01:48:40+00:00
PLV4oS06_KpqaqyS9x6h5ys3REiUfUDOgy,XHnA-a5rivU,2026-04-06,0,2026-01-11 22:39:37+00:00
PLV4oS06_KpqaqyS9x6h5ys3REiUfUDOgy,Cz9osSyqYXI,2026-04-06,1,2026-01-11 22:39:37+00:00
PLV4oS06_KpqaqyS9x6h5ys3REiUfUDOgy,GgunOaMm_-g,2026-04-06,2,2026-01-11 22:39:37+00:00
PLV4oS06_KpqaqyS9x6h5ys3REiUfUDOgy,thQUAzH5d2o,2026-04-06,3,2026-01-11 22:39:37+00:00
PLV4oS06_KpqaqyS9x6h5ys3REiUfUDOgy,M4Q186h3zHA,2026-04-06,4,2026-01-11 22:39:37+00:00
PLV4oS06_Kpqawr6ifquiC0M_Hg2onwtJ5,mqLksU5um3Q,2026-04-06,0,2022-12-08 10:05:35+00:00
PLV4oS06_Kpqawr6ifquiC0M_Hg2onwtJ5,jRm_0dohWB4,2026-04-06,1,2023-07-28 16:18:43+00:00
PLV4oS06_Kpqawr6ifquiC0M_Hg2onwtJ5,4XgvRRtSUdg,2026-04-06,2,2023-07-29 15:23:19+00:00
PLV4oS06_Kpqawr6ifquiC0M_Hg2onwtJ5,lcOQNnj3lwQ,2026-04-06,3,2024-05-17 13:29:12+00:00
PLV4oS06_KpqbhnVieDd19KJczH_BlBArN,GLJffh1QDM4,2026-04-06,0,2026-01-11 10:11:03+00:00
PLV4oS06_KpqbhnVieDd19KJczH_BlBArN,dnLOQnSM8W8,2026-04-06,1,2026-01-11 10:11:18+00:00
PLV4oS06_KpqbhnVieDd19KJczH_BlBArN,Gcigj916zyE,2026-04-06,2,2026-01-11 10:11:46+00:00
PLV4oS06_KpqbhnVieDd19KJczH_BlBArN,xB4ecIksJSY,2026-04-06,3,2026-01-24 11:58:21+00:00
PLV4oS06_KpqbnahoXdN-A8Ql9zVblYUJl,mj_b9_nxJfw,2026-04-06,0,2025-09-01 08:50:36+00:00
PLV4oS06_KpqbnahoXdN-A8Ql9zVblYUJl,LDp0JP4L6YY,2026-04-06,1,2025-08-12 06:40:37+00:00
PLV4oS06_KpqbnahoXdN-A8Ql9zVblYUJl,X6JyQKV5d0E,2026-04-06,2,2025-08-12 10:15:47+00:00
PLV4oS06_KpqbnahoXdN-A8Ql9zVblYUJl,aLp96mNnYA8,2026-04-06,3,2025-08-12 10:21:59+00:00
PLV4oS06_KpqbnahoXdN-A8Ql9zVblYUJl,v1lKqeiQFTI,2026-04-06,4,2025-08-14 06:20:44+00:00
PLV4oS06_KpqbnahoXdN-A8Ql9zVblYUJl,PIOYkiA1qBw,2026-04-06,5,2025-08-14 06:24:19+00:00
PLV4oS06_KpqbnahoXdN-A8Ql9zVblYUJl,CHz9g2LGYlo,2026-04-06,6,2025-08-14 06:32:16+00:00
PLV4oS06_KpqbnahoXdN-A8Ql9zVblYUJl,YnFvHoWdvzs,2026-04-06,7,2025-08-14 06:36:01+00:00
PLV4oS06_KpqbnahoXdN-A8Ql9zVblYUJl,TGfUG__aOhw,2026-04-06,8,2025-08-14 07:58:08+00:00
PLV4oS06_KpqbnahoXdN-A8Ql9zVblYUJl,m_WT3mJ0J9E,2026-04-06,9,2025-08-14 07:59:27+00:00
PLV4oS06_KpqbnahoXdN-A8Ql9zVblYUJl,K2jlyUL3zK8,2026-04-06,10,2025-08-15 04:59:49+00:00
PLV4oS06_KpqbnahoXdN-A8Ql9zVblYUJl,uN-yP7FwIN4,2026-04-06,11,2025-08-15 05:02:52+00:00
PLV4oS06_KpqbnahoXdN-A8Ql9zVblYUJl,BQnwEe6r4Fg,2026-04-06,12,2025-08-15 05:06:05+00:00
PLV4oS06_KpqbnahoXdN-A8Ql9zVblYUJl,OTkdggNWv14,2026-04-06,13,2025-08-15 05:10:50+00:00
PLV4oS06_KpqbnahoXdN-A8Ql9zVblYUJl,VrvnwaTppAE,2026-04-06,14,2025-08-15 05:13:42+00:00
PLV4oS06_KpqbnahoXdN-A8Ql9zVblYUJl,JbwNhXjC16A,2026-04-06,15,2025-08-15 09:17:06+00:00
PLV4oS06_KpqbnahoXdN-A8Ql9zVblYUJl,ue5vLsIijHs,2026-04-06,16,2025-08-15 09:23:28+00:00
PLV4oS06_KpqbnahoXdN-A8Ql9zVblYUJl,zcOZ0IEsXHc,2026-04-06,17,2025-08-15 09:26:28+00:00
PLV4oS06_KpqbnahoXdN-A8Ql9zVblYUJl,_cXvg-XPnUs,2026-04-06,18,2025-08-15 09:32:06+00:00
PLV4oS06_KpqbnahoXdN-A8Ql9zVblYUJl,q0n48c-f4O8,2026-04-06,19,2025-08-15 09:36:21+00:00
PLV4oS06_KpqbnahoXdN-A8Ql9zVblYUJl,CrG-FruGb-k,2026-04-06,20,2025-08-15 09:46:14+00:00
PLV4oS06_KpqbnahoXdN-A8Ql9zVblYUJl,ZWi_B_rqvt4,2026-04-06,21,2025-08-15 09:52:09+00:00
PLV4oS06_KpqbnahoXdN-A8Ql9zVblYUJl,tIxrQnDwvx4,2026-04-06,22,2025-08-15 09:54:34+00:00
PLV4oS06_KpqbnahoXdN-A8Ql9zVblYUJl,NQpnc4YfuQo,2026-04-06,23,2025-08-15 09:58:19+00:00
PLV4oS06_KpqbnahoXdN-A8Ql9zVblYUJl,vBRiaP5NgVw,2026-04-06,24,2025-08-16 07:15:30+00:00
PLV4oS06_KpqbnahoXdN-A8Ql9zVblYUJl,t4eZfB4XTHg,2026-04-06,25,2025-08-16 07:18:01+00:00
PLV4oS06_KpqbnahoXdN-A8Ql9zVblYUJl,Dc98c6LPQQE,2026-04-06,26,2025-08-16 07:21:24+00:00
PLV4oS06_KpqbnahoXdN-A8Ql9zVblYUJl,YDElIJ6jMrw,2026-04-06,27,2025-08-16 07:23:05+00:00
PLV4oS06_KpqbnahoXdN-A8Ql9zVblYUJl,Lox4HlSibXo,2026-04-06,28,2025-08-16 07:25:45+00:00
PLV4oS06_KpqbnahoXdN-A8Ql9zVblYUJl,Q275enpY7bY,2026-04-06,29,2025-08-16 07:27:54+00:00
PLV4oS06_KpqbnahoXdN-A8Ql9zVblYUJl,Oswa8OkiQPs,2026-04-06,30,2025-08-16 07:30:14+00:00
PLV4oS06_KpqbnahoXdN-A8Ql9zVblYUJl,U92pTqhzxoQ,2026-04-06,31,2025-08-16 07:32:28+00:00
PLV4oS06_KpqbnahoXdN-A8Ql9zVblYUJl,vJXvL5i4OQY,2026-04-06,32,2025-08-16 07:35:33+00:00
PLV4oS06_KpqbnahoXdN-A8Ql9zVblYUJl,eVL3dw9BfPc,2026-04-06,33,2025-08-16 07:38:44+00:00
PLV4oS06_KpqbnahoXdN-A8Ql9zVblYUJl,THxGW9huLRg,2026-04-06,34,2025-08-16 07:40:35+00:00
PLV4oS06_KpqbnahoXdN-A8Ql9zVblYUJl,nAYXMoOpNsM,2026-04-06,35,2025-08-16 07:42:02+00:00
PLV4oS06_KpqbnahoXdN-A8Ql9zVblYUJl,zT66rq7mEu4,2026-04-06,36,2025-08-16 14:18:33+00:00
PLV4oS06_KpqbnahoXdN-A8Ql9zVblYUJl,sV8nczRvPAU,2026-04-06,37,2025-08-16 14:19:42+00:00
PLV4oS06_KpqbnahoXdN-A8Ql9zVblYUJl,kegfG0chZHI,2026-04-06,38,2025-08-16 14:22:21+00:00
PLV4oS06_KpqbnahoXdN-A8Ql9zVblYUJl,5BEWVMsLsBo,2026-04-06,39,2025-08-16 14:24:03+00:00
PLV4oS06_KpqbnahoXdN-A8Ql9zVblYUJl,v1Qnd2Uxcjs,2026-04-06,40,2025-08-16 14:27:58+00:00
PLV4oS06_KpqbnahoXdN-A8Ql9zVblYUJl,yzvzl1LBXm0,2026-04-06,41,2025-08-16 14:29:48+00:00
PLV4oS06_KpqbnahoXdN-A8Ql9zVblYUJl,UlDUQ9G0QHM,2026-04-06,42,2025-08-16 14:31:42+00:00
PLV4oS06_KpqbnahoXdN-A8Ql9zVblYUJl,NVwGmBS-wMw,2026-04-06,43,2025-08-16 14:32:53+00:00
PLV4oS06_KpqbnahoXdN-A8Ql9zVblYUJl,P4--JGi1xH8,2026-04-06,44,2025-08-16 14:35:00+00:00
PLV4oS06_KpqbnahoXdN-A8Ql9zVblYUJl,4aUW0262vu8,2026-04-06,45,2025-08-16 14:37:07+00:00
PLV4oS06_KpqbnahoXdN-A8Ql9zVblYUJl,R7hA1gBrsvQ,2026-04-06,46,2025-08-18 12:08:43+00:00
PLV4oS06_KpqbnahoXdN-A8Ql9zVblYUJl,E_MeMkTfBsk,2026-04-06,47,2025-08-18 12:11:13+00:00
PLV4oS06_KpqbnahoXdN-A8Ql9zVblYUJl,PLGbRoNcVL4,2026-04-06,48,2025-08-18 12:13:25+00:00
PLV4oS06_KpqbnahoXdN-A8Ql9zVblYUJl,6lR81YOeNKs,2026-04-06,49,2025-08-18 12:15:19+00:00
PLV4oS06_KpqbnahoXdN-A8Ql9zVblYUJl,KpjJH-fdImI,2026-04-06,50,2025-09-21 19:18:47+00:00
PLV4oS06_KpqbnahoXdN-A8Ql9zVblYUJl,xJ05Nq48Zq4,2026-04-06,51,2025-09-21 19:24:59+00:00
PLV4oS06_KpqbnahoXdN-A8Ql9zVblYUJl,xic7AMpR4IM,2026-04-06,52,2025-09-21 19:31:07+00:00
PLV4oS06_KpqbnahoXdN-A8Ql9zVblYUJl,DWS8WsB2FgE,2026-04-06,53,2025-09-21 19:34:47+00:00
PLV4oS06_KpqbnahoXdN-A8Ql9zVblYUJl,7kTYy0cJ_EE,2026-04-06,54,2025-09-21 19:37:41+00:00
PLV4oS06_KpqbnahoXdN-A8Ql9zVblYUJl,Zyg3scrypKQ,2026-04-06,55,2025-09-21 19:39:24+00:00
PLV4oS06_KpqbnahoXdN-A8Ql9zVblYUJl,a1nrZ-A7vSg,2026-04-06,56,2025-09-21 19:40:57+00:00
PLV4oS06_KpqbsY_I8iR4HRvb6w3vXUBIM,7bwkNrRpgw0,2026-04-06,0,2026-01-23 06:51:06+00:00
PLV4oS06_KpqbsY_I8iR4HRvb6w3vXUBIM,HDyKUodeuNw,2026-04-06,1,2026-01-23 06:37:27+00:00
PLV4oS06_KpqY-NCxlYCYMPENL0EUTLNuU,DQlkV2DmA_M,2026-03-30,0,2025-10-07 08:51:06+00:00
PLV4oS06_KpqY-NCxlYCYMPENL0EUTLNuU,MHxjAOrdxCU,2026-03-30,1,2025-10-07 08:55:56+00:00
PLV4oS06_KpqY-NCxlYCYMPENL0EUTLNuU,1eRuwnvwsPo,2026-03-30,2,2025-10-07 08:57:09+00:00
PLV4oS06_KpqY-NCxlYCYMPENL0EUTLNuU,IIT39Xomn94,2026-03-30,3,2025-10-07 09:00:56+00:00
PLV4oS06_KpqY-NCxlYCYMPENL0EUTLNuU,ecJm9JHj18g,2026-03-30,4,2025-10-07 19:53:24+00:00
PLV4oS06_KpqY-NCxlYCYMPENL0EUTLNuU,pLRAticn7NU,2026-03-30,5,2025-10-07 19:55:40+00:00
PLV4oS06_KpqY-NCxlYCYMPENL0EUTLNuU,t3jyABNSOno,2026-03-30,6,2025-10-07 19:56:36+00:00
PLV4oS06_KpqY-NCxlYCYMPENL0EUTLNuU,OzgC7e3Eths,2026-03-30,7,2025-10-07 19:57:33+00:00
PLV4oS06_KpqY-NCxlYCYMPENL0EUTLNuU,njqE2uGyysQ,2026-03-30,8,2025-10-07 19:59:45+00:00
PLV4oS06_KpqY-NCxlYCYMPENL0EUTLNuU,4JmKLgtmMBI,2026-03-30,9,2025-10-07 20:00:43+00:00
PLV4oS06_KpqY5xZ2gZ8u_79cmLrVUsGNe,aoP5EPC9Skw,2026-03-30,0,2025-09-11 08:49:27+00:00
PLV4oS06_KpqY5xZ2gZ8u_79cmLrVUsGNe,VUPm0AxqTho,2026-03-30,1,2025-09-11 08:49:13+00:00
PLV4oS06_KpqY5xZ2gZ8u_79cmLrVUsGNe,Ie-FqoNGqLA,2026-03-30,2,2025-09-11 08:49:56+00:00
PLV4oS06_KpqYMuPNqu6S1GgnyuhMOzBaN,ee-gYMaH1Rk,2026-03-30,0,2023-08-16 07:53:02+00:00
PLV4oS06_KpqYMuPNqu6S1GgnyuhMOzBaN,xsptE33QWNE,2026-03-30,1,2023-08-25 12:21:27+00:00
PLV4oS06_KpqYMuPNqu6S1GgnyuhMOzBaN,7q20ukuXuN8,2026-03-30,2,2024-05-17 13:27:51+00:00
PLV4oS06_KpqYRtYRoQHo_F_KsEjmqcDK7,J0GOADsEp4E,2026-03-30,0,2025-11-16 04:27:46+00:00
PLV4oS06_KpqYRtYRoQHo_F_KsEjmqcDK7,4v5Vv8fsR-g,2026-03-30,1,2025-11-16 04:25:53+00:00
PLV4oS06_KpqYRtYRoQHo_F_KsEjmqcDK7,ffCLLOraLFA,2026-03-30,2,2025-11-16 04:22:33+00:00
PLV4oS06_KpqYRtYRoQHo_F_KsEjmqcDK7,8AMwesfk-DM,2026-03-30,3,2025-11-16 04:21:13+00:00
PLV4oS06_KpqYRtYRoQHo_F_KsEjmqcDK7,HyPyDdUy-Xk,2026-03-30,4,2026-02-10 02:26:42+00:00
PLV4oS06_KpqYRtYRoQHo_F_KsEjmqcDK7,46knscCk2Ic,2026-03-30,5,2026-02-10 02:26:42+00:00
PLV4oS06_KpqYRtYRoQHo_F_KsEjmqcDK7,a4PcaVKyCko,2026-03-30,6,2026-02-10 02:26:42+00:00
PLV4oS06_KpqYRtYRoQHo_F_KsEjmqcDK7,OoG2Z1GdWQQ,2026-03-30,7,2026-02-10 02:26:42+00:00
PLV4oS06_KpqYRtYRoQHo_F_KsEjmqcDK7,7sgJBBtJV3A,2026-03-30,8,2026-02-10 02:26:42+00:00
PLV4oS06_KpqYRtYRoQHo_F_KsEjmqcDK7,NMt3A12yjhg,2026-03-30,9,2026-02-10 02:26:42+00:00
PLV4oS06_KpqYRtYRoQHo_F_KsEjmqcDK7,1-VRjF4aDgk,2026-03-30,10,2026-02-10 02:26:42+00:00
PLV4oS06_KpqYRtYRoQHo_F_KsEjmqcDK7,pqAswnET2XQ,2026-03-30,11,2026-02-10 02:26:42+00:00
PLV4oS06_KpqYRtYRoQHo_F_KsEjmqcDK7,hhX0ynoT_mc,2026-03-30,12,2026-02-10 02:26:42+00:00
PLV4oS06_KpqYRtYRoQHo_F_KsEjmqcDK7,XEdE-i6as6I,2026-03-30,13,2026-02-10 02:26:42+00:00
PLV4oS06_KpqZGwOHo-tsdIiaZts7qaqql,Zj6uiqMvFOU,2026-03-30,0,2026-01-17 20:02:37+00:00
PLV4oS06_KpqZGwOHo-tsdIiaZts7qaqql,RiYjYfMTGvw,2026-03-30,1,2026-01-11 23:05:55+00:00
PLV4oS06_KpqZGwOHo-tsdIiaZts7qaqql,0VmI47XeOuE,2026-03-30,2,2026-01-11 23:05:33+00:00
PLV4oS06_KpqZREyUB473G07o-IsM7n-fi,BUC65TLIGf8,2026-03-30,0,2023-08-14 07:17:54+00:00
PLV4oS06_KpqZREyUB473G07o-IsM7n-fi,o3fMDF3PGhM,2026-03-30,1,2023-08-10 06:48:36+00:00
PLV4oS06_KpqZREyUB473G07o-IsM7n-fi,hipquVDxH70,2026-03-30,2,2023-08-14 04:11:39+00:00
PLV4oS06_KpqZREyUB473G07o-IsM7n-fi,IAjVUpwzMGo,2026-03-30,3,2023-08-11 06:07:02+00:00
PLV4oS06_KpqZREyUB473G07o-IsM7n-fi,pcSv3TjR5ZQ,2026-03-30,4,2023-08-14 08:51:24+00:00
PLV4oS06_KpqZREyUB473G07o-IsM7n-fi,eO7e64yu3Kk,2026-03-30,5,2023-08-17 08:34:55+00:00
PLV4oS06_KpqZREyUB473G07o-IsM7n-fi,qr6ATPTgl20,2026-03-30,6,2023-08-19 10:15:24+00:00
PLV4oS06_KpqZREyUB473G07o-IsM7n-fi,2s7evXo3BkI,2026-03-30,7,2023-08-21 11:07:18+00:00
PLV4oS06_KpqZREyUB473G07o-IsM7n-fi,_ofTsPs9mT8,2026-03-30,8,2023-08-22 09:52:11+00:00
PLV4oS06_KpqZREyUB473G07o-IsM7n-fi,G0pKbjeeTMs,2026-03-30,9,2023-08-27 11:54:32+00:00
PLV4oS06_KpqZREyUB473G07o-IsM7n-fi,ci1hFXvOMjw,2026-03-30,10,2023-08-23 04:22:12+00:00
PLV4oS06_KpqZREyUB473G07o-IsM7n-fi,PGZNyTVcZbI,2026-03-30,11,2023-08-24 10:07:33+00:00
PLV4oS06_KpqZREyUB473G07o-IsM7n-fi,IQPxO_NmSJk,2026-03-30,12,2023-09-10 06:00:03+00:00
PLV4oS06_KpqZREyUB473G07o-IsM7n-fi,bOvsWX2Mgmg,2026-03-30,13,2023-09-11 05:20:23+00:00
PLV4oS06_KpqZREyUB473G07o-IsM7n-fi,Im9z2T57eEw,2026-03-30,14,2023-09-12 06:21:38+00:00
PLV4oS06_KpqZREyUB473G07o-IsM7n-fi,HvXbln87KY0,2026-03-30,15,2023-09-14 09:59:13+00:00
PLV4oS06_KpqZREyUB473G07o-IsM7n-fi,1OxYQbmdW-Y,2026-03-30,16,2023-09-14 09:52:30+00:00
PLV4oS06_KpqZo5tENEyKr-Ha1wR4DZuHM,qytf-g55XFE,2026-03-30,0,2025-11-13 13:30:52+00:00
PLV4oS06_KpqZo5tENEyKr-Ha1wR4DZuHM,Q3olnvgueTQ,2026-03-30,1,2025-11-13 13:29:22+00:00
PLV4oS06_KpqZo5tENEyKr-Ha1wR4DZuHM,t8grl_NIYPw,2026-03-30,2,2026-02-10 02:28:39+00:00
PLV4oS06_KpqZo5tENEyKr-Ha1wR4DZuHM,iNyOOzX6lKk,2026-03-30,3,2026-02-10 02:28:52+00:00
PLV4oS06_KpqZo5tENEyKr-Ha1wR4DZuHM,E6-cYClJn3Y,2026-03-30,4,2026-02-10 02:30:30+00:00
PLV4oS06_KpqZo5tENEyKr-Ha1wR4DZuHM,9wkGoWLVjT8,2026-03-30,5,2026-02-10 02:30:15+00:00
PLV4oS06_KpqZo5tENEyKr-Ha1wR4DZuHM,x1FB0zvtgOw,2026-03-30,6,2026-02-10 02:29:11+00:00
PLV4oS06_KpqZo5tENEyKr-Ha1wR4DZuHM,Qc0HiH1iZ8U,2026-03-30,7,2026-02-10 02:29:36+00:00
PLV4oS06_KpqaJurJFbLi3HGrHrlOShc_x,rSYSSOP3h2k,2026-03-30,0,2023-12-23 05:24:09+00:00
PLV4oS06_KpqaJurJFbLi3HGrHrlOShc_x,AARzy2sfqVw,2026-03-30,1,2023-12-23 05:25:25+00:00
PLV4oS06_KpqaJurJFbLi3HGrHrlOShc_x,QueSk8MsubI,2026-03-30,2,2023-12-23 09:05:06+00:00
PLV4oS06_KpqaJurJFbLi3HGrHrlOShc_x,N5qEWgYkGwk,2026-03-30,3,2023-12-24 10:53:07+00:00
PLV4oS06_KpqaJurJFbLi3HGrHrlOShc_x,jJT2Pjgug7s,2026-03-30,4,2023-12-28 08:54:09+00:00
PLV4oS06_KpqaJurJFbLi3HGrHrlOShc_x,7beGTcu4wOY,2026-03-30,5,2023-12-28 09:42:38+00:00
PLV4oS06_KpqaJurJFbLi3HGrHrlOShc_x,YI0_i2mVva0,2026-03-30,6,2025-10-02 00:51:30+00:00
PLV4oS06_KpqaJurJFbLi3HGrHrlOShc_x,AtGVhnK5jRo,2026-03-30,7,2025-10-02 00:51:48+00:00
PLV4oS06_KpqaJurJFbLi3HGrHrlOShc_x,Xnd-Ygs7U3Y,2026-03-30,8,2025-10-02 00:51:59+00:00
PLV4oS06_KpqaJurJFbLi3HGrHrlOShc_x,yiDhqGdxFPs,2026-03-30,9,2025-10-02 00:52:12+00:00
PLV4oS06_KpqaJurJFbLi3HGrHrlOShc_x,W8clxC5S3dU,2026-03-30,10,2025-10-02 00:52:24+00:00
PLV4oS06_KpqaJurJFbLi3HGrHrlOShc_x,9xx1KaBQxVQ,2026-03-30,11,2025-10-02 00:52:35+00:00
PLV4oS06_KpqacM_CdWLJq4SttTNfszK0Q,2W7sPgGlNqo,2026-03-30,0,2023-08-26 11:06:21+00:00
PLV4oS06_KpqacM_CdWLJq4SttTNfszK0Q,-W0cM6L62s8,2026-03-30,1,2023-08-26 11:06:34+00:00
PLV4oS06_KpqacM_CdWLJq4SttTNfszK0Q,EVkg5zFPcMs,2026-03-30,2,2023-08-26 14:43:30+00:00
PLV4oS06_KpqacM_CdWLJq4SttTNfszK0Q,1ISPibwIVQA,2026-03-30,3,2024-07-07 16:54:14+00:00
PLV4oS06_Kpqahle46bX_iDjupUZLUDIad,Z4Fo5F_mLuU,2026-03-30,0,2025-10-19 16:33:20+00:00
PLV4oS06_Kpqahle46bX_iDjupUZLUDIad,dbYadcZ2uOU,2026-03-30,1,2025-10-19 16:33:23+00:00
PLV4oS06_Kpqahle46bX_iDjupUZLUDIad,N-7O94hPplU,2026-03-30,2,2025-10-19 16:33:28+00:00
PLV4oS06_Kpqahle46bX_iDjupUZLUDIad,i6Cfsd0CP2g,2026-03-30,3,2025-10-19 16:33:30+00:00
PLV4oS06_Kpqahle46bX_iDjupUZLUDIad,Q7BvnpCsUAU,2026-03-30,4,2025-10-19 16:33:34+00:00
PLV4oS06_Kpqahle46bX_iDjupUZLUDIad,zToHhAif9Gw,2026-03-30,5,2025-11-02 07:01:04+00:00
PLV4oS06_Kpqahle46bX_iDjupUZLUDIad,1Hgmt97AkBw,2026-03-30,6,2025-11-02 07:04:09+00:00
PLV4oS06_Kpqahle46bX_iDjupUZLUDIad,pHAb6YNGRl4,2026-03-30,7,2025-11-02 07:05:32+00:00
PLV4oS06_Kpqahle46bX_iDjupUZLUDIad,ddB92jjDOVs,2026-03-30,8,2026-01-06 00:47:56+00:00
PLV4oS06_Kpqahle46bX_iDjupUZLUDIad,DebaxM_8EO0,2026-03-30,9,2026-01-06 00:51:18+00:00
PLV4oS06_KpqamcyNZQTeta_OyuILoCavO,8_fVq-UewMc,2026-03-30,0,2025-11-16 09:32:46+00:00
PLV4oS06_KpqamcyNZQTeta_OyuILoCavO,f144Cg6EGxE,2026-03-30,1,2025-11-16 08:58:50+00:00
PLV4oS06_KpqamcyNZQTeta_OyuILoCavO,LXwH60B973Q,2026-03-30,2,2025-11-09 07:01:38+00:00
PLV4oS06_KpqamcyNZQTeta_OyuILoCavO,0i8W5wucIMc,2026-03-30,3,2025-11-08 00:43:35+00:00
PLV4oS06_KpqamcyNZQTeta_OyuILoCavO,rvVwrHtI4gQ,2026-03-30,4,2025-10-31 23:23:30+00:00
PLV4oS06_KpqamcyNZQTeta_OyuILoCavO,y_rVPdd-RNY,2026-03-30,5,2025-10-31 23:08:30+00:00
PLV4oS06_KpqamcyNZQTeta_OyuILoCavO,6rc09OdwHlk,2026-03-30,6,2024-01-28 23:18:41+00:00
PLV4oS06_KpqamcyNZQTeta_OyuILoCavO,Q6vUPD3f4bs,2026-03-30,7,2023-12-13 20:00:23+00:00
PLV4oS06_KpqamcyNZQTeta_OyuILoCavO,kJzw5JPC6AI,2026-03-30,8,2023-12-13 01:48:40+00:00
PLV4oS06_KpqaqyS9x6h5ys3REiUfUDOgy,XHnA-a5rivU,2026-03-30,0,2026-01-11 22:39:37+00:00
PLV4oS06_KpqaqyS9x6h5ys3REiUfUDOgy,Cz9osSyqYXI,2026-03-30,1,2026-01-11 22:39:37+00:00
PLV4oS06_KpqaqyS9x6h5ys3REiUfUDOgy,GgunOaMm_-g,2026-03-30,2,2026-01-11 22:39:37+00:00
PLV4oS06_KpqaqyS9x6h5ys3REiUfUDOgy,thQUAzH5d2o,2026-03-30,3,2026-01-11 22:39:37+00:00
PLV4oS06_KpqaqyS9x6h5ys3REiUfUDOgy,M4Q186h3zHA,2026-03-30,4,2026-01-11 22:39:37+00:00
PLV4oS06_Kpqawr6ifquiC0M_Hg2onwtJ5,mqLksU5um3Q,2026-03-30,0,2022-12-08 10:05:35+00:00
PLV4oS06_Kpqawr6ifquiC0M_Hg2onwtJ5,jRm_0dohWB4,2026-03-30,1,2023-07-28 16:18:43+00:00
PLV4oS06_Kpqawr6ifquiC0M_Hg2onwtJ5,4XgvRRtSUdg,2026-03-30,2,2023-07-29 15:23:19+00:00
PLV4oS06_Kpqawr6ifquiC0M_Hg2onwtJ5,lcOQNnj3lwQ,2026-03-30,3,2024-05-17 13:29:12+00:00
PLV4oS06_KpqbhnVieDd19KJczH_BlBArN,GLJffh1QDM4,2026-03-30,0,2026-01-11 10:11:03+00:00
PLV4oS06_KpqbhnVieDd19KJczH_BlBArN,dnLOQnSM8W8,2026-03-30,1,2026-01-11 10:11:18+00:00
PLV4oS06_KpqbhnVieDd19KJczH_BlBArN,Gcigj916zyE,2026-03-30,2,2026-01-11 10:11:46+00:00
PLV4oS06_KpqbhnVieDd19KJczH_BlBArN,xB4ecIksJSY,2026-03-30,3,2026-01-24 11:58:21+00:00
PLV4oS06_KpqbnahoXdN-A8Ql9zVblYUJl,mj_b9_nxJfw,2026-03-30,0,2025-09-01 08:50:36+00:00
PLV4oS06_KpqbnahoXdN-A8Ql9zVblYUJl,LDp0JP4L6YY,2026-03-30,1,2025-08-12 06:40:37+00:00
PLV4oS06_KpqbnahoXdN-A8Ql9zVblYUJl,X6JyQKV5d0E,2026-03-30,2,2025-08-12 10:15:47+00:00
PLV4oS06_KpqbnahoXdN-A8Ql9zVblYUJl,aLp96mNnYA8,2026-03-30,3,2025-08-12 10:21:59+00:00
PLV4oS06_KpqbnahoXdN-A8Ql9zVblYUJl,v1lKqeiQFTI,2026-03-30,4,2025-08-14 06:20:44+00:00
PLV4oS06_KpqbnahoXdN-A8Ql9zVblYUJl,PIOYkiA1qBw,2026-03-30,5,2025-08-14 06:24:19+00:00
PLV4oS06_KpqbnahoXdN-A8Ql9zVblYUJl,CHz9g2LGYlo,2026-03-30,6,2025-08-14 06:32:16+00:00
PLV4oS06_KpqbnahoXdN-A8Ql9zVblYUJl,YnFvHoWdvzs,2026-03-30,7,2025-08-14 06:36:01+00:00
PLV4oS06_KpqbnahoXdN-A8Ql9zVblYUJl,TGfUG__aOhw,2026-03-30,8,2025-08-14 07:58:08+00:00
PLV4oS06_KpqbnahoXdN-A8Ql9zVblYUJl,m_WT3mJ0J9E,2026-03-30,9,2025-08-14 07:59:27+00:00
PLV4oS06_KpqbnahoXdN-A8Ql9zVblYUJl,K2jlyUL3zK8,2026-03-30,10,2025-08-15 04:59:49+00:00
PLV4oS06_KpqbnahoXdN-A8Ql9zVblYUJl,uN-yP7FwIN4,2026-03-30,11,2025-08-15 05:02:52+00:00
PLV4oS06_KpqbnahoXdN-A8Ql9zVblYUJl,BQnwEe6r4Fg,2026-03-30,12,2025-08-15 05:06:05+00:00
PLV4oS06_KpqbnahoXdN-A8Ql9zVblYUJl,OTkdggNWv14,2026-03-30,13,2025-08-15 05:10:50+00:00
PLV4oS06_KpqbnahoXdN-A8Ql9zVblYUJl,VrvnwaTppAE,2026-03-30,14,2025-08-15 05:13:42+00:00
PLV4oS06_KpqbnahoXdN-A8Ql9zVblYUJl,JbwNhXjC16A,2026-03-30,15,2025-08-15 09:17:06+00:00
PLV4oS06_KpqbnahoXdN-A8Ql9zVblYUJl,ue5vLsIijHs,2026-03-30,16,2025-08-15 09:23:28+00:00
PLV4oS06_KpqbnahoXdN-A8Ql9zVblYUJl,zcOZ0IEsXHc,2026-03-30,17,2025-08-15 09:26:28+00:00
PLV4oS06_KpqbnahoXdN-A8Ql9zVblYUJl,_cXvg-XPnUs,2026-03-30,18,2025-08-15 09:32:06+00:00
PLV4oS06_KpqbnahoXdN-A8Ql9zVblYUJl,q0n48c-f4O8,2026-03-30,19,2025-08-15 09:36:21+00:00
PLV4oS06_KpqbnahoXdN-A8Ql9zVblYUJl,CrG-FruGb-k,2026-03-30,20,2025-08-15 09:46:14+00:00
PLV4oS06_KpqbnahoXdN-A8Ql9zVblYUJl,ZWi_B_rqvt4,2026-03-30,21,2025-08-15 09:52:09+00:00
PLV4oS06_KpqbnahoXdN-A8Ql9zVblYUJl,tIxrQnDwvx4,2026-03-30,22,2025-08-15 09:54:34+00:00
PLV4oS06_KpqbnahoXdN-A8Ql9zVblYUJl,NQpnc4YfuQo,2026-03-30,23,2025-08-15 09:58:19+00:00
PLV4oS06_KpqbnahoXdN-A8Ql9zVblYUJl,vBRiaP5NgVw,2026-03-30,24,2025-08-16 07:15:30+00:00
PLV4oS06_KpqbnahoXdN-A8Ql9zVblYUJl,t4eZfB4XTHg,2026-03-30,25,2025-08-16 07:18:01+00:00
PLV4oS06_KpqbnahoXdN-A8Ql9zVblYUJl,Dc98c6LPQQE,2026-03-30,26,2025-08-16 07:21:24+00:00
PLV4oS06_KpqbnahoXdN-A8Ql9zVblYUJl,YDElIJ6jMrw,2026-03-30,27,2025-08-16 07:23:05+00:00
PLV4oS06_KpqbnahoXdN-A8Ql9zVblYUJl,Lox4HlSibXo,2026-03-30,28,2025-08-16 07:25:45+00:00
PLV4oS06_KpqbnahoXdN-A8Ql9zVblYUJl,Q275enpY7bY,2026-03-30,29,2025-08-16 07:27:54+00:00
PLV4oS06_KpqbnahoXdN-A8Ql9zVblYUJl,Oswa8OkiQPs,2026-03-30,30,2025-08-16 07:30:14+00:00
PLV4oS06_KpqbnahoXdN-A8Ql9zVblYUJl,U92pTqhzxoQ,2026-03-30,31,2025-08-16 07:32:28+00:00
PLV4oS06_KpqbnahoXdN-A8Ql9zVblYUJl,vJXvL5i4OQY,2026-03-30,32,2025-08-16 07:35:33+00:00
PLV4oS06_KpqbnahoXdN-A8Ql9zVblYUJl,eVL3dw9BfPc,2026-03-30,33,2025-08-16 07:38:44+00:00
PLV4oS06_KpqbnahoXdN-A8Ql9zVblYUJl,THxGW9huLRg,2026-03-30,34,2025-08-16 07:40:35+00:00
PLV4oS06_KpqbnahoXdN-A8Ql9zVblYUJl,nAYXMoOpNsM,2026-03-30,35,2025-08-16 07:42:02+00:00
PLV4oS06_KpqbnahoXdN-A8Ql9zVblYUJl,zT66rq7mEu4,2026-03-30,36,2025-08-16 14:18:33+00:00
PLV4oS06_KpqbnahoXdN-A8Ql9zVblYUJl,sV8nczRvPAU,2026-03-30,37,2025-08-16 14:19:42+00:00
PLV4oS06_KpqbnahoXdN-A8Ql9zVblYUJl,kegfG0chZHI,2026-03-30,38,2025-08-16 14:22:21+00:00
PLV4oS06_KpqbnahoXdN-A8Ql9zVblYUJl,5BEWVMsLsBo,2026-03-30,39,2025-08-16 14:24:03+00:00
PLV4oS06_KpqbnahoXdN-A8Ql9zVblYUJl,v1Qnd2Uxcjs,2026-03-30,40,2025-08-16 14:27:58+00:00
PLV4oS06_KpqbnahoXdN-A8Ql9zVblYUJl,yzvzl1LBXm0,2026-03-30,41,2025-08-16 14:29:48+00:00
PLV4oS06_KpqbnahoXdN-A8Ql9zVblYUJl,UlDUQ9G0QHM,2026-03-30,42,2025-08-16 14:31:42+00:00
PLV4oS06_KpqbnahoXdN-A8Ql9zVblYUJl,NVwGmBS-wMw,2026-03-30,43,2025-08-16 14:32:53+00:00
PLV4oS06_KpqbnahoXdN-A8Ql9zVblYUJl,P4--JGi1xH8,2026-03-30,44,2025-08-16 14:35:00+00:00
PLV4oS06_KpqbnahoXdN-A8Ql9zVblYUJl,4aUW0262vu8,2026-03-30,45,2025-08-16 14:37:07+00:00
PLV4oS06_KpqbnahoXdN-A8Ql9zVblYUJl,R7hA1gBrsvQ,2026-03-30,46,2025-08-18 12:08:43+00:00
PLV4oS06_KpqbnahoXdN-A8Ql9zVblYUJl,E_MeMkTfBsk,2026-03-30,47,2025-08-18 12:11:13+00:00
PLV4oS06_KpqbnahoXdN-A8Ql9zVblYUJl,PLGbRoNcVL4,2026-03-30,48,2025-08-18 12:13:25+00:00
PLV4oS06_KpqbnahoXdN-A8Ql9zVblYUJl,6lR81YOeNKs,2026-03-30,49,2025-08-18 12:15:19+00:00
PLV4oS06_KpqbnahoXdN-A8Ql9zVblYUJl,KpjJH-fdImI,2026-03-30,50,2025-09-21 19:18:47+00:00
PLV4oS06_KpqbnahoXdN-A8Ql9zVblYUJl,xJ05Nq48Zq4,2026-03-30,51,2025-09-21 19:24:59+00:00
PLV4oS06_KpqbnahoXdN-A8Ql9zVblYUJl,xic7AMpR4IM,2026-03-30,52,2025-09-21 19:31:07+00:00
PLV4oS06_KpqbnahoXdN-A8Ql9zVblYUJl,DWS8WsB2FgE,2026-03-30,53,2025-09-21 19:34:47+00:00
PLV4oS06_KpqbnahoXdN-A8Ql9zVblYUJl,7kTYy0cJ_EE,2026-03-30,54,2025-09-21 19:37:41+00:00
PLV4oS06_KpqbnahoXdN-A8Ql9zVblYUJl,Zyg3scrypKQ,2026-03-30,55,2025-09-21 19:39:24+00:00
PLV4oS06_KpqbnahoXdN-A8Ql9zVblYUJl,a1nrZ-A7vSg,2026-03-30,56,2025-09-21 19:40:57+00:00
PLV4oS06_KpqbsY_I8iR4HRvb6w3vXUBIM,7bwkNrRpgw0,2026-03-30,0,2026-01-23 06:51:06+00:00
PLV4oS06_KpqbsY_I8iR4HRvb6w3vXUBIM,HDyKUodeuNw,2026-03-30,1,2026-01-23 06:37:27+00:00
PLV4oS06_KpqY-NCxlYCYMPENL0EUTLNuU,DQlkV2DmA_M,2026-03-23,0,2025-10-07 08:51:06+00:00
PLV4oS06_KpqY-NCxlYCYMPENL0EUTLNuU,MHxjAOrdxCU,2026-03-23,1,2025-10-07 08:55:56+00:00
PLV4oS06_KpqY-NCxlYCYMPENL0EUTLNuU,1eRuwnvwsPo,2026-03-23,2,2025-10-07 08:57:09+00:00
PLV4oS06_KpqY-NCxlYCYMPENL0EUTLNuU,IIT39Xomn94,2026-03-23,3,2025-10-07 09:00:56+00:00
PLV4oS06_KpqY-NCxlYCYMPENL0EUTLNuU,ecJm9JHj18g,2026-03-23,4,2025-10-07 19:53:24+00:00
PLV4oS06_KpqY-NCxlYCYMPENL0EUTLNuU,pLRAticn7NU,2026-03-23,5,2025-10-07 19:55:40+00:00
PLV4oS06_KpqY-NCxlYCYMPENL0EUTLNuU,t3jyABNSOno,2026-03-23,6,2025-10-07 19:56:36+00:00
PLV4oS06_KpqY-NCxlYCYMPENL0EUTLNuU,OzgC7e3Eths,2026-03-23,7,2025-10-07 19:57:33+00:00
PLV4oS06_KpqY-NCxlYCYMPENL0EUTLNuU,njqE2uGyysQ,2026-03-23,8,2025-10-07 19:59:45+00:00
PLV4oS06_KpqY-NCxlYCYMPENL0EUTLNuU,4JmKLgtmMBI,2026-03-23,9,2025-10-07 20:00:43+00:00
PLV4oS06_KpqY5xZ2gZ8u_79cmLrVUsGNe,aoP5EPC9Skw,2026-03-23,0,2025-09-11 08:49:27+00:00
PLV4oS06_KpqY5xZ2gZ8u_79cmLrVUsGNe,VUPm0AxqTho,2026-03-23,1,2025-09-11 08:49:13+00:00
PLV4oS06_KpqY5xZ2gZ8u_79cmLrVUsGNe,Ie-FqoNGqLA,2026-03-23,2,2025-09-11 08:49:56+00:00
PLV4oS06_KpqYMuPNqu6S1GgnyuhMOzBaN,ee-gYMaH1Rk,2026-03-23,0,2023-08-16 07:53:02+00:00
PLV4oS06_KpqYMuPNqu6S1GgnyuhMOzBaN,xsptE33QWNE,2026-03-23,1,2023-08-25 12:21:27+00:00
PLV4oS06_KpqYMuPNqu6S1GgnyuhMOzBaN,7q20ukuXuN8,2026-03-23,2,2024-05-17 13:27:51+00:00
PLV4oS06_KpqYRtYRoQHo_F_KsEjmqcDK7,J0GOADsEp4E,2026-03-23,0,2025-11-16 04:27:46+00:00
PLV4oS06_KpqYRtYRoQHo_F_KsEjmqcDK7,4v5Vv8fsR-g,2026-03-23,1,2025-11-16 04:25:53+00:00
PLV4oS06_KpqYRtYRoQHo_F_KsEjmqcDK7,ffCLLOraLFA,2026-03-23,2,2025-11-16 04:22:33+00:00
PLV4oS06_KpqYRtYRoQHo_F_KsEjmqcDK7,8AMwesfk-DM,2026-03-23,3,2025-11-16 04:21:13+00:00
PLV4oS06_KpqYRtYRoQHo_F_KsEjmqcDK7,HyPyDdUy-Xk,2026-03-23,4,2026-02-10 02:26:42+00:00
PLV4oS06_KpqYRtYRoQHo_F_KsEjmqcDK7,46knscCk2Ic,2026-03-23,5,2026-02-10 02:26:42+00:00
PLV4oS06_KpqYRtYRoQHo_F_KsEjmqcDK7,a4PcaVKyCko,2026-03-23,6,2026-02-10 02:26:42+00:00
PLV4oS06_KpqYRtYRoQHo_F_KsEjmqcDK7,OoG2Z1GdWQQ,2026-03-23,7,2026-02-10 02:26:42+00:00
PLV4oS06_KpqYRtYRoQHo_F_KsEjmqcDK7,7sgJBBtJV3A,2026-03-23,8,2026-02-10 02:26:42+00:00
PLV4oS06_KpqYRtYRoQHo_F_KsEjmqcDK7,NMt3A12yjhg,2026-03-23,9,2026-02-10 02:26:42+00:00
PLV4oS06_KpqYRtYRoQHo_F_KsEjmqcDK7,1-VRjF4aDgk,2026-03-23,10,2026-02-10 02:26:42+00:00
PLV4oS06_KpqYRtYRoQHo_F_KsEjmqcDK7,pqAswnET2XQ,2026-03-23,11,2026-02-10 02:26:42+00:00
PLV4oS06_KpqYRtYRoQHo_F_KsEjmqcDK7,hhX0ynoT_mc,2026-03-23,12,2026-02-10 02:26:42+00:00
PLV4oS06_KpqYRtYRoQHo_F_KsEjmqcDK7,XEdE-i6as6I,2026-03-23,13,2026-02-10 02:26:42+00:00
PLV4oS06_KpqZGwOHo-tsdIiaZts7qaqql,Zj6uiqMvFOU,2026-03-23,0,2026-01-17 20:02:37+00:00
PLV4oS06_KpqZGwOHo-tsdIiaZts7qaqql,RiYjYfMTGvw,2026-03-23,1,2026-01-11 23:05:55+00:00
PLV4oS06_KpqZGwOHo-tsdIiaZts7qaqql,0VmI47XeOuE,2026-03-23,2,2026-01-11 23:05:33+00:00
PLV4oS06_KpqZREyUB473G07o-IsM7n-fi,BUC65TLIGf8,2026-03-23,0,2023-08-14 07:17:54+00:00
PLV4oS06_KpqZREyUB473G07o-IsM7n-fi,o3fMDF3PGhM,2026-03-23,1,2023-08-10 06:48:36+00:00
PLV4oS06_KpqZREyUB473G07o-IsM7n-fi,hipquVDxH70,2026-03-23,2,2023-08-14 04:11:39+00:00
PLV4oS06_KpqZREyUB473G07o-IsM7n-fi,IAjVUpwzMGo,2026-03-23,3,2023-08-11 06:07:02+00:00
PLV4oS06_KpqZREyUB473G07o-IsM7n-fi,pcSv3TjR5ZQ,2026-03-23,4,2023-08-14 08:51:24+00:00
PLV4oS06_KpqZREyUB473G07o-IsM7n-fi,eO7e64yu3Kk,2026-03-23,5,2023-08-17 08:34:55+00:00
PLV4oS06_KpqZREyUB473G07o-IsM7n-fi,qr6ATPTgl20,2026-03-23,6,2023-08-19 10:15:24+00:00
PLV4oS06_KpqZREyUB473G07o-IsM7n-fi,2s7evXo3BkI,2026-03-23,7,2023-08-21 11:07:18+00:00
PLV4oS06_KpqZREyUB473G07o-IsM7n-fi,_ofTsPs9mT8,2026-03-23,8,2023-08-22 09:52:11+00:00
PLV4oS06_KpqZREyUB473G07o-IsM7n-fi,G0pKbjeeTMs,2026-03-23,9,2023-08-27 11:54:32+00:00
PLV4oS06_KpqZREyUB473G07o-IsM7n-fi,ci1hFXvOMjw,2026-03-23,10,2023-08-23 04:22:12+00:00
PLV4oS06_KpqZREyUB473G07o-IsM7n-fi,PGZNyTVcZbI,2026-03-23,11,2023-08-24 10:07:33+00:00
PLV4oS06_KpqZREyUB473G07o-IsM7n-fi,IQPxO_NmSJk,2026-03-23,12,2023-09-10 06:00:03+00:00
PLV4oS06_KpqZREyUB473G07o-IsM7n-fi,bOvsWX2Mgmg,2026-03-23,13,2023-09-11 05:20:23+00:00
PLV4oS06_KpqZREyUB473G07o-IsM7n-fi,Im9z2T57eEw,2026-03-23,14,2023-09-12 06:21:38+00:00
PLV4oS06_KpqZREyUB473G07o-IsM7n-fi,HvXbln87KY0,2026-03-23,15,2023-09-14 09:59:13+00:00
PLV4oS06_KpqZREyUB473G07o-IsM7n-fi,1OxYQbmdW-Y,2026-03-23,16,2023-09-14 09:52:30+00:00
PLV4oS06_KpqZo5tENEyKr-Ha1wR4DZuHM,qytf-g55XFE,2026-03-23,0,2025-11-13 13:30:52+00:00
PLV4oS06_KpqZo5tENEyKr-Ha1wR4DZuHM,Q3olnvgueTQ,2026-03-23,1,2025-11-13 13:29:22+00:00
PLV4oS06_KpqZo5tENEyKr-Ha1wR4DZuHM,t8grl_NIYPw,2026-03-23,2,2026-02-10 02:28:39+00:00
PLV4oS06_KpqZo5tENEyKr-Ha1wR4DZuHM,iNyOOzX6lKk,2026-03-23,3,2026-02-10 02:28:52+00:00
PLV4oS06_KpqZo5tENEyKr-Ha1wR4DZuHM,E6-cYClJn3Y,2026-03-23,4,2026-02-10 02:30:30+00:00
PLV4oS06_KpqZo5tENEyKr-Ha1wR4DZuHM,9wkGoWLVjT8,2026-03-23,5,2026-02-10 02:30:15+00:00
PLV4oS06_KpqZo5tENEyKr-Ha1wR4DZuHM,x1FB0zvtgOw,2026-03-23,6,2026-02-10 02:29:11+00:00
PLV4oS06_KpqZo5tENEyKr-Ha1wR4DZuHM,Qc0HiH1iZ8U,2026-03-23,7,2026-02-10 02:29:36+00:00
PLV4oS06_KpqaJurJFbLi3HGrHrlOShc_x,rSYSSOP3h2k,2026-03-23,0,2023-12-23 05:24:09+00:00
PLV4oS06_KpqaJurJFbLi3HGrHrlOShc_x,AARzy2sfqVw,2026-03-23,1,2023-12-23 05:25:25+00:00
PLV4oS06_KpqaJurJFbLi3HGrHrlOShc_x,QueSk8MsubI,2026-03-23,2,2023-12-23 09:05:06+00:00
PLV4oS06_KpqaJurJFbLi3HGrHrlOShc_x,N5qEWgYkGwk,2026-03-23,3,2023-12-24 10:53:07+00:00
PLV4oS06_KpqaJurJFbLi3HGrHrlOShc_x,jJT2Pjgug7s,2026-03-23,4,2023-12-28 08:54:09+00:00
PLV4oS06_KpqaJurJFbLi3HGrHrlOShc_x,7beGTcu4wOY,2026-03-23,5,2023-12-28 09:42:38+00:00
PLV4oS06_KpqaJurJFbLi3HGrHrlOShc_x,YI0_i2mVva0,2026-03-23,6,2025-10-02 00:51:30+00:00
PLV4oS06_KpqaJurJFbLi3HGrHrlOShc_x,AtGVhnK5jRo,2026-03-23,7,2025-10-02 00:51:48+00:00
PLV4oS06_KpqaJurJFbLi3HGrHrlOShc_x,Xnd-Ygs7U3Y,2026-03-23,8,2025-10-02 00:51:59+00:00
PLV4oS06_KpqaJurJFbLi3HGrHrlOShc_x,yiDhqGdxFPs,2026-03-23,9,2025-10-02 00:52:12+00:00
PLV4oS06_KpqaJurJFbLi3HGrHrlOShc_x,W8clxC5S3dU,2026-03-23,10,2025-10-02 00:52:24+00:00
PLV4oS06_KpqaJurJFbLi3HGrHrlOShc_x,9xx1KaBQxVQ,2026-03-23,11,2025-10-02 00:52:35+00:00
PLV4oS06_KpqacM_CdWLJq4SttTNfszK0Q,2W7sPgGlNqo,2026-03-23,0,2023-08-26 11:06:21+00:00
PLV4oS06_KpqacM_CdWLJq4SttTNfszK0Q,-W0cM6L62s8,2026-03-23,1,2023-08-26 11:06:34+00:00
PLV4oS06_KpqacM_CdWLJq4SttTNfszK0Q,EVkg5zFPcMs,2026-03-23,2,2023-08-26 14:43:30+00:00
PLV4oS06_KpqacM_CdWLJq4SttTNfszK0Q,1ISPibwIVQA,2026-03-23,3,2024-07-07 16:54:14+00:00
PLV4oS06_Kpqahle46bX_iDjupUZLUDIad,Z4Fo5F_mLuU,2026-03-23,0,2025-10-19 16:33:20+00:00
PLV4oS06_Kpqahle46bX_iDjupUZLUDIad,dbYadcZ2uOU,2026-03-23,1,2025-10-19 16:33:23+00:00
PLV4oS06_Kpqahle46bX_iDjupUZLUDIad,N-7O94hPplU,2026-03-23,2,2025-10-19 16:33:28+00:00
PLV4oS06_Kpqahle46bX_iDjupUZLUDIad,i6Cfsd0CP2g,2026-03-23,3,2025-10-19 16:33:30+00:00
PLV4oS06_Kpqahle46bX_iDjupUZLUDIad,Q7BvnpCsUAU,2026-03-23,4,2025-10-19 16:33:34+00:00
PLV4oS06_Kpqahle46bX_iDjupUZLUDIad,zToHhAif9Gw,2026-03-23,5,2025-11-02 07:01:04+00:00
PLV4oS06_Kpqahle46bX_iDjupUZLUDIad,1Hgmt97AkBw,2026-03-23,6,2025-11-02 07:04:09+00:00
PLV4oS06_Kpqahle46bX_iDjupUZLUDIad,pHAb6YNGRl4,2026-03-23,7,2025-11-02 07:05:32+00:00
PLV4oS06_Kpqahle46bX_iDjupUZLUDIad,ddB92jjDOVs,2026-03-23,8,2026-01-06 00:47:56+00:00
PLV4oS06_Kpqahle46bX_iDjupUZLUDIad,DebaxM_8EO0,2026-03-23,9,2026-01-06 00:51:18+00:00
PLV4oS06_KpqamcyNZQTeta_OyuILoCavO,8_fVq-UewMc,2026-03-23,0,2025-11-16 09:32:46+00:00
PLV4oS06_KpqamcyNZQTeta_OyuILoCavO,f144Cg6EGxE,2026-03-23,1,2025-11-16 08:58:50+00:00
PLV4oS06_KpqamcyNZQTeta_OyuILoCavO,LXwH60B973Q,2026-03-23,2,2025-11-09 07:01:38+00:00
PLV4oS06_KpqamcyNZQTeta_OyuILoCavO,0i8W5wucIMc,2026-03-23,3,2025-11-08 00:43:35+00:00
PLV4oS06_KpqamcyNZQTeta_OyuILoCavO,rvVwrHtI4gQ,2026-03-23,4,2025-10-31 23:23:30+00:00
PLV4oS06_KpqamcyNZQTeta_OyuILoCavO,y_rVPdd-RNY,2026-03-23,5,2025-10-31 23:08:30+00:00
PLV4oS06_KpqamcyNZQTeta_OyuILoCavO,6rc09OdwHlk,2026-03-23,6,2024-01-28 23:18:41+00:00
PLV4oS06_KpqamcyNZQTeta_OyuILoCavO,Q6vUPD3f4bs,2026-03-23,7,2023-12-13 20:00:23+00:00
PLV4oS06_KpqamcyNZQTeta_OyuILoCavO,kJzw5JPC6AI,2026-03-23,8,2023-12-13 01:48:40+00:00
PLV4oS06_KpqaqyS9x6h5ys3REiUfUDOgy,XHnA-a5rivU,2026-03-23,0,2026-01-11 22:39:37+00:00
PLV4oS06_KpqaqyS9x6h5ys3REiUfUDOgy,Cz9osSyqYXI,2026-03-23,1,2026-01-11 22:39:37+00:00
PLV4oS06_KpqaqyS9x6h5ys3REiUfUDOgy,GgunOaMm_-g,2026-03-23,2,2026-01-11 22:39:37+00:00
PLV4oS06_KpqaqyS9x6h5ys3REiUfUDOgy,thQUAzH5d2o,2026-03-23,3,2026-01-11 22:39:37+00:00
PLV4oS06_KpqaqyS9x6h5ys3REiUfUDOgy,M4Q186h3zHA,2026-03-23,4,2026-01-11 22:39:37+00:00
PLV4oS06_Kpqawr6ifquiC0M_Hg2onwtJ5,mqLksU5um3Q,2026-03-23,0,2022-12-08 10:05:35+00:00
PLV4oS06_Kpqawr6ifquiC0M_Hg2onwtJ5,jRm_0dohWB4,2026-03-23,1,2023-07-28 16:18:43+00:00
PLV4oS06_Kpqawr6ifquiC0M_Hg2onwtJ5,4XgvRRtSUdg,2026-03-23,2,2023-07-29 15:23:19+00:00
PLV4oS06_Kpqawr6ifquiC0M_Hg2onwtJ5,lcOQNnj3lwQ,2026-03-23,3,2024-05-17 13:29:12+00:00
PLV4oS06_KpqbhnVieDd19KJczH_BlBArN,GLJffh1QDM4,2026-03-23,0,2026-01-11 10:11:03+00:00
PLV4oS06_KpqbhnVieDd19KJczH_BlBArN,dnLOQnSM8W8,2026-03-23,1,2026-01-11 10:11:18+00:00
PLV4oS06_KpqbhnVieDd19KJczH_BlBArN,Gcigj916zyE,2026-03-23,2,2026-01-11 10:11:46+00:00
PLV4oS06_KpqbhnVieDd19KJczH_BlBArN,xB4ecIksJSY,2026-03-23,3,2026-01-24 11:58:21+00:00
PLV4oS06_KpqbnahoXdN-A8Ql9zVblYUJl,mj_b9_nxJfw,2026-03-23,0,2025-09-01 08:50:36+00:00
PLV4oS06_KpqbnahoXdN-A8Ql9zVblYUJl,LDp0JP4L6YY,2026-03-23,1,2025-08-12 06:40:37+00:00
PLV4oS06_KpqbnahoXdN-A8Ql9zVblYUJl,X6JyQKV5d0E,2026-03-23,2,2025-08-12 10:15:47+00:00
PLV4oS06_KpqbnahoXdN-A8Ql9zVblYUJl,aLp96mNnYA8,2026-03-23,3,2025-08-12 10:21:59+00:00
PLV4oS06_KpqbnahoXdN-A8Ql9zVblYUJl,v1lKqeiQFTI,2026-03-23,4,2025-08-14 06:20:44+00:00
PLV4oS06_KpqbnahoXdN-A8Ql9zVblYUJl,PIOYkiA1qBw,2026-03-23,5,2025-08-14 06:24:19+00:00
PLV4oS06_KpqbnahoXdN-A8Ql9zVblYUJl,CHz9g2LGYlo,2026-03-23,6,2025-08-14 06:32:16+00:00
PLV4oS06_KpqbnahoXdN-A8Ql9zVblYUJl,YnFvHoWdvzs,2026-03-23,7,2025-08-14 06:36:01+00:00
PLV4oS06_KpqbnahoXdN-A8Ql9zVblYUJl,TGfUG__aOhw,2026-03-23,8,2025-08-14 07:58:08+00:00
PLV4oS06_KpqbnahoXdN-A8Ql9zVblYUJl,m_WT3mJ0J9E,2026-03-23,9,2025-08-14 07:59:27+00:00
PLV4oS06_KpqbnahoXdN-A8Ql9zVblYUJl,K2jlyUL3zK8,2026-03-23,10,2025-08-15 04:59:49+00:00
PLV4oS06_KpqbnahoXdN-A8Ql9zVblYUJl,uN-yP7FwIN4,2026-03-23,11,2025-08-15 05:02:52+00:00
PLV4oS06_KpqbnahoXdN-A8Ql9zVblYUJl,BQnwEe6r4Fg,2026-03-23,12,2025-08-15 05:06:05+00:00
PLV4oS06_KpqbnahoXdN-A8Ql9zVblYUJl,OTkdggNWv14,2026-03-23,13,2025-08-15 05:10:50+00:00
PLV4oS06_KpqbnahoXdN-A8Ql9zVblYUJl,VrvnwaTppAE,2026-03-23,14,2025-08-15 05:13:42+00:00
PLV4oS06_KpqbnahoXdN-A8Ql9zVblYUJl,JbwNhXjC16A,2026-03-23,15,2025-08-15 09:17:06+00:00
PLV4oS06_KpqbnahoXdN-A8Ql9zVblYUJl,ue5vLsIijHs,2026-03-23,16,2025-08-15 09:23:28+00:00
PLV4oS06_KpqbnahoXdN-A8Ql9zVblYUJl,zcOZ0IEsXHc,2026-03-23,17,2025-08-15 09:26:28+00:00
PLV4oS06_KpqbnahoXdN-A8Ql9zVblYUJl,_cXvg-XPnUs,2026-03-23,18,2025-08-15 09:32:06+00:00
PLV4oS06_KpqbnahoXdN-A8Ql9zVblYUJl,q0n48c-f4O8,2026-03-23,19,2025-08-15 09:36:21+00:00
PLV4oS06_KpqbnahoXdN-A8Ql9zVblYUJl,CrG-FruGb-k,2026-03-23,20,2025-08-15 09:46:14+00:00
PLV4oS06_KpqbnahoXdN-A8Ql9zVblYUJl,ZWi_B_rqvt4,2026-03-23,21,2025-08-15 09:52:09+00:00
PLV4oS06_KpqbnahoXdN-A8Ql9zVblYUJl,tIxrQnDwvx4,2026-03-23,22,2025-08-15 09:54:34+00:00
PLV4oS06_KpqbnahoXdN-A8Ql9zVblYUJl,NQpnc4YfuQo,2026-03-23,23,2025-08-15 09:58:19+00:00
PLV4oS06_KpqbnahoXdN-A8Ql9zVblYUJl,vBRiaP5NgVw,2026-03-23,24,2025-08-16 07:15:30+00:00
PLV4oS06_KpqbnahoXdN-A8Ql9zVblYUJl,t4eZfB4XTHg,2026-03-23,25,2025-08-16 07:18:01+00:00
PLV4oS06_KpqbnahoXdN-A8Ql9zVblYUJl,Dc98c6LPQQE,2026-03-23,26,2025-08-16 07:21:24+00:00
PLV4oS06_KpqbnahoXdN-A8Ql9zVblYUJl,YDElIJ6jMrw,2026-03-23,27,2025-08-16 07:23:05+00:00
PLV4oS06_KpqbnahoXdN-A8Ql9zVblYUJl,Lox4HlSibXo,2026-03-23,28,2025-08-16 07:25:45+00:00
PLV4oS06_KpqbnahoXdN-A8Ql9zVblYUJl,Q275enpY7bY,2026-03-23,29,2025-08-16 07:27:54+00:00
PLV4oS06_KpqbnahoXdN-A8Ql9zVblYUJl,Oswa8OkiQPs,2026-03-23,30,2025-08-16 07:30:14+00:00
PLV4oS06_KpqbnahoXdN-A8Ql9zVblYUJl,U92pTqhzxoQ,2026-03-23,31,2025-08-16 07:32:28+00:00
PLV4oS06_KpqbnahoXdN-A8Ql9zVblYUJl,vJXvL5i4OQY,2026-03-23,32,2025-08-16 07:35:33+00:00
PLV4oS06_KpqbnahoXdN-A8Ql9zVblYUJl,eVL3dw9BfPc,2026-03-23,33,2025-08-16 07:38:44+00:00
PLV4oS06_KpqbnahoXdN-A8Ql9zVblYUJl,THxGW9huLRg,2026-03-23,34,2025-08-16 07:40:35+00:00
PLV4oS06_KpqbnahoXdN-A8Ql9zVblYUJl,nAYXMoOpNsM,2026-03-23,35,2025-08-16 07:42:02+00:00
PLV4oS06_KpqbnahoXdN-A8Ql9zVblYUJl,zT66rq7mEu4,2026-03-23,36,2025-08-16 14:18:33+00:00
PLV4oS06_KpqbnahoXdN-A8Ql9zVblYUJl,sV8nczRvPAU,2026-03-23,37,2025-08-16 14:19:42+00:00
PLV4oS06_KpqbnahoXdN-A8Ql9zVblYUJl,kegfG0chZHI,2026-03-23,38,2025-08-16 14:22:21+00:00
PLV4oS06_KpqbnahoXdN-A8Ql9zVblYUJl,5BEWVMsLsBo,2026-03-23,39,2025-08-16 14:24:03+00:00
PLV4oS06_KpqbnahoXdN-A8Ql9zVblYUJl,v1Qnd2Uxcjs,2026-03-23,40,2025-08-16 14:27:58+00:00
PLV4oS06_KpqbnahoXdN-A8Ql9zVblYUJl,yzvzl1LBXm0,2026-03-23,41,2025-08-16 14:29:48+00:00
PLV4oS06_KpqbnahoXdN-A8Ql9zVblYUJl,UlDUQ9G0QHM,2026-03-23,42,2025-08-16 14:31:42+00:00
PLV4oS06_KpqbnahoXdN-A8Ql9zVblYUJl,NVwGmBS-wMw,2026-03-23,43,2025-08-16 14:32:53+00:00
PLV4oS06_KpqbnahoXdN-A8Ql9zVblYUJl,P4--JGi1xH8,2026-03-23,44,2025-08-16 14:35:00+00:00
PLV4oS06_KpqbnahoXdN-A8Ql9zVblYUJl,4aUW0262vu8,2026-03-23,45,2025-08-16 14:37:07+00:00
PLV4oS06_KpqbnahoXdN-A8Ql9zVblYUJl,R7hA1gBrsvQ,2026-03-23,46,2025-08-18 12:08:43+00:00
PLV4oS06_KpqbnahoXdN-A8Ql9zVblYUJl,E_MeMkTfBsk,2026-03-23,47,2025-08-18 12:11:13+00:00
PLV4oS06_KpqbnahoXdN-A8Ql9zVblYUJl,PLGbRoNcVL4,2026-03-23,48,2025-08-18 12:13:25+00:00
PLV4oS06_KpqbnahoXdN-A8Ql9zVblYUJl,6lR81YOeNKs,2026-03-23,49,2025-08-18 12:15:19+00:00
PLV4oS06_KpqbnahoXdN-A8Ql9zVblYUJl,KpjJH-fdImI,2026-03-23,50,2025-09-21 19:18:47+00:00
PLV4oS06_KpqbnahoXdN-A8Ql9zVblYUJl,xJ05Nq48Zq4,2026-03-23,51,2025-09-21 19:24:59+00:00
PLV4oS06_KpqbnahoXdN-A8Ql9zVblYUJl,xic7AMpR4IM,2026-03-23,52,2025-09-21 19:31:07+00:00
PLV4oS06_KpqbnahoXdN-A8Ql9zVblYUJl,DWS8WsB2FgE,2026-03-23,53,2025-09-21 19:34:47+00:00
PLV4oS06_KpqbnahoXdN-A8Ql9zVblYUJl,7kTYy0cJ_EE,2026-03-23,54,2025-09-21 19:37:41+00:00
PLV4oS06_KpqbnahoXdN-A8Ql9zVblYUJl,Zyg3scrypKQ,2026-03-23,55,2025-09-21 19:39:24+00:00
PLV4oS06_KpqbnahoXdN-A8Ql9zVblYUJl,a1nrZ-A7vSg,2026-03-23,56,2025-09-21 19:40:57+00:00
PLV4oS06_KpqbsY_I8iR4HRvb6w3vXUBIM,7bwkNrRpgw0,2026-03-23,0,2026-01-23 06:51:06+00:00
PLV4oS06_KpqbsY_I8iR4HRvb6w3vXUBIM,HDyKUodeuNw,2026-03-23,1,2026-01-23 06:37:27+00:00
PLV4oS06_KpqY-NCxlYCYMPENL0EUTLNuU,DQlkV2DmA_M,2026-03-16,0,2025-10-07 08:51:06+00:00
PLV4oS06_KpqY-NCxlYCYMPENL0EUTLNuU,MHxjAOrdxCU,2026-03-16,1,2025-10-07 08:55:56+00:00
PLV4oS06_KpqY-NCxlYCYMPENL0EUTLNuU,1eRuwnvwsPo,2026-03-16,2,2025-10-07 08:57:09+00:00
PLV4oS06_KpqY-NCxlYCYMPENL0EUTLNuU,IIT39Xomn94,2026-03-16,3,2025-10-07 09:00:56+00:00
PLV4oS06_KpqY-NCxlYCYMPENL0EUTLNuU,ecJm9JHj18g,2026-03-16,4,2025-10-07 19:53:24+00:00
PLV4oS06_KpqY-NCxlYCYMPENL0EUTLNuU,pLRAticn7NU,2026-03-16,5,2025-10-07 19:55:40+00:00
PLV4oS06_KpqY-NCxlYCYMPENL0EUTLNuU,t3jyABNSOno,2026-03-16,6,2025-10-07 19:56:36+00:00
PLV4oS06_KpqY-NCxlYCYMPENL0EUTLNuU,OzgC7e3Eths,2026-03-16,7,2025-10-07 19:57:33+00:00
PLV4oS06_KpqY-NCxlYCYMPENL0EUTLNuU,njqE2uGyysQ,2026-03-16,8,2025-10-07 19:59:45+00:00
PLV4oS06_KpqY-NCxlYCYMPENL0EUTLNuU,4JmKLgtmMBI,2026-03-16,9,2025-10-07 20:00:43+00:00
PLV4oS06_KpqY5xZ2gZ8u_79cmLrVUsGNe,aoP5EPC9Skw,2026-03-16,0,2025-09-11 08:49:27+00:00
PLV4oS06_KpqY5xZ2gZ8u_79cmLrVUsGNe,VUPm0AxqTho,2026-03-16,1,2025-09-11 08:49:13+00:00
PLV4oS06_KpqY5xZ2gZ8u_79cmLrVUsGNe,Ie-FqoNGqLA,2026-03-16,2,2025-09-11 08:49:56+00:00
PLV4oS06_KpqYMuPNqu6S1GgnyuhMOzBaN,ee-gYMaH1Rk,2026-03-16,0,2023-08-16 07:53:02+00:00
PLV4oS06_KpqYMuPNqu6S1GgnyuhMOzBaN,xsptE33QWNE,2026-03-16,1,2023-08-25 12:21:27+00:00
PLV4oS06_KpqYMuPNqu6S1GgnyuhMOzBaN,7q20ukuXuN8,2026-03-16,2,2024-05-17 13:27:51+00:00
PLV4oS06_KpqYRtYRoQHo_F_KsEjmqcDK7,J0GOADsEp4E,2026-03-16,0,2025-11-16 04:27:46+00:00
PLV4oS06_KpqYRtYRoQHo_F_KsEjmqcDK7,4v5Vv8fsR-g,2026-03-16,1,2025-11-16 04:25:53+00:00
PLV4oS06_KpqYRtYRoQHo_F_KsEjmqcDK7,ffCLLOraLFA,2026-03-16,2,2025-11-16 04:22:33+00:00
PLV4oS06_KpqYRtYRoQHo_F_KsEjmqcDK7,8AMwesfk-DM,2026-03-16,3,2025-11-16 04:21:13+00:00
PLV4oS06_KpqYRtYRoQHo_F_KsEjmqcDK7,HyPyDdUy-Xk,2026-03-16,4,2026-02-10 02:26:42+00:00
PLV4oS06_KpqYRtYRoQHo_F_KsEjmqcDK7,46knscCk2Ic,2026-03-16,5,2026-02-10 02:26:42+00:00
PLV4oS06_KpqYRtYRoQHo_F_KsEjmqcDK7,a4PcaVKyCko,2026-03-16,6,2026-02-10 02:26:42+00:00
PLV4oS06_KpqYRtYRoQHo_F_KsEjmqcDK7,OoG2Z1GdWQQ,2026-03-16,7,2026-02-10 02:26:42+00:00
PLV4oS06_KpqYRtYRoQHo_F_KsEjmqcDK7,7sgJBBtJV3A,2026-03-16,8,2026-02-10 02:26:42+00:00
PLV4oS06_KpqYRtYRoQHo_F_KsEjmqcDK7,NMt3A12yjhg,2026-03-16,9,2026-02-10 02:26:42+00:00
PLV4oS06_KpqYRtYRoQHo_F_KsEjmqcDK7,1-VRjF4aDgk,2026-03-16,10,2026-02-10 02:26:42+00:00
PLV4oS06_KpqYRtYRoQHo_F_KsEjmqcDK7,pqAswnET2XQ,2026-03-16,11,2026-02-10 02:26:42+00:00
PLV4oS06_KpqYRtYRoQHo_F_KsEjmqcDK7,hhX0ynoT_mc,2026-03-16,12,2026-02-10 02:26:42+00:00
PLV4oS06_KpqYRtYRoQHo_F_KsEjmqcDK7,XEdE-i6as6I,2026-03-16,13,2026-02-10 02:26:42+00:00
PLV4oS06_KpqZGwOHo-tsdIiaZts7qaqql,Zj6uiqMvFOU,2026-03-16,0,2026-01-17 20:02:37+00:00
PLV4oS06_KpqZGwOHo-tsdIiaZts7qaqql,RiYjYfMTGvw,2026-03-16,1,2026-01-11 23:05:55+00:00
PLV4oS06_KpqZGwOHo-tsdIiaZts7qaqql,0VmI47XeOuE,2026-03-16,2,2026-01-11 23:05:33+00:00
PLV4oS06_KpqZREyUB473G07o-IsM7n-fi,BUC65TLIGf8,2026-03-16,0,2023-08-14 07:17:54+00:00
PLV4oS06_KpqZREyUB473G07o-IsM7n-fi,o3fMDF3PGhM,2026-03-16,1,2023-08-10 06:48:36+00:00
PLV4oS06_KpqZREyUB473G07o-IsM7n-fi,hipquVDxH70,2026-03-16,2,2023-08-14 04:11:39+00:00
PLV4oS06_KpqZREyUB473G07o-IsM7n-fi,IAjVUpwzMGo,2026-03-16,3,2023-08-11 06:07:02+00:00
PLV4oS06_KpqZREyUB473G07o-IsM7n-fi,pcSv3TjR5ZQ,2026-03-16,4,2023-08-14 08:51:24+00:00
PLV4oS06_KpqZREyUB473G07o-IsM7n-fi,eO7e64yu3Kk,2026-03-16,5,2023-08-17 08:34:55+00:00
PLV4oS06_KpqZREyUB473G07o-IsM7n-fi,qr6ATPTgl20,2026-03-16,6,2023-08-19 10:15:24+00:00
PLV4oS06_KpqZREyUB473G07o-IsM7n-fi,2s7evXo3BkI,2026-03-16,7,2023-08-21 11:07:18+00:00
PLV4oS06_KpqZREyUB473G07o-IsM7n-fi,_ofTsPs9mT8,2026-03-16,8,2023-08-22 09:52:11+00:00
PLV4oS06_KpqZREyUB473G07o-IsM7n-fi,G0pKbjeeTMs,2026-03-16,9,2023-08-27 11:54:32+00:00
PLV4oS06_KpqZREyUB473G07o-IsM7n-fi,ci1hFXvOMjw,2026-03-16,10,2023-08-23 04:22:12+00:00
PLV4oS06_KpqZREyUB473G07o-IsM7n-fi,PGZNyTVcZbI,2026-03-16,11,2023-08-24 10:07:33+00:00
PLV4oS06_KpqZREyUB473G07o-IsM7n-fi,IQPxO_NmSJk,2026-03-16,12,2023-09-10 06:00:03+00:00
PLV4oS06_KpqZREyUB473G07o-IsM7n-fi,bOvsWX2Mgmg,2026-03-16,13,2023-09-11 05:20:23+00:00
PLV4oS06_KpqZREyUB473G07o-IsM7n-fi,Im9z2T57eEw,2026-03-16,14,2023-09-12 06:21:38+00:00
PLV4oS06_KpqZREyUB473G07o-IsM7n-fi,HvXbln87KY0,2026-03-16,15,2023-09-14 09:59:13+00:00
PLV4oS06_KpqZREyUB473G07o-IsM7n-fi,1OxYQbmdW-Y,2026-03-16,16,2023-09-14 09:52:30+00:00
PLV4oS06_KpqZo5tENEyKr-Ha1wR4DZuHM,qytf-g55XFE,2026-03-16,0,2025-11-13 13:30:52+00:00
PLV4oS06_KpqZo5tENEyKr-Ha1wR4DZuHM,Q3olnvgueTQ,2026-03-16,1,2025-11-13 13:29:22+00:00
PLV4oS06_KpqZo5tENEyKr-Ha1wR4DZuHM,t8grl_NIYPw,2026-03-16,2,2026-02-10 02:28:39+00:00
PLV4oS06_KpqZo5tENEyKr-Ha1wR4DZuHM,iNyOOzX6lKk,2026-03-16,3,2026-02-10 02:28:52+00:00
PLV4oS06_KpqZo5tENEyKr-Ha1wR4DZuHM,E6-cYClJn3Y,2026-03-16,4,2026-02-10 02:30:30+00:00
PLV4oS06_KpqZo5tENEyKr-Ha1wR4DZuHM,9wkGoWLVjT8,2026-03-16,5,2026-02-10 02:30:15+00:00
PLV4oS06_KpqZo5tENEyKr-Ha1wR4DZuHM,x1FB0zvtgOw,2026-03-16,6,2026-02-10 02:29:11+00:00
PLV4oS06_KpqZo5tENEyKr-Ha1wR4DZuHM,Qc0HiH1iZ8U,2026-03-16,7,2026-02-10 02:29:36+00:00
PLV4oS06_KpqaJurJFbLi3HGrHrlOShc_x,rSYSSOP3h2k,2026-03-16,0,2023-12-23 05:24:09+00:00
PLV4oS06_KpqaJurJFbLi3HGrHrlOShc_x,AARzy2sfqVw,2026-03-16,1,2023-12-23 05:25:25+00:00
PLV4oS06_KpqaJurJFbLi3HGrHrlOShc_x,QueSk8MsubI,2026-03-16,2,2023-12-23 09:05:06+00:00
PLV4oS06_KpqaJurJFbLi3HGrHrlOShc_x,N5qEWgYkGwk,2026-03-16,3,2023-12-24 10:53:07+00:00
PLV4oS06_KpqaJurJFbLi3HGrHrlOShc_x,jJT2Pjgug7s,2026-03-16,4,2023-12-28 08:54:09+00:00
PLV4oS06_KpqaJurJFbLi3HGrHrlOShc_x,7beGTcu4wOY,2026-03-16,5,2023-12-28 09:42:38+00:00
PLV4oS06_KpqaJurJFbLi3HGrHrlOShc_x,YI0_i2mVva0,2026-03-16,6,2025-10-02 00:51:30+00:00
PLV4oS06_KpqaJurJFbLi3HGrHrlOShc_x,AtGVhnK5jRo,2026-03-16,7,2025-10-02 00:51:48+00:00
PLV4oS06_KpqaJurJFbLi3HGrHrlOShc_x,Xnd-Ygs7U3Y,2026-03-16,8,2025-10-02 00:51:59+00:00
PLV4oS06_KpqaJurJFbLi3HGrHrlOShc_x,yiDhqGdxFPs,2026-03-16,9,2025-10-02 00:52:12+00:00
PLV4oS06_KpqaJurJFbLi3HGrHrlOShc_x,W8clxC5S3dU,2026-03-16,10,2025-10-02 00:52:24+00:00
PLV4oS06_KpqaJurJFbLi3HGrHrlOShc_x,9xx1KaBQxVQ,2026-03-16,11,2025-10-02 00:52:35+00:00
PLV4oS06_KpqacM_CdWLJq4SttTNfszK0Q,2W7sPgGlNqo,2026-03-16,0,2023-08-26 11:06:21+00:00
PLV4oS06_KpqacM_CdWLJq4SttTNfszK0Q,-W0cM6L62s8,2026-03-16,1,2023-08-26 11:06:34+00:00
PLV4oS06_KpqacM_CdWLJq4SttTNfszK0Q,EVkg5zFPcMs,2026-03-16,2,2023-08-26 14:43:30+00:00
PLV4oS06_KpqacM_CdWLJq4SttTNfszK0Q,1ISPibwIVQA,2026-03-16,3,2024-07-07 16:54:14+00:00
PLV4oS06_Kpqahle46bX_iDjupUZLUDIad,Z4Fo5F_mLuU,2026-03-16,0,2025-10-19 16:33:20+00:00
PLV4oS06_Kpqahle46bX_iDjupUZLUDIad,dbYadcZ2uOU,2026-03-16,1,2025-10-19 16:33:23+00:00
PLV4oS06_Kpqahle46bX_iDjupUZLUDIad,N-7O94hPplU,2026-03-16,2,2025-10-19 16:33:28+00:00
PLV4oS06_Kpqahle46bX_iDjupUZLUDIad,i6Cfsd0CP2g,2026-03-16,3,2025-10-19 16:33:30+00:00
PLV4oS06_Kpqahle46bX_iDjupUZLUDIad,Q7BvnpCsUAU,2026-03-16,4,2025-10-19 16:33:34+00:00
PLV4oS06_Kpqahle46bX_iDjupUZLUDIad,zToHhAif9Gw,2026-03-16,5,2025-11-02 07:01:04+00:00
PLV4oS06_Kpqahle46bX_iDjupUZLUDIad,1Hgmt97AkBw,2026-03-16,6,2025-11-02 07:04:09+00:00
PLV4oS06_Kpqahle46bX_iDjupUZLUDIad,pHAb6YNGRl4,2026-03-16,7,2025-11-02 07:05:32+00:00
PLV4oS06_Kpqahle46bX_iDjupUZLUDIad,ddB92jjDOVs,2026-03-16,8,2026-01-06 00:47:56+00:00
PLV4oS06_Kpqahle46bX_iDjupUZLUDIad,DebaxM_8EO0,2026-03-16,9,2026-01-06 00:51:18+00:00
PLV4oS06_KpqamcyNZQTeta_OyuILoCavO,8_fVq-UewMc,2026-03-16,0,2025-11-16 09:32:46+00:00
PLV4oS06_KpqamcyNZQTeta_OyuILoCavO,f144Cg6EGxE,2026-03-16,1,2025-11-16 08:58:50+00:00
PLV4oS06_KpqamcyNZQTeta_OyuILoCavO,LXwH60B973Q,2026-03-16,2,2025-11-09 07:01:38+00:00
PLV4oS06_KpqamcyNZQTeta_OyuILoCavO,0i8W5wucIMc,2026-03-16,3,2025-11-08 00:43:35+00:00
PLV4oS06_KpqamcyNZQTeta_OyuILoCavO,rvVwrHtI4gQ,2026-03-16,4,2025-10-31 23:23:30+00:00
PLV4oS06_KpqamcyNZQTeta_OyuILoCavO,y_rVPdd-RNY,2026-03-16,5,2025-10-31 23:08:30+00:00
PLV4oS06_KpqamcyNZQTeta_OyuILoCavO,6rc09OdwHlk,2026-03-16,6,2024-01-28 23:18:41+00:00
PLV4oS06_KpqamcyNZQTeta_OyuILoCavO,Q6vUPD3f4bs,2026-03-16,7,2023-12-13 20:00:23+00:00
PLV4oS06_KpqamcyNZQTeta_OyuILoCavO,kJzw5JPC6AI,2026-03-16,8,2023-12-13 01:48:40+00:00
PLV4oS06_KpqaqyS9x6h5ys3REiUfUDOgy,XHnA-a5rivU,2026-03-16,0,2026-01-11 22:39:37+00:00
PLV4oS06_KpqaqyS9x6h5ys3REiUfUDOgy,Cz9osSyqYXI,2026-03-16,1,2026-01-11 22:39:37+00:00
PLV4oS06_KpqaqyS9x6h5ys3REiUfUDOgy,GgunOaMm_-g,2026-03-16,2,2026-01-11 22:39:37+00:00
PLV4oS06_KpqaqyS9x6h5ys3REiUfUDOgy,thQUAzH5d2o,2026-03-16,3,2026-01-11 22:39:37+00:00
PLV4oS06_KpqaqyS9x6h5ys3REiUfUDOgy,M4Q186h3zHA,2026-03-16,4,2026-01-11 22:39:37+00:00
PLV4oS06_Kpqawr6ifquiC0M_Hg2onwtJ5,mqLksU5um3Q,2026-03-16,0,2022-12-08 10:05:35+00:00
PLV4oS06_Kpqawr6ifquiC0M_Hg2onwtJ5,jRm_0dohWB4,2026-03-16,1,2023-07-28 16:18:43+00:00
PLV4oS06_Kpqawr6ifquiC0M_Hg2onwtJ5,4XgvRRtSUdg,2026-03-16,2,2023-07-29 15:23:19+00:00
PLV4oS06_Kpqawr6ifquiC0M_Hg2onwtJ5,lcOQNnj3lwQ,2026-03-16,3,2024-05-17 13:29:12+00:00
PLV4oS06_KpqbhnVieDd19KJczH_BlBArN,GLJffh1QDM4,2026-03-16,0,2026-01-11 10:11:03+00:00
PLV4oS06_KpqbhnVieDd19KJczH_BlBArN,dnLOQnSM8W8,2026-03-16,1,2026-01-11 10:11:18+00:00
PLV4oS06_KpqbhnVieDd19KJczH_BlBArN,Gcigj916zyE,2026-03-16,2,2026-01-11 10:11:46+00:00
PLV4oS06_KpqbhnVieDd19KJczH_BlBArN,xB4ecIksJSY,2026-03-16,3,2026-01-24 11:58:21+00:00
PLV4oS06_KpqbnahoXdN-A8Ql9zVblYUJl,mj_b9_nxJfw,2026-03-16,0,2025-09-01 08:50:36+00:00
PLV4oS06_KpqbnahoXdN-A8Ql9zVblYUJl,LDp0JP4L6YY,2026-03-16,1,2025-08-12 06:40:37+00:00
PLV4oS06_KpqbnahoXdN-A8Ql9zVblYUJl,X6JyQKV5d0E,2026-03-16,2,2025-08-12 10:15:47+00:00
PLV4oS06_KpqbnahoXdN-A8Ql9zVblYUJl,aLp96mNnYA8,2026-03-16,3,2025-08-12 10:21:59+00:00
PLV4oS06_KpqbnahoXdN-A8Ql9zVblYUJl,v1lKqeiQFTI,2026-03-16,4,2025-08-14 06:20:44+00:00
PLV4oS06_KpqbnahoXdN-A8Ql9zVblYUJl,PIOYkiA1qBw,2026-03-16,5,2025-08-14 06:24:19+00:00
PLV4oS06_KpqbnahoXdN-A8Ql9zVblYUJl,CHz9g2LGYlo,2026-03-16,6,2025-08-14 06:32:16+00:00
PLV4oS06_KpqbnahoXdN-A8Ql9zVblYUJl,YnFvHoWdvzs,2026-03-16,7,2025-08-14 06:36:01+00:00
PLV4oS06_KpqbnahoXdN-A8Ql9zVblYUJl,TGfUG__aOhw,2026-03-16,8,2025-08-14 07:58:08+00:00
PLV4oS06_KpqbnahoXdN-A8Ql9zVblYUJl,m_WT3mJ0J9E,2026-03-16,9,2025-08-14 07:59:27+00:00
PLV4oS06_KpqbnahoXdN-A8Ql9zVblYUJl,K2jlyUL3zK8,2026-03-16,10,2025-08-15 04:59:49+00:00
PLV4oS06_KpqbnahoXdN-A8Ql9zVblYUJl,uN-yP7FwIN4,2026-03-16,11,2025-08-15 05:02:52+00:00
PLV4oS06_KpqbnahoXdN-A8Ql9zVblYUJl,BQnwEe6r4Fg,2026-03-16,12,2025-08-15 05:06:05+00:00
PLV4oS06_KpqbnahoXdN-A8Ql9zVblYUJl,OTkdggNWv14,2026-03-16,13,2025-08-15 05:10:50+00:00
PLV4oS06_KpqbnahoXdN-A8Ql9zVblYUJl,VrvnwaTppAE,2026-03-16,14,2025-08-15 05:13:42+00:00
PLV4oS06_KpqbnahoXdN-A8Ql9zVblYUJl,JbwNhXjC16A,2026-03-16,15,2025-08-15 09:17:06+00:00
PLV4oS06_KpqbnahoXdN-A8Ql9zVblYUJl,ue5vLsIijHs,2026-03-16,16,2025-08-15 09:23:28+00:00
PLV4oS06_KpqbnahoXdN-A8Ql9zVblYUJl,zcOZ0IEsXHc,2026-03-16,17,2025-08-15 09:26:28+00:00
PLV4oS06_KpqbnahoXdN-A8Ql9zVblYUJl,_cXvg-XPnUs,2026-03-16,18,2025-08-15 09:32:06+00:00
PLV4oS06_KpqbnahoXdN-A8Ql9zVblYUJl,q0n48c-f4O8,2026-03-16,19,2025-08-15 09:36:21+00:00
PLV4oS06_KpqbnahoXdN-A8Ql9zVblYUJl,CrG-FruGb-k,2026-03-16,20,2025-08-15 09:46:14+00:00
PLV4oS06_KpqbnahoXdN-A8Ql9zVblYUJl,ZWi_B_rqvt4,2026-03-16,21,2025-08-15 09:52:09+00:00
PLV4oS06_KpqbnahoXdN-A8Ql9zVblYUJl,tIxrQnDwvx4,2026-03-16,22,2025-08-15 09:54:34+00:00
PLV4oS06_KpqbnahoXdN-A8Ql9zVblYUJl,NQpnc4YfuQo,2026-03-16,23,2025-08-15 09:58:19+00:00
PLV4oS06_KpqbnahoXdN-A8Ql9zVblYUJl,vBRiaP5NgVw,2026-03-16,24,2025-08-16 07:15:30+00:00
PLV4oS06_KpqbnahoXdN-A8Ql9zVblYUJl,t4eZfB4XTHg,2026-03-16,25,2025-08-16 07:18:01+00:00
PLV4oS06_KpqbnahoXdN-A8Ql9zVblYUJl,Dc98c6LPQQE,2026-03-16,26,2025-08-16 07:21:24+00:00
PLV4oS06_KpqbnahoXdN-A8Ql9zVblYUJl,YDElIJ6jMrw,2026-03-16,27,2025-08-16 07:23:05+00:00
PLV4oS06_KpqbnahoXdN-A8Ql9zVblYUJl,Lox4HlSibXo,2026-03-16,28,2025-08-16 07:25:45+00:00
PLV4oS06_KpqbnahoXdN-A8Ql9zVblYUJl,Q275enpY7bY,2026-03-16,29,2025-08-16 07:27:54+00:00
PLV4oS06_KpqbnahoXdN-A8Ql9zVblYUJl,Oswa8OkiQPs,2026-03-16,30,2025-08-16 07:30:14+00:00
PLV4oS06_KpqbnahoXdN-A8Ql9zVblYUJl,U92pTqhzxoQ,2026-03-16,31,2025-08-16 07:32:28+00:00
PLV4oS06_KpqbnahoXdN-A8Ql9zVblYUJl,vJXvL5i4OQY,2026-03-16,32,2025-08-16 07:35:33+00:00
PLV4oS06_KpqbnahoXdN-A8Ql9zVblYUJl,eVL3dw9BfPc,2026-03-16,33,2025-08-16 07:38:44+00:00
PLV4oS06_KpqbnahoXdN-A8Ql9zVblYUJl,THxGW9huLRg,2026-03-16,34,2025-08-16 07:40:35+00:00
PLV4oS06_KpqbnahoXdN-A8Ql9zVblYUJl,nAYXMoOpNsM,2026-03-16,35,2025-08-16 07:42:02+00:00
PLV4oS06_KpqbnahoXdN-A8Ql9zVblYUJl,zT66rq7mEu4,2026-03-16,36,2025-08-16 14:18:33+00:00
PLV4oS06_KpqbnahoXdN-A8Ql9zVblYUJl,sV8nczRvPAU,2026-03-16,37,2025-08-16 14:19:42+00:00
PLV4oS06_KpqbnahoXdN-A8Ql9zVblYUJl,kegfG0chZHI,2026-03-16,38,2025-08-16 14:22:21+00:00
PLV4oS06_KpqbnahoXdN-A8Ql9zVblYUJl,5BEWVMsLsBo,2026-03-16,39,2025-08-16 14:24:03+00:00
PLV4oS06_KpqbnahoXdN-A8Ql9zVblYUJl,v1Qnd2Uxcjs,2026-03-16,40,2025-08-16 14:27:58+00:00
PLV4oS06_KpqbnahoXdN-A8Ql9zVblYUJl,yzvzl1LBXm0,2026-03-16,41,2025-08-16 14:29:48+00:00
PLV4oS06_KpqbnahoXdN-A8Ql9zVblYUJl,UlDUQ9G0QHM,2026-03-16,42,2025-08-16 14:31:42+00:00
PLV4oS06_KpqbnahoXdN-A8Ql9zVblYUJl,NVwGmBS-wMw,2026-03-16,43,2025-08-16 14:32:53+00:00
PLV4oS06_KpqbnahoXdN-A8Ql9zVblYUJl,P4--JGi1xH8,2026-03-16,44,2025-08-16 14:35:00+00:00
PLV4oS06_KpqbnahoXdN-A8Ql9zVblYUJl,4aUW0262vu8,2026-03-16,45,2025-08-16 14:37:07+00:00
PLV4oS06_KpqbnahoXdN-A8Ql9zVblYUJl,R7hA1gBrsvQ,2026-03-16,46,2025-08-18 12:08:43+00:00
PLV4oS06_KpqbnahoXdN-A8Ql9zVblYUJl,E_MeMkTfBsk,2026-03-16,47,2025-08-18 12:11:13+00:00
PLV4oS06_KpqbnahoXdN-A8Ql9zVblYUJl,PLGbRoNcVL4,2026-03-16,48,2025-08-18 12:13:25+00:00
PLV4oS06_KpqbnahoXdN-A8Ql9zVblYUJl,6lR81YOeNKs,2026-03-16,49,2025-08-18 12:15:19+00:00
PLV4oS06_KpqbnahoXdN-A8Ql9zVblYUJl,KpjJH-fdImI,2026-03-16,50,2025-09-21 19:18:47+00:00
PLV4oS06_KpqbnahoXdN-A8Ql9zVblYUJl,xJ05Nq48Zq4,2026-03-16,51,2025-09-21 19:24:59+00:00
PLV4oS06_KpqbnahoXdN-A8Ql9zVblYUJl,xic7AMpR4IM,2026-03-16,52,2025-09-21 19:31:07+00:00
PLV4oS06_KpqbnahoXdN-A8Ql9zVblYUJl,DWS8WsB2FgE,2026-03-16,53,2025-09-21 19:34:47+00:00
PLV4oS06_KpqbnahoXdN-A8Ql9zVblYUJl,7kTYy0cJ_EE,2026-03-16,54,2025-09-21 19:37:41+00:00
PLV4oS06_KpqbnahoXdN-A8Ql9zVblYUJl,Zyg3scrypKQ,2026-03-16,55,2025-09-21 19:39:24+00:00
PLV4oS06_KpqbnahoXdN-A8Ql9zVblYUJl,a1nrZ-A7vSg,2026-03-16,56,2025-09-21 19:40:57+00:00
PLV4oS06_KpqbsY_I8iR4HRvb6w3vXUBIM,7bwkNrRpgw0,2026-03-16,0,2026-01-23 06:51:06+00:00
PLV4oS06_KpqbsY_I8iR4HRvb6w3vXUBIM,HDyKUodeuNw,2026-03-16,1,2026-01-23 06:37:27+00:00
PLV4oS06_KpqY-NCxlYCYMPENL0EUTLNuU,DQlkV2DmA_M,2026-03-09,0,2025-10-07 08:51:06+00:00
PLV4oS06_KpqY-NCxlYCYMPENL0EUTLNuU,MHxjAOrdxCU,2026-03-09,1,2025-10-07 08:55:56+00:00
PLV4oS06_KpqY-NCxlYCYMPENL0EUTLNuU,1eRuwnvwsPo,2026-03-09,2,2025-10-07 08:57:09+00:00
PLV4oS06_KpqY-NCxlYCYMPENL0EUTLNuU,IIT39Xomn94,2026-03-09,3,2025-10-07 09:00:56+00:00
PLV4oS06_KpqY-NCxlYCYMPENL0EUTLNuU,ecJm9JHj18g,2026-03-09,4,2025-10-07 19:53:24+00:00
PLV4oS06_KpqY-NCxlYCYMPENL0EUTLNuU,pLRAticn7NU,2026-03-09,5,2025-10-07 19:55:40+00:00
PLV4oS06_KpqY-NCxlYCYMPENL0EUTLNuU,t3jyABNSOno,2026-03-09,6,2025-10-07 19:56:36+00:00
PLV4oS06_KpqY-NCxlYCYMPENL0EUTLNuU,OzgC7e3Eths,2026-03-09,7,2025-10-07 19:57:33+00:00
PLV4oS06_KpqY-NCxlYCYMPENL0EUTLNuU,njqE2uGyysQ,2026-03-09,8,2025-10-07 19:59:45+00:00
PLV4oS06_KpqY-NCxlYCYMPENL0EUTLNuU,4JmKLgtmMBI,2026-03-09,9,2025-10-07 20:00:43+00:00
PLV4oS06_KpqY5xZ2gZ8u_79cmLrVUsGNe,aoP5EPC9Skw,2026-03-09,0,2025-09-11 08:49:27+00:00
PLV4oS06_KpqY5xZ2gZ8u_79cmLrVUsGNe,VUPm0AxqTho,2026-03-09,1,2025-09-11 08:49:13+00:00
PLV4oS06_KpqY5xZ2gZ8u_79cmLrVUsGNe,Ie-FqoNGqLA,2026-03-09,2,2025-09-11 08:49:56+00:00
PLV4oS06_KpqYMuPNqu6S1GgnyuhMOzBaN,ee-gYMaH1Rk,2026-03-09,0,2023-08-16 07:53:02+00:00
PLV4oS06_KpqYMuPNqu6S1GgnyuhMOzBaN,xsptE33QWNE,2026-03-09,1,2023-08-25 12:21:27+00:00
PLV4oS06_KpqYMuPNqu6S1GgnyuhMOzBaN,7q20ukuXuN8,2026-03-09,2,2024-05-17 13:27:51+00:00
PLV4oS06_KpqYRtYRoQHo_F_KsEjmqcDK7,J0GOADsEp4E,2026-03-09,0,2025-11-16 04:27:46+00:00
PLV4oS06_KpqYRtYRoQHo_F_KsEjmqcDK7,4v5Vv8fsR-g,2026-03-09,1,2025-11-16 04:25:53+00:00
PLV4oS06_KpqYRtYRoQHo_F_KsEjmqcDK7,ffCLLOraLFA,2026-03-09,2,2025-11-16 04:22:33+00:00
PLV4oS06_KpqYRtYRoQHo_F_KsEjmqcDK7,8AMwesfk-DM,2026-03-09,3,2025-11-16 04:21:13+00:00
PLV4oS06_KpqYRtYRoQHo_F_KsEjmqcDK7,HyPyDdUy-Xk,2026-03-09,4,2026-02-10 02:26:42+00:00
PLV4oS06_KpqYRtYRoQHo_F_KsEjmqcDK7,46knscCk2Ic,2026-03-09,5,2026-02-10 02:26:42+00:00
PLV4oS06_KpqYRtYRoQHo_F_KsEjmqcDK7,a4PcaVKyCko,2026-03-09,6,2026-02-10 02:26:42+00:00
PLV4oS06_KpqYRtYRoQHo_F_KsEjmqcDK7,OoG2Z1GdWQQ,2026-03-09,7,2026-02-10 02:26:42+00:00
PLV4oS06_KpqYRtYRoQHo_F_KsEjmqcDK7,7sgJBBtJV3A,2026-03-09,8,2026-02-10 02:26:42+00:00
PLV4oS06_KpqYRtYRoQHo_F_KsEjmqcDK7,NMt3A12yjhg,2026-03-09,9,2026-02-10 02:26:42+00:00
PLV4oS06_KpqYRtYRoQHo_F_KsEjmqcDK7,1-VRjF4aDgk,2026-03-09,10,2026-02-10 02:26:42+00:00
PLV4oS06_KpqYRtYRoQHo_F_KsEjmqcDK7,pqAswnET2XQ,2026-03-09,11,2026-02-10 02:26:42+00:00
PLV4oS06_KpqYRtYRoQHo_F_KsEjmqcDK7,hhX0ynoT_mc,2026-03-09,12,2026-02-10 02:26:42+00:00
PLV4oS06_KpqYRtYRoQHo_F_KsEjmqcDK7,XEdE-i6as6I,2026-03-09,13,2026-02-10 02:26:42+00:00
PLV4oS06_KpqZGwOHo-tsdIiaZts7qaqql,Zj6uiqMvFOU,2026-03-09,0,2026-01-17 20:02:37+00:00
PLV4oS06_KpqZGwOHo-tsdIiaZts7qaqql,RiYjYfMTGvw,2026-03-09,1,2026-01-11 23:05:55+00:00
PLV4oS06_KpqZGwOHo-tsdIiaZts7qaqql,0VmI47XeOuE,2026-03-09,2,2026-01-11 23:05:33+00:00
PLV4oS06_KpqZREyUB473G07o-IsM7n-fi,BUC65TLIGf8,2026-03-09,0,2023-08-14 07:17:54+00:00
PLV4oS06_KpqZREyUB473G07o-IsM7n-fi,o3fMDF3PGhM,2026-03-09,1,2023-08-10 06:48:36+00:00
PLV4oS06_KpqZREyUB473G07o-IsM7n-fi,hipquVDxH70,2026-03-09,2,2023-08-14 04:11:39+00:00
PLV4oS06_KpqZREyUB473G07o-IsM7n-fi,IAjVUpwzMGo,2026-03-09,3,2023-08-11 06:07:02+00:00
PLV4oS06_KpqZREyUB473G07o-IsM7n-fi,pcSv3TjR5ZQ,2026-03-09,4,2023-08-14 08:51:24+00:00
PLV4oS06_KpqZREyUB473G07o-IsM7n-fi,eO7e64yu3Kk,2026-03-09,5,2023-08-17 08:34:55+00:00
PLV4oS06_KpqZREyUB473G07o-IsM7n-fi,qr6ATPTgl20,2026-03-09,6,2023-08-19 10:15:24+00:00
PLV4oS06_KpqZREyUB473G07o-IsM7n-fi,2s7evXo3BkI,2026-03-09,7,2023-08-21 11:07:18+00:00
PLV4oS06_KpqZREyUB473G07o-IsM7n-fi,_ofTsPs9mT8,2026-03-09,8,2023-08-22 09:52:11+00:00
PLV4oS06_KpqZREyUB473G07o-IsM7n-fi,G0pKbjeeTMs,2026-03-09,9,2023-08-27 11:54:32+00:00
PLV4oS06_KpqZREyUB473G07o-IsM7n-fi,ci1hFXvOMjw,2026-03-09,10,2023-08-23 04:22:12+00:00
PLV4oS06_KpqZREyUB473G07o-IsM7n-fi,PGZNyTVcZbI,2026-03-09,11,2023-08-24 10:07:33+00:00
PLV4oS06_KpqZREyUB473G07o-IsM7n-fi,IQPxO_NmSJk,2026-03-09,12,2023-09-10 06:00:03+00:00
PLV4oS06_KpqZREyUB473G07o-IsM7n-fi,bOvsWX2Mgmg,2026-03-09,13,2023-09-11 05:20:23+00:00
PLV4oS06_KpqZREyUB473G07o-IsM7n-fi,Im9z2T57eEw,2026-03-09,14,2023-09-12 06:21:38+00:00
PLV4oS06_KpqZREyUB473G07o-IsM7n-fi,HvXbln87KY0,2026-03-09,15,2023-09-14 09:59:13+00:00
PLV4oS06_KpqZREyUB473G07o-IsM7n-fi,1OxYQbmdW-Y,2026-03-09,16,2023-09-14 09:52:30+00:00
PLV4oS06_KpqZo5tENEyKr-Ha1wR4DZuHM,qytf-g55XFE,2026-03-09,0,2025-11-13 13:30:52+00:00
PLV4oS06_KpqZo5tENEyKr-Ha1wR4DZuHM,Q3olnvgueTQ,2026-03-09,1,2025-11-13 13:29:22+00:00
PLV4oS06_KpqZo5tENEyKr-Ha1wR4DZuHM,t8grl_NIYPw,2026-03-09,2,2026-02-10 02:28:39+00:00
PLV4oS06_KpqZo5tENEyKr-Ha1wR4DZuHM,iNyOOzX6lKk,2026-03-09,3,2026-02-10 02:28:52+00:00
PLV4oS06_KpqZo5tENEyKr-Ha1wR4DZuHM,E6-cYClJn3Y,2026-03-09,4,2026-02-10 02:30:30+00:00
PLV4oS06_KpqZo5tENEyKr-Ha1wR4DZuHM,9wkGoWLVjT8,2026-03-09,5,2026-02-10 02:30:15+00:00
PLV4oS06_KpqZo5tENEyKr-Ha1wR4DZuHM,x1FB0zvtgOw,2026-03-09,6,2026-02-10 02:29:11+00:00
PLV4oS06_KpqZo5tENEyKr-Ha1wR4DZuHM,Qc0HiH1iZ8U,2026-03-09,7,2026-02-10 02:29:36+00:00
PLV4oS06_KpqaJurJFbLi3HGrHrlOShc_x,rSYSSOP3h2k,2026-03-09,0,2023-12-23 05:24:09+00:00
PLV4oS06_KpqaJurJFbLi3HGrHrlOShc_x,AARzy2sfqVw,2026-03-09,1,2023-12-23 05:25:25+00:00
PLV4oS06_KpqaJurJFbLi3HGrHrlOShc_x,QueSk8MsubI,2026-03-09,2,2023-12-23 09:05:06+00:00
PLV4oS06_KpqaJurJFbLi3HGrHrlOShc_x,N5qEWgYkGwk,2026-03-09,3,2023-12-24 10:53:07+00:00
PLV4oS06_KpqaJurJFbLi3HGrHrlOShc_x,jJT2Pjgug7s,2026-03-09,4,2023-12-28 08:54:09+00:00
PLV4oS06_KpqaJurJFbLi3HGrHrlOShc_x,7beGTcu4wOY,2026-03-09,5,2023-12-28 09:42:38+00:00
PLV4oS06_KpqaJurJFbLi3HGrHrlOShc_x,YI0_i2mVva0,2026-03-09,6,2025-10-02 00:51:30+00:00
PLV4oS06_KpqaJurJFbLi3HGrHrlOShc_x,AtGVhnK5jRo,2026-03-09,7,2025-10-02 00:51:48+00:00
PLV4oS06_KpqaJurJFbLi3HGrHrlOShc_x,Xnd-Ygs7U3Y,2026-03-09,8,2025-10-02 00:51:59+00:00
PLV4oS06_KpqaJurJFbLi3HGrHrlOShc_x,yiDhqGdxFPs,2026-03-09,9,2025-10-02 00:52:12+00:00
PLV4oS06_KpqaJurJFbLi3HGrHrlOShc_x,W8clxC5S3dU,2026-03-09,10,2025-10-02 00:52:24+00:00
PLV4oS06_KpqaJurJFbLi3HGrHrlOShc_x,9xx1KaBQxVQ,2026-03-09,11,2025-10-02 00:52:35+00:00
PLV4oS06_KpqacM_CdWLJq4SttTNfszK0Q,2W7sPgGlNqo,2026-03-09,0,2023-08-26 11:06:21+00:00
PLV4oS06_KpqacM_CdWLJq4SttTNfszK0Q,-W0cM6L62s8,2026-03-09,1,2023-08-26 11:06:34+00:00
PLV4oS06_KpqacM_CdWLJq4SttTNfszK0Q,EVkg5zFPcMs,2026-03-09,2,2023-08-26 14:43:30+00:00
PLV4oS06_KpqacM_CdWLJq4SttTNfszK0Q,1ISPibwIVQA,2026-03-09,3,2024-07-07 16:54:14+00:00
PLV4oS06_Kpqahle46bX_iDjupUZLUDIad,Z4Fo5F_mLuU,2026-03-09,0,2025-10-19 16:33:20+00:00
PLV4oS06_Kpqahle46bX_iDjupUZLUDIad,dbYadcZ2uOU,2026-03-09,1,2025-10-19 16:33:23+00:00
PLV4oS06_Kpqahle46bX_iDjupUZLUDIad,N-7O94hPplU,2026-03-09,2,2025-10-19 16:33:28+00:00
PLV4oS06_Kpqahle46bX_iDjupUZLUDIad,i6Cfsd0CP2g,2026-03-09,3,2025-10-19 16:33:30+00:00
PLV4oS06_Kpqahle46bX_iDjupUZLUDIad,Q7BvnpCsUAU,2026-03-09,4,2025-10-19 16:33:34+00:00
PLV4oS06_Kpqahle46bX_iDjupUZLUDIad,zToHhAif9Gw,2026-03-09,5,2025-11-02 07:01:04+00:00
PLV4oS06_Kpqahle46bX_iDjupUZLUDIad,1Hgmt97AkBw,2026-03-09,6,2025-11-02 07:04:09+00:00
PLV4oS06_Kpqahle46bX_iDjupUZLUDIad,pHAb6YNGRl4,2026-03-09,7,2025-11-02 07:05:32+00:00
PLV4oS06_Kpqahle46bX_iDjupUZLUDIad,ddB92jjDOVs,2026-03-09,8,2026-01-06 00:47:56+00:00
PLV4oS06_Kpqahle46bX_iDjupUZLUDIad,DebaxM_8EO0,2026-03-09,9,2026-01-06 00:51:18+00:00
PLV4oS06_KpqamcyNZQTeta_OyuILoCavO,8_fVq-UewMc,2026-03-09,0,2025-11-16 09:32:46+00:00
PLV4oS06_KpqamcyNZQTeta_OyuILoCavO,f144Cg6EGxE,2026-03-09,1,2025-11-16 08:58:50+00:00
PLV4oS06_KpqamcyNZQTeta_OyuILoCavO,LXwH60B973Q,2026-03-09,2,2025-11-09 07:01:38+00:00
PLV4oS06_KpqamcyNZQTeta_OyuILoCavO,0i8W5wucIMc,2026-03-09,3,2025-11-08 00:43:35+00:00
PLV4oS06_KpqamcyNZQTeta_OyuILoCavO,rvVwrHtI4gQ,2026-03-09,4,2025-10-31 23:23:30+00:00
PLV4oS06_KpqamcyNZQTeta_OyuILoCavO,y_rVPdd-RNY,2026-03-09,5,2025-10-31 23:08:30+00:00
PLV4oS06_KpqamcyNZQTeta_OyuILoCavO,6rc09OdwHlk,2026-03-09,6,2024-01-28 23:18:41+00:00
PLV4oS06_KpqamcyNZQTeta_OyuILoCavO,Q6vUPD3f4bs,2026-03-09,7,2023-12-13 20:00:23+00:00
PLV4oS06_KpqamcyNZQTeta_OyuILoCavO,kJzw5JPC6AI,2026-03-09,8,2023-12-13 01:48:40+00:00
PLV4oS06_KpqaqyS9x6h5ys3REiUfUDOgy,XHnA-a5rivU,2026-03-09,0,2026-01-11 22:39:37+00:00
PLV4oS06_KpqaqyS9x6h5ys3REiUfUDOgy,Cz9osSyqYXI,2026-03-09,1,2026-01-11 22:39:37+00:00
PLV4oS06_KpqaqyS9x6h5ys3REiUfUDOgy,GgunOaMm_-g,2026-03-09,2,2026-01-11 22:39:37+00:00
PLV4oS06_KpqaqyS9x6h5ys3REiUfUDOgy,thQUAzH5d2o,2026-03-09,3,2026-01-11 22:39:37+00:00
PLV4oS06_KpqaqyS9x6h5ys3REiUfUDOgy,M4Q186h3zHA,2026-03-09,4,2026-01-11 22:39:37+00:00
PLV4oS06_Kpqawr6ifquiC0M_Hg2onwtJ5,mqLksU5um3Q,2026-03-09,0,2022-12-08 10:05:35+00:00
PLV4oS06_Kpqawr6ifquiC0M_Hg2onwtJ5,jRm_0dohWB4,2026-03-09,1,2023-07-28 16:18:43+00:00
PLV4oS06_Kpqawr6ifquiC0M_Hg2onwtJ5,4XgvRRtSUdg,2026-03-09,2,2023-07-29 15:23:19+00:00
PLV4oS06_Kpqawr6ifquiC0M_Hg2onwtJ5,lcOQNnj3lwQ,2026-03-09,3,2024-05-17 13:29:12+00:00
PLV4oS06_KpqbhnVieDd19KJczH_BlBArN,GLJffh1QDM4,2026-03-09,0,2026-01-11 10:11:03+00:00
PLV4oS06_KpqbhnVieDd19KJczH_BlBArN,dnLOQnSM8W8,2026-03-09,1,2026-01-11 10:11:18+00:00
PLV4oS06_KpqbhnVieDd19KJczH_BlBArN,Gcigj916zyE,2026-03-09,2,2026-01-11 10:11:46+00:00
PLV4oS06_KpqbhnVieDd19KJczH_BlBArN,xB4ecIksJSY,2026-03-09,3,2026-01-24 11:58:21+00:00
PLV4oS06_KpqbnahoXdN-A8Ql9zVblYUJl,mj_b9_nxJfw,2026-03-09,0,2025-09-01 08:50:36+00:00
PLV4oS06_KpqbnahoXdN-A8Ql9zVblYUJl,LDp0JP4L6YY,2026-03-09,1,2025-08-12 06:40:37+00:00
PLV4oS06_KpqbnahoXdN-A8Ql9zVblYUJl,X6JyQKV5d0E,2026-03-09,2,2025-08-12 10:15:47+00:00
PLV4oS06_KpqbnahoXdN-A8Ql9zVblYUJl,aLp96mNnYA8,2026-03-09,3,2025-08-12 10:21:59+00:00
PLV4oS06_KpqbnahoXdN-A8Ql9zVblYUJl,v1lKqeiQFTI,2026-03-09,4,2025-08-14 06:20:44+00:00
PLV4oS06_KpqbnahoXdN-A8Ql9zVblYUJl,PIOYkiA1qBw,2026-03-09,5,2025-08-14 06:24:19+00:00
PLV4oS06_KpqbnahoXdN-A8Ql9zVblYUJl,CHz9g2LGYlo,2026-03-09,6,2025-08-14 06:32:16+00:00
PLV4oS06_KpqbnahoXdN-A8Ql9zVblYUJl,YnFvHoWdvzs,2026-03-09,7,2025-08-14 06:36:01+00:00
PLV4oS06_KpqbnahoXdN-A8Ql9zVblYUJl,TGfUG__aOhw,2026-03-09,8,2025-08-14 07:58:08+00:00
PLV4oS06_KpqbnahoXdN-A8Ql9zVblYUJl,m_WT3mJ0J9E,2026-03-09,9,2025-08-14 07:59:27+00:00
PLV4oS06_KpqbnahoXdN-A8Ql9zVblYUJl,K2jlyUL3zK8,2026-03-09,10,2025-08-15 04:59:49+00:00
PLV4oS06_KpqbnahoXdN-A8Ql9zVblYUJl,uN-yP7FwIN4,2026-03-09,11,2025-08-15 05:02:52+00:00
PLV4oS06_KpqbnahoXdN-A8Ql9zVblYUJl,BQnwEe6r4Fg,2026-03-09,12,2025-08-15 05:06:05+00:00
PLV4oS06_KpqbnahoXdN-A8Ql9zVblYUJl,OTkdggNWv14,2026-03-09,13,2025-08-15 05:10:50+00:00
PLV4oS06_KpqbnahoXdN-A8Ql9zVblYUJl,VrvnwaTppAE,2026-03-09,14,2025-08-15 05:13:42+00:00
PLV4oS06_KpqbnahoXdN-A8Ql9zVblYUJl,JbwNhXjC16A,2026-03-09,15,2025-08-15 09:17:06+00:00
PLV4oS06_KpqbnahoXdN-A8Ql9zVblYUJl,ue5vLsIijHs,2026-03-09,16,2025-08-15 09:23:28+00:00
PLV4oS06_KpqbnahoXdN-A8Ql9zVblYUJl,zcOZ0IEsXHc,2026-03-09,17,2025-08-15 09:26:28+00:00
PLV4oS06_KpqbnahoXdN-A8Ql9zVblYUJl,_cXvg-XPnUs,2026-03-09,18,2025-08-15 09:32:06+00:00
PLV4oS06_KpqbnahoXdN-A8Ql9zVblYUJl,q0n48c-f4O8,2026-03-09,19,2025-08-15 09:36:21+00:00
PLV4oS06_KpqbnahoXdN-A8Ql9zVblYUJl,CrG-FruGb-k,2026-03-09,20,2025-08-15 09:46:14+00:00
PLV4oS06_KpqbnahoXdN-A8Ql9zVblYUJl,ZWi_B_rqvt4,2026-03-09,21,2025-08-15 09:52:09+00:00
PLV4oS06_KpqbnahoXdN-A8Ql9zVblYUJl,tIxrQnDwvx4,2026-03-09,22,2025-08-15 09:54:34+00:00
PLV4oS06_KpqbnahoXdN-A8Ql9zVblYUJl,NQpnc4YfuQo,2026-03-09,23,2025-08-15 09:58:19+00:00
PLV4oS06_KpqbnahoXdN-A8Ql9zVblYUJl,vBRiaP5NgVw,2026-03-09,24,2025-08-16 07:15:30+00:00
PLV4oS06_KpqbnahoXdN-A8Ql9zVblYUJl,t4eZfB4XTHg,2026-03-09,25,2025-08-16 07:18:01+00:00
PLV4oS06_KpqbnahoXdN-A8Ql9zVblYUJl,Dc98c6LPQQE,2026-03-09,26,2025-08-16 07:21:24+00:00
PLV4oS06_KpqbnahoXdN-A8Ql9zVblYUJl,YDElIJ6jMrw,2026-03-09,27,2025-08-16 07:23:05+00:00
PLV4oS06_KpqbnahoXdN-A8Ql9zVblYUJl,Lox4HlSibXo,2026-03-09,28,2025-08-16 07:25:45+00:00
PLV4oS06_KpqbnahoXdN-A8Ql9zVblYUJl,Q275enpY7bY,2026-03-09,29,2025-08-16 07:27:54+00:00
PLV4oS06_KpqbnahoXdN-A8Ql9zVblYUJl,Oswa8OkiQPs,2026-03-09,30,2025-08-16 07:30:14+00:00
PLV4oS06_KpqbnahoXdN-A8Ql9zVblYUJl,U92pTqhzxoQ,2026-03-09,31,2025-08-16 07:32:28+00:00
PLV4oS06_KpqbnahoXdN-A8Ql9zVblYUJl,vJXvL5i4OQY,2026-03-09,32,2025-08-16 07:35:33+00:00
PLV4oS06_KpqbnahoXdN-A8Ql9zVblYUJl,eVL3dw9BfPc,2026-03-09,33,2025-08-16 07:38:44+00:00
PLV4oS06_KpqbnahoXdN-A8Ql9zVblYUJl,THxGW9huLRg,2026-03-09,34,2025-08-16 07:40:35+00:00
PLV4oS06_KpqbnahoXdN-A8Ql9zVblYUJl,nAYXMoOpNsM,2026-03-09,35,2025-08-16 07:42:02+00:00
PLV4oS06_KpqbnahoXdN-A8Ql9zVblYUJl,zT66rq7mEu4,2026-03-09,36,2025-08-16 14:18:33+00:00
PLV4oS06_KpqbnahoXdN-A8Ql9zVblYUJl,sV8nczRvPAU,2026-03-09,37,2025-08-16 14:19:42+00:00
PLV4oS06_KpqbnahoXdN-A8Ql9zVblYUJl,kegfG0chZHI,2026-03-09,38,2025-08-16 14:22:21+00:00
PLV4oS06_KpqbnahoXdN-A8Ql9zVblYUJl,5BEWVMsLsBo,2026-03-09,39,2025-08-16 14:24:03+00:00
PLV4oS06_KpqbnahoXdN-A8Ql9zVblYUJl,v1Qnd2Uxcjs,2026-03-09,40,2025-08-16 14:27:58+00:00
PLV4oS06_KpqbnahoXdN-A8Ql9zVblYUJl,yzvzl1LBXm0,2026-03-09,41,2025-08-16 14:29:48+00:00
PLV4oS06_KpqbnahoXdN-A8Ql9zVblYUJl,UlDUQ9G0QHM,2026-03-09,42,2025-08-16 14:31:42+00:00
PLV4oS06_KpqbnahoXdN-A8Ql9zVblYUJl,NVwGmBS-wMw,2026-03-09,43,2025-08-16 14:32:53+00:00
PLV4oS06_KpqbnahoXdN-A8Ql9zVblYUJl,P4--JGi1xH8,2026-03-09,44,2025-08-16 14:35:00+00:00
PLV4oS06_KpqbnahoXdN-A8Ql9zVblYUJl,4aUW0262vu8,2026-03-09,45,2025-08-16 14:37:07+00:00
PLV4oS06_KpqbnahoXdN-A8Ql9zVblYUJl,R7hA1gBrsvQ,2026-03-09,46,2025-08-18 12:08:43+00:00
PLV4oS06_KpqbnahoXdN-A8Ql9zVblYUJl,E_MeMkTfBsk,2026-03-09,47,2025-08-18 12:11:13+00:00
PLV4oS06_KpqbnahoXdN-A8Ql9zVblYUJl,PLGbRoNcVL4,2026-03-09,48,2025-08-18 12:13:25+00:00
PLV4oS06_KpqbnahoXdN-A8Ql9zVblYUJl,6lR81YOeNKs,2026-03-09,49,2025-08-18 12:15:19+00:00
PLV4oS06_KpqbnahoXdN-A8Ql9zVblYUJl,KpjJH-fdImI,2026-03-09,50,2025-09-21 19:18:47+00:00
PLV4oS06_KpqbnahoXdN-A8Ql9zVblYUJl,xJ05Nq48Zq4,2026-03-09,51,2025-09-21 19:24:59+00:00
PLV4oS06_KpqbnahoXdN-A8Ql9zVblYUJl,xic7AMpR4IM,2026-03-09,52,2025-09-21 19:31:07+00:00
PLV4oS06_KpqbnahoXdN-A8Ql9zVblYUJl,DWS8WsB2FgE,2026-03-09,53,2025-09-21 19:34:47+00:00
PLV4oS06_KpqbnahoXdN-A8Ql9zVblYUJl,7kTYy0cJ_EE,2026-03-09,54,2025-09-21 19:37:41+00:00
PLV4oS06_KpqbnahoXdN-A8Ql9zVblYUJl,Zyg3scrypKQ,2026-03-09,55,2025-09-21 19:39:24+00:00
PLV4oS06_KpqbnahoXdN-A8Ql9zVblYUJl,a1nrZ-A7vSg,2026-03-09,56,2025-09-21 19:40:57+00:00
PLV4oS06_KpqbsY_I8iR4HRvb6w3vXUBIM,7bwkNrRpgw0,2026-03-09,0,2026-01-23 06:51:06+00:00
PLV4oS06_KpqbsY_I8iR4HRvb6w3vXUBIM,HDyKUodeuNw,2026-03-09,1,2026-01-23 06:37:27+00:00
PLV4oS06_KpqY-NCxlYCYMPENL0EUTLNuU,DQlkV2DmA_M,2026-03-02,0,2025-10-07 08:51:06+00:00
PLV4oS06_KpqY-NCxlYCYMPENL0EUTLNuU,MHxjAOrdxCU,2026-03-02,1,2025-10-07 08:55:56+00:00
PLV4oS06_KpqY-NCxlYCYMPENL0EUTLNuU,1eRuwnvwsPo,2026-03-02,2,2025-10-07 08:57:09+00:00
PLV4oS06_KpqY-NCxlYCYMPENL0EUTLNuU,IIT39Xomn94,2026-03-02,3,2025-10-07 09:00:56+00:00
PLV4oS06_KpqY-NCxlYCYMPENL0EUTLNuU,ecJm9JHj18g,2026-03-02,4,2025-10-07 19:53:24+00:00
PLV4oS06_KpqY-NCxlYCYMPENL0EUTLNuU,pLRAticn7NU,2026-03-02,5,2025-10-07 19:55:40+00:00
PLV4oS06_KpqY-NCxlYCYMPENL0EUTLNuU,t3jyABNSOno,2026-03-02,6,2025-10-07 19:56:36+00:00
PLV4oS06_KpqY-NCxlYCYMPENL0EUTLNuU,OzgC7e3Eths,2026-03-02,7,2025-10-07 19:57:33+00:00
PLV4oS06_KpqY-NCxlYCYMPENL0EUTLNuU,njqE2uGyysQ,2026-03-02,8,2025-10-07 19:59:45+00:00
PLV4oS06_KpqY-NCxlYCYMPENL0EUTLNuU,4JmKLgtmMBI,2026-03-02,9,2025-10-07 20:00:43+00:00
PLV4oS06_KpqY5xZ2gZ8u_79cmLrVUsGNe,aoP5EPC9Skw,2026-03-02,0,2025-09-11 08:49:27+00:00
PLV4oS06_KpqY5xZ2gZ8u_79cmLrVUsGNe,VUPm0AxqTho,2026-03-02,1,2025-09-11 08:49:13+00:00
PLV4oS06_KpqY5xZ2gZ8u_79cmLrVUsGNe,Ie-FqoNGqLA,2026-03-02,2,2025-09-11 08:49:56+00:00
PLV4oS06_KpqYMuPNqu6S1GgnyuhMOzBaN,ee-gYMaH1Rk,2026-03-02,0,2023-08-16 07:53:02+00:00
PLV4oS06_KpqYMuPNqu6S1GgnyuhMOzBaN,xsptE33QWNE,2026-03-02,1,2023-08-25 12:21:27+00:00
PLV4oS06_KpqYMuPNqu6S1GgnyuhMOzBaN,7q20ukuXuN8,2026-03-02,2,2024-05-17 13:27:51+00:00
PLV4oS06_KpqYRtYRoQHo_F_KsEjmqcDK7,J0GOADsEp4E,2026-03-02,0,2025-11-16 04:27:46+00:00
PLV4oS06_KpqYRtYRoQHo_F_KsEjmqcDK7,4v5Vv8fsR-g,2026-03-02,1,2025-11-16 04:25:53+00:00
PLV4oS06_KpqYRtYRoQHo_F_KsEjmqcDK7,ffCLLOraLFA,2026-03-02,2,2025-11-16 04:22:33+00:00
PLV4oS06_KpqYRtYRoQHo_F_KsEjmqcDK7,8AMwesfk-DM,2026-03-02,3,2025-11-16 04:21:13+00:00
PLV4oS06_KpqYRtYRoQHo_F_KsEjmqcDK7,HyPyDdUy-Xk,2026-03-02,4,2026-02-10 02:26:42+00:00
PLV4oS06_KpqYRtYRoQHo_F_KsEjmqcDK7,46knscCk2Ic,2026-03-02,5,2026-02-10 02:26:42+00:00
PLV4oS06_KpqYRtYRoQHo_F_KsEjmqcDK7,a4PcaVKyCko,2026-03-02,6,2026-02-10 02:26:42+00:00
PLV4oS06_KpqYRtYRoQHo_F_KsEjmqcDK7,OoG2Z1GdWQQ,2026-03-02,7,2026-02-10 02:26:42+00:00
PLV4oS06_KpqYRtYRoQHo_F_KsEjmqcDK7,7sgJBBtJV3A,2026-03-02,8,2026-02-10 02:26:42+00:00
PLV4oS06_KpqYRtYRoQHo_F_KsEjmqcDK7,NMt3A12yjhg,2026-03-02,9,2026-02-10 02:26:42+00:00
PLV4oS06_KpqYRtYRoQHo_F_KsEjmqcDK7,1-VRjF4aDgk,2026-03-02,10,2026-02-10 02:26:42+00:00
PLV4oS06_KpqYRtYRoQHo_F_KsEjmqcDK7,pqAswnET2XQ,2026-03-02,11,2026-02-10 02:26:42+00:00
PLV4oS06_KpqYRtYRoQHo_F_KsEjmqcDK7,hhX0ynoT_mc,2026-03-02,12,2026-02-10 02:26:42+00:00
PLV4oS06_KpqYRtYRoQHo_F_KsEjmqcDK7,XEdE-i6as6I,2026-03-02,13,2026-02-10 02:26:42+00:00
PLV4oS06_KpqZGwOHo-tsdIiaZts7qaqql,Zj6uiqMvFOU,2026-03-02,0,2026-01-17 20:02:37+00:00
PLV4oS06_KpqZGwOHo-tsdIiaZts7qaqql,RiYjYfMTGvw,2026-03-02,1,2026-01-11 23:05:55+00:00
PLV4oS06_KpqZGwOHo-tsdIiaZts7qaqql,0VmI47XeOuE,2026-03-02,2,2026-01-11 23:05:33+00:00
PLV4oS06_KpqZREyUB473G07o-IsM7n-fi,BUC65TLIGf8,2026-03-02,0,2023-08-14 07:17:54+00:00
PLV4oS06_KpqZREyUB473G07o-IsM7n-fi,o3fMDF3PGhM,2026-03-02,1,2023-08-10 06:48:36+00:00
PLV4oS06_KpqZREyUB473G07o-IsM7n-fi,hipquVDxH70,2026-03-02,2,2023-08-14 04:11:39+00:00
PLV4oS06_KpqZREyUB473G07o-IsM7n-fi,IAjVUpwzMGo,2026-03-02,3,2023-08-11 06:07:02+00:00
PLV4oS06_KpqZREyUB473G07o-IsM7n-fi,pcSv3TjR5ZQ,2026-03-02,4,2023-08-14 08:51:24+00:00
PLV4oS06_KpqZREyUB473G07o-IsM7n-fi,eO7e64yu3Kk,2026-03-02,5,2023-08-17 08:34:55+00:00
PLV4oS06_KpqZREyUB473G07o-IsM7n-fi,qr6ATPTgl20,2026-03-02,6,2023-08-19 10:15:24+00:00
PLV4oS06_KpqZREyUB473G07o-IsM7n-fi,2s7evXo3BkI,2026-03-02,7,2023-08-21 11:07:18+00:00
PLV4oS06_KpqZREyUB473G07o-IsM7n-fi,_ofTsPs9mT8,2026-03-02,8,2023-08-22 09:52:11+00:00
PLV4oS06_KpqZREyUB473G07o-IsM7n-fi,G0pKbjeeTMs,2026-03-02,9,2023-08-27 11:54:32+00:00
PLV4oS06_KpqZREyUB473G07o-IsM7n-fi,ci1hFXvOMjw,2026-03-02,10,2023-08-23 04:22:12+00:00
PLV4oS06_KpqZREyUB473G07o-IsM7n-fi,PGZNyTVcZbI,2026-03-02,11,2023-08-24 10:07:33+00:00
PLV4oS06_KpqZREyUB473G07o-IsM7n-fi,IQPxO_NmSJk,2026-03-02,12,2023-09-10 06:00:03+00:00
PLV4oS06_KpqZREyUB473G07o-IsM7n-fi,bOvsWX2Mgmg,2026-03-02,13,2023-09-11 05:20:23+00:00
PLV4oS06_KpqZREyUB473G07o-IsM7n-fi,Im9z2T57eEw,2026-03-02,14,2023-09-12 06:21:38+00:00
PLV4oS06_KpqZREyUB473G07o-IsM7n-fi,HvXbln87KY0,2026-03-02,15,2023-09-14 09:59:13+00:00
PLV4oS06_KpqZREyUB473G07o-IsM7n-fi,1OxYQbmdW-Y,2026-03-02,16,2023-09-14 09:52:30+00:00
PLV4oS06_KpqZo5tENEyKr-Ha1wR4DZuHM,qytf-g55XFE,2026-03-02,0,2025-11-13 13:30:52+00:00
PLV4oS06_KpqZo5tENEyKr-Ha1wR4DZuHM,Q3olnvgueTQ,2026-03-02,1,2025-11-13 13:29:22+00:00
PLV4oS06_KpqZo5tENEyKr-Ha1wR4DZuHM,t8grl_NIYPw,2026-03-02,2,2026-02-10 02:28:39+00:00
PLV4oS06_KpqZo5tENEyKr-Ha1wR4DZuHM,iNyOOzX6lKk,2026-03-02,3,2026-02-10 02:28:52+00:00
PLV4oS06_KpqZo5tENEyKr-Ha1wR4DZuHM,E6-cYClJn3Y,2026-03-02,4,2026-02-10 02:30:30+00:00
PLV4oS06_KpqZo5tENEyKr-Ha1wR4DZuHM,9wkGoWLVjT8,2026-03-02,5,2026-02-10 02:30:15+00:00
PLV4oS06_KpqZo5tENEyKr-Ha1wR4DZuHM,x1FB0zvtgOw,2026-03-02,6,2026-02-10 02:29:11+00:00
PLV4oS06_KpqZo5tENEyKr-Ha1wR4DZuHM,Qc0HiH1iZ8U,2026-03-02,7,2026-02-10 02:29:36+00:00
PLV4oS06_KpqaJurJFbLi3HGrHrlOShc_x,rSYSSOP3h2k,2026-03-02,0,2023-12-23 05:24:09+00:00
PLV4oS06_KpqaJurJFbLi3HGrHrlOShc_x,AARzy2sfqVw,2026-03-02,1,2023-12-23 05:25:25+00:00
PLV4oS06_KpqaJurJFbLi3HGrHrlOShc_x,QueSk8MsubI,2026-03-02,2,2023-12-23 09:05:06+00:00
PLV4oS06_KpqaJurJFbLi3HGrHrlOShc_x,N5qEWgYkGwk,2026-03-02,3,2023-12-24 10:53:07+00:00
PLV4oS06_KpqaJurJFbLi3HGrHrlOShc_x,jJT2Pjgug7s,2026-03-02,4,2023-12-28 08:54:09+00:00
PLV4oS06_KpqaJurJFbLi3HGrHrlOShc_x,7beGTcu4wOY,2026-03-02,5,2023-12-28 09:42:38+00:00
PLV4oS06_KpqaJurJFbLi3HGrHrlOShc_x,YI0_i2mVva0,2026-03-02,6,2025-10-02 00:51:30+00:00
PLV4oS06_KpqaJurJFbLi3HGrHrlOShc_x,AtGVhnK5jRo,2026-03-02,7,2025-10-02 00:51:48+00:00
PLV4oS06_KpqaJurJFbLi3HGrHrlOShc_x,Xnd-Ygs7U3Y,2026-03-02,8,2025-10-02 00:51:59+00:00
PLV4oS06_KpqaJurJFbLi3HGrHrlOShc_x,yiDhqGdxFPs,2026-03-02,9,2025-10-02 00:52:12+00:00
PLV4oS06_KpqaJurJFbLi3HGrHrlOShc_x,W8clxC5S3dU,2026-03-02,10,2025-10-02 00:52:24+00:00
PLV4oS06_KpqaJurJFbLi3HGrHrlOShc_x,9xx1KaBQxVQ,2026-03-02,11,2025-10-02 00:52:35+00:00
PLV4oS06_KpqacM_CdWLJq4SttTNfszK0Q,2W7sPgGlNqo,2026-03-02,0,2023-08-26 11:06:21+00:00
PLV4oS06_KpqacM_CdWLJq4SttTNfszK0Q,-W0cM6L62s8,2026-03-02,1,2023-08-26 11:06:34+00:00
PLV4oS06_KpqacM_CdWLJq4SttTNfszK0Q,EVkg5zFPcMs,2026-03-02,2,2023-08-26 14:43:30+00:00
PLV4oS06_KpqacM_CdWLJq4SttTNfszK0Q,1ISPibwIVQA,2026-03-02,3,2024-07-07 16:54:14+00:00
PLV4oS06_Kpqahle46bX_iDjupUZLUDIad,Z4Fo5F_mLuU,2026-03-02,0,2025-10-19 16:33:20+00:00
PLV4oS06_Kpqahle46bX_iDjupUZLUDIad,dbYadcZ2uOU,2026-03-02,1,2025-10-19 16:33:23+00:00
PLV4oS06_Kpqahle46bX_iDjupUZLUDIad,N-7O94hPplU,2026-03-02,2,2025-10-19 16:33:28+00:00
PLV4oS06_Kpqahle46bX_iDjupUZLUDIad,i6Cfsd0CP2g,2026-03-02,3,2025-10-19 16:33:30+00:00
PLV4oS06_Kpqahle46bX_iDjupUZLUDIad,Q7BvnpCsUAU,2026-03-02,4,2025-10-19 16:33:34+00:00
PLV4oS06_Kpqahle46bX_iDjupUZLUDIad,zToHhAif9Gw,2026-03-02,5,2025-11-02 07:01:04+00:00
PLV4oS06_Kpqahle46bX_iDjupUZLUDIad,1Hgmt97AkBw,2026-03-02,6,2025-11-02 07:04:09+00:00
PLV4oS06_Kpqahle46bX_iDjupUZLUDIad,pHAb6YNGRl4,2026-03-02,7,2025-11-02 07:05:32+00:00
PLV4oS06_Kpqahle46bX_iDjupUZLUDIad,ddB92jjDOVs,2026-03-02,8,2026-01-06 00:47:56+00:00
PLV4oS06_Kpqahle46bX_iDjupUZLUDIad,DebaxM_8EO0,2026-03-02,9,2026-01-06 00:51:18+00:00
PLV4oS06_KpqamcyNZQTeta_OyuILoCavO,8_fVq-UewMc,2026-03-02,0,2025-11-16 09:32:46+00:00
PLV4oS06_KpqamcyNZQTeta_OyuILoCavO,f144Cg6EGxE,2026-03-02,1,2025-11-16 08:58:50+00:00
PLV4oS06_KpqamcyNZQTeta_OyuILoCavO,LXwH60B973Q,2026-03-02,2,2025-11-09 07:01:38+00:00
PLV4oS06_KpqamcyNZQTeta_OyuILoCavO,0i8W5wucIMc,2026-03-02,3,2025-11-08 00:43:35+00:00
PLV4oS06_KpqamcyNZQTeta_OyuILoCavO,rvVwrHtI4gQ,2026-03-02,4,2025-10-31 23:23:30+00:00
PLV4oS06_KpqamcyNZQTeta_OyuILoCavO,y_rVPdd-RNY,2026-03-02,5,2025-10-31 23:08:30+00:00
PLV4oS06_KpqamcyNZQTeta_OyuILoCavO,6rc09OdwHlk,2026-03-02,6,2024-01-28 23:18:41+00:00
PLV4oS06_KpqamcyNZQTeta_OyuILoCavO,Q6vUPD3f4bs,2026-03-02,7,2023-12-13 20:00:23+00:00
PLV4oS06_KpqamcyNZQTeta_OyuILoCavO,kJzw5JPC6AI,2026-03-02,8,2023-12-13 01:48:40+00:00
PLV4oS06_KpqaqyS9x6h5ys3REiUfUDOgy,XHnA-a5rivU,2026-03-02,0,2026-01-11 22:39:37+00:00
PLV4oS06_KpqaqyS9x6h5ys3REiUfUDOgy,Cz9osSyqYXI,2026-03-02,1,2026-01-11 22:39:37+00:00
PLV4oS06_KpqaqyS9x6h5ys3REiUfUDOgy,GgunOaMm_-g,2026-03-02,2,2026-01-11 22:39:37+00:00
PLV4oS06_KpqaqyS9x6h5ys3REiUfUDOgy,thQUAzH5d2o,2026-03-02,3,2026-01-11 22:39:37+00:00
PLV4oS06_KpqaqyS9x6h5ys3REiUfUDOgy,M4Q186h3zHA,2026-03-02,4,2026-01-11 22:39:37+00:00
PLV4oS06_Kpqawr6ifquiC0M_Hg2onwtJ5,mqLksU5um3Q,2026-03-02,0,2022-12-08 10:05:35+00:00
PLV4oS06_Kpqawr6ifquiC0M_Hg2onwtJ5,jRm_0dohWB4,2026-03-02,1,2023-07-28 16:18:43+00:00
PLV4oS06_Kpqawr6ifquiC0M_Hg2onwtJ5,4XgvRRtSUdg,2026-03-02,2,2023-07-29 15:23:19+00:00
PLV4oS06_Kpqawr6ifquiC0M_Hg2onwtJ5,lcOQNnj3lwQ,2026-03-02,3,2024-05-17 13:29:12+00:00
PLV4oS06_KpqbhnVieDd19KJczH_BlBArN,GLJffh1QDM4,2026-03-02,0,2026-01-11 10:11:03+00:00
PLV4oS06_KpqbhnVieDd19KJczH_BlBArN,dnLOQnSM8W8,2026-03-02,1,2026-01-11 10:11:18+00:00
PLV4oS06_KpqbhnVieDd19KJczH_BlBArN,Gcigj916zyE,2026-03-02,2,2026-01-11 10:11:46+00:00
PLV4oS06_KpqbhnVieDd19KJczH_BlBArN,xB4ecIksJSY,2026-03-02,3,2026-01-24 11:58:21+00:00
PLV4oS06_KpqbnahoXdN-A8Ql9zVblYUJl,mj_b9_nxJfw,2026-03-02,0,2025-09-01 08:50:36+00:00
PLV4oS06_KpqbnahoXdN-A8Ql9zVblYUJl,LDp0JP4L6YY,2026-03-02,1,2025-08-12 06:40:37+00:00
PLV4oS06_KpqbnahoXdN-A8Ql9zVblYUJl,X6JyQKV5d0E,2026-03-02,2,2025-08-12 10:15:47+00:00
PLV4oS06_KpqbnahoXdN-A8Ql9zVblYUJl,aLp96mNnYA8,2026-03-02,3,2025-08-12 10:21:59+00:00
PLV4oS06_KpqbnahoXdN-A8Ql9zVblYUJl,v1lKqeiQFTI,2026-03-02,4,2025-08-14 06:20:44+00:00
PLV4oS06_KpqbnahoXdN-A8Ql9zVblYUJl,PIOYkiA1qBw,2026-03-02,5,2025-08-14 06:24:19+00:00
PLV4oS06_KpqbnahoXdN-A8Ql9zVblYUJl,CHz9g2LGYlo,2026-03-02,6,2025-08-14 06:32:16+00:00
PLV4oS06_KpqbnahoXdN-A8Ql9zVblYUJl,YnFvHoWdvzs,2026-03-02,7,2025-08-14 06:36:01+00:00
PLV4oS06_KpqbnahoXdN-A8Ql9zVblYUJl,TGfUG__aOhw,2026-03-02,8,2025-08-14 07:58:08+00:00
PLV4oS06_KpqbnahoXdN-A8Ql9zVblYUJl,m_WT3mJ0J9E,2026-03-02,9,2025-08-14 07:59:27+00:00
PLV4oS06_KpqbnahoXdN-A8Ql9zVblYUJl,K2jlyUL3zK8,2026-03-02,10,2025-08-15 04:59:49+00:00
PLV4oS06_KpqbnahoXdN-A8Ql9zVblYUJl,uN-yP7FwIN4,2026-03-02,11,2025-08-15 05:02:52+00:00
PLV4oS06_KpqbnahoXdN-A8Ql9zVblYUJl,BQnwEe6r4Fg,2026-03-02,12,2025-08-15 05:06:05+00:00
PLV4oS06_KpqbnahoXdN-A8Ql9zVblYUJl,OTkdggNWv14,2026-03-02,13,2025-08-15 05:10:50+00:00
PLV4oS06_KpqbnahoXdN-A8Ql9zVblYUJl,VrvnwaTppAE,2026-03-02,14,2025-08-15 05:13:42+00:00
PLV4oS06_KpqbnahoXdN-A8Ql9zVblYUJl,JbwNhXjC16A,2026-03-02,15,2025-08-15 09:17:06+00:00
PLV4oS06_KpqbnahoXdN-A8Ql9zVblYUJl,ue5vLsIijHs,2026-03-02,16,2025-08-15 09:23:28+00:00
PLV4oS06_KpqbnahoXdN-A8Ql9zVblYUJl,zcOZ0IEsXHc,2026-03-02,17,2025-08-15 09:26:28+00:00
PLV4oS06_KpqbnahoXdN-A8Ql9zVblYUJl,_cXvg-XPnUs,2026-03-02,18,2025-08-15 09:32:06+00:00
PLV4oS06_KpqbnahoXdN-A8Ql9zVblYUJl,q0n48c-f4O8,2026-03-02,19,2025-08-15 09:36:21+00:00
PLV4oS06_KpqbnahoXdN-A8Ql9zVblYUJl,CrG-FruGb-k,2026-03-02,20,2025-08-15 09:46:14+00:00
PLV4oS06_KpqbnahoXdN-A8Ql9zVblYUJl,ZWi_B_rqvt4,2026-03-02,21,2025-08-15 09:52:09+00:00
PLV4oS06_KpqbnahoXdN-A8Ql9zVblYUJl,tIxrQnDwvx4,2026-03-02,22,2025-08-15 09:54:34+00:00
PLV4oS06_KpqbnahoXdN-A8Ql9zVblYUJl,NQpnc4YfuQo,2026-03-02,23,2025-08-15 09:58:19+00:00
PLV4oS06_KpqbnahoXdN-A8Ql9zVblYUJl,vBRiaP5NgVw,2026-03-02,24,2025-08-16 07:15:30+00:00
PLV4oS06_KpqbnahoXdN-A8Ql9zVblYUJl,t4eZfB4XTHg,2026-03-02,25,2025-08-16 07:18:01+00:00
PLV4oS06_KpqbnahoXdN-A8Ql9zVblYUJl,Dc98c6LPQQE,2026-03-02,26,2025-08-16 07:21:24+00:00
PLV4oS06_KpqbnahoXdN-A8Ql9zVblYUJl,YDElIJ6jMrw,2026-03-02,27,2025-08-16 07:23:05+00:00
PLV4oS06_KpqbnahoXdN-A8Ql9zVblYUJl,Lox4HlSibXo,2026-03-02,28,2025-08-16 07:25:45+00:00
PLV4oS06_KpqbnahoXdN-A8Ql9zVblYUJl,Q275enpY7bY,2026-03-02,29,2025-08-16 07:27:54+00:00
PLV4oS06_KpqbnahoXdN-A8Ql9zVblYUJl,Oswa8OkiQPs,2026-03-02,30,2025-08-16 07:30:14+00:00
PLV4oS06_KpqbnahoXdN-A8Ql9zVblYUJl,U92pTqhzxoQ,2026-03-02,31,2025-08-16 07:32:28+00:00
PLV4oS06_KpqbnahoXdN-A8Ql9zVblYUJl,vJXvL5i4OQY,2026-03-02,32,2025-08-16 07:35:33+00:00
PLV4oS06_KpqbnahoXdN-A8Ql9zVblYUJl,eVL3dw9BfPc,2026-03-02,33,2025-08-16 07:38:44+00:00
PLV4oS06_KpqbnahoXdN-A8Ql9zVblYUJl,THxGW9huLRg,2026-03-02,34,2025-08-16 07:40:35+00:00
PLV4oS06_KpqbnahoXdN-A8Ql9zVblYUJl,nAYXMoOpNsM,2026-03-02,35,2025-08-16 07:42:02+00:00
PLV4oS06_KpqbnahoXdN-A8Ql9zVblYUJl,zT66rq7mEu4,2026-03-02,36,2025-08-16 14:18:33+00:00
PLV4oS06_KpqbnahoXdN-A8Ql9zVblYUJl,sV8nczRvPAU,2026-03-02,37,2025-08-16 14:19:42+00:00
PLV4oS06_KpqbnahoXdN-A8Ql9zVblYUJl,kegfG0chZHI,2026-03-02,38,2025-08-16 14:22:21+00:00
PLV4oS06_KpqbnahoXdN-A8Ql9zVblYUJl,5BEWVMsLsBo,2026-03-02,39,2025-08-16 14:24:03+00:00
PLV4oS06_KpqbnahoXdN-A8Ql9zVblYUJl,v1Qnd2Uxcjs,2026-03-02,40,2025-08-16 14:27:58+00:00
PLV4oS06_KpqbnahoXdN-A8Ql9zVblYUJl,yzvzl1LBXm0,2026-03-02,41,2025-08-16 14:29:48+00:00
PLV4oS06_KpqbnahoXdN-A8Ql9zVblYUJl,UlDUQ9G0QHM,2026-03-02,42,2025-08-16 14:31:42+00:00
PLV4oS06_KpqbnahoXdN-A8Ql9zVblYUJl,NVwGmBS-wMw,2026-03-02,43,2025-08-16 14:32:53+00:00
PLV4oS06_KpqbnahoXdN-A8Ql9zVblYUJl,P4--JGi1xH8,2026-03-02,44,2025-08-16 14:35:00+00:00
PLV4oS06_KpqbnahoXdN-A8Ql9zVblYUJl,4aUW0262vu8,2026-03-02,45,2025-08-16 14:37:07+00:00
PLV4oS06_KpqbnahoXdN-A8Ql9zVblYUJl,R7hA1gBrsvQ,2026-03-02,46,2025-08-18 12:08:43+00:00
PLV4oS06_KpqbnahoXdN-A8Ql9zVblYUJl,E_MeMkTfBsk,2026-03-02,47,2025-08-18 12:11:13+00:00
PLV4oS06_KpqbnahoXdN-A8Ql9zVblYUJl,PLGbRoNcVL4,2026-03-02,48,2025-08-18 12:13:25+00:00
PLV4oS06_KpqbnahoXdN-A8Ql9zVblYUJl,6lR81YOeNKs,2026-03-02,49,2025-08-18 12:15:19+00:00
PLV4oS06_KpqbnahoXdN-A8Ql9zVblYUJl,KpjJH-fdImI,2026-03-02,50,2025-09-21 19:18:47+00:00
PLV4oS06_KpqbnahoXdN-A8Ql9zVblYUJl,xJ05Nq48Zq4,2026-03-02,51,2025-09-21 19:24:59+00:00
PLV4oS06_KpqbnahoXdN-A8Ql9zVblYUJl,xic7AMpR4IM,2026-03-02,52,2025-09-21 19:31:07+00:00
PLV4oS06_KpqbnahoXdN-A8Ql9zVblYUJl,DWS8WsB2FgE,2026-03-02,53,2025-09-21 19:34:47+00:00
PLV4oS06_KpqbnahoXdN-A8Ql9zVblYUJl,7kTYy0cJ_EE,2026-03-02,54,2025-09-21 19:37:41+00:00
PLV4oS06_KpqbnahoXdN-A8Ql9zVblYUJl,Zyg3scrypKQ,2026-03-02,55,2025-09-21 19:39:24+00:00
PLV4oS06_KpqbnahoXdN-A8Ql9zVblYUJl,a1nrZ-A7vSg,2026-03-02,56,2025-09-21 19:40:57+00:00
PLV4oS06_KpqbsY_I8iR4HRvb6w3vXUBIM,7bwkNrRpgw0,2026-03-02,0,2026-01-23 06:51:06+00:00
PLV4oS06_KpqbsY_I8iR4HRvb6w3vXUBIM,HDyKUodeuNw,2026-03-02,1,2026-01-23 06:37:27+00:00
PLV4oS06_KpqY-NCxlYCYMPENL0EUTLNuU,DQlkV2DmA_M,2026-02-23,0,2025-10-07 08:51:06+00:00
PLV4oS06_KpqY-NCxlYCYMPENL0EUTLNuU,MHxjAOrdxCU,2026-02-23,1,2025-10-07 08:55:56+00:00
PLV4oS06_KpqY-NCxlYCYMPENL0EUTLNuU,1eRuwnvwsPo,2026-02-23,2,2025-10-07 08:57:09+00:00
PLV4oS06_KpqY-NCxlYCYMPENL0EUTLNuU,IIT39Xomn94,2026-02-23,3,2025-10-07 09:00:56+00:00
PLV4oS06_KpqY-NCxlYCYMPENL0EUTLNuU,ecJm9JHj18g,2026-02-23,4,2025-10-07 19:53:24+00:00
PLV4oS06_KpqY-NCxlYCYMPENL0EUTLNuU,pLRAticn7NU,2026-02-23,5,2025-10-07 19:55:40+00:00
PLV4oS06_KpqY-NCxlYCYMPENL0EUTLNuU,t3jyABNSOno,2026-02-23,6,2025-10-07 19:56:36+00:00
PLV4oS06_KpqY-NCxlYCYMPENL0EUTLNuU,OzgC7e3Eths,2026-02-23,7,2025-10-07 19:57:33+00:00
PLV4oS06_KpqY-NCxlYCYMPENL0EUTLNuU,njqE2uGyysQ,2026-02-23,8,2025-10-07 19:59:45+00:00
PLV4oS06_KpqY-NCxlYCYMPENL0EUTLNuU,4JmKLgtmMBI,2026-02-23,9,2025-10-07 20:00:43+00:00
PLV4oS06_KpqY5xZ2gZ8u_79cmLrVUsGNe,aoP5EPC9Skw,2026-02-23,0,2025-09-11 08:49:27+00:00
PLV4oS06_KpqY5xZ2gZ8u_79cmLrVUsGNe,VUPm0AxqTho,2026-02-23,1,2025-09-11 08:49:13+00:00
PLV4oS06_KpqY5xZ2gZ8u_79cmLrVUsGNe,Ie-FqoNGqLA,2026-02-23,2,2025-09-11 08:49:56+00:00
PLV4oS06_KpqYMuPNqu6S1GgnyuhMOzBaN,ee-gYMaH1Rk,2026-02-23,0,2023-08-16 07:53:02+00:00
PLV4oS06_KpqYMuPNqu6S1GgnyuhMOzBaN,xsptE33QWNE,2026-02-23,1,2023-08-25 12:21:27+00:00
PLV4oS06_KpqYMuPNqu6S1GgnyuhMOzBaN,7q20ukuXuN8,2026-02-23,2,2024-05-17 13:27:51+00:00
PLV4oS06_KpqYRtYRoQHo_F_KsEjmqcDK7,J0GOADsEp4E,2026-02-23,0,2025-11-16 04:27:46+00:00
PLV4oS06_KpqYRtYRoQHo_F_KsEjmqcDK7,4v5Vv8fsR-g,2026-02-23,1,2025-11-16 04:25:53+00:00
PLV4oS06_KpqYRtYRoQHo_F_KsEjmqcDK7,ffCLLOraLFA,2026-02-23,2,2025-11-16 04:22:33+00:00
PLV4oS06_KpqYRtYRoQHo_F_KsEjmqcDK7,8AMwesfk-DM,2026-02-23,3,2025-11-16 04:21:13+00:00
PLV4oS06_KpqYRtYRoQHo_F_KsEjmqcDK7,HyPyDdUy-Xk,2026-02-23,4,2026-02-10 02:26:42+00:00
PLV4oS06_KpqYRtYRoQHo_F_KsEjmqcDK7,46knscCk2Ic,2026-02-23,5,2026-02-10 02:26:42+00:00
PLV4oS06_KpqYRtYRoQHo_F_KsEjmqcDK7,a4PcaVKyCko,2026-02-23,6,2026-02-10 02:26:42+00:00
PLV4oS06_KpqYRtYRoQHo_F_KsEjmqcDK7,OoG2Z1GdWQQ,2026-02-23,7,2026-02-10 02:26:42+00:00
PLV4oS06_KpqYRtYRoQHo_F_KsEjmqcDK7,7sgJBBtJV3A,2026-02-23,8,2026-02-10 02:26:42+00:00
PLV4oS06_KpqYRtYRoQHo_F_KsEjmqcDK7,NMt3A12yjhg,2026-02-23,9,2026-02-10 02:26:42+00:00
PLV4oS06_KpqYRtYRoQHo_F_KsEjmqcDK7,1-VRjF4aDgk,2026-02-23,10,2026-02-10 02:26:42+00:00
PLV4oS06_KpqYRtYRoQHo_F_KsEjmqcDK7,pqAswnET2XQ,2026-02-23,11,2026-02-10 02:26:42+00:00
PLV4oS06_KpqYRtYRoQHo_F_KsEjmqcDK7,hhX0ynoT_mc,2026-02-23,12,2026-02-10 02:26:42+00:00
PLV4oS06_KpqYRtYRoQHo_F_KsEjmqcDK7,XEdE-i6as6I,2026-02-23,13,2026-02-10 02:26:42+00:00
PLV4oS06_KpqZGwOHo-tsdIiaZts7qaqql,Zj6uiqMvFOU,2026-02-23,0,2026-01-17 20:02:37+00:00
PLV4oS06_KpqZGwOHo-tsdIiaZts7qaqql,RiYjYfMTGvw,2026-02-23,1,2026-01-11 23:05:55+00:00
PLV4oS06_KpqZGwOHo-tsdIiaZts7qaqql,0VmI47XeOuE,2026-02-23,2,2026-01-11 23:05:33+00:00
PLV4oS06_KpqZREyUB473G07o-IsM7n-fi,BUC65TLIGf8,2026-02-23,0,2023-08-14 07:17:54+00:00
PLV4oS06_KpqZREyUB473G07o-IsM7n-fi,o3fMDF3PGhM,2026-02-23,1,2023-08-10 06:48:36+00:00
PLV4oS06_KpqZREyUB473G07o-IsM7n-fi,hipquVDxH70,2026-02-23,2,2023-08-14 04:11:39+00:00
PLV4oS06_KpqZREyUB473G07o-IsM7n-fi,IAjVUpwzMGo,2026-02-23,3,2023-08-11 06:07:02+00:00
PLV4oS06_KpqZREyUB473G07o-IsM7n-fi,pcSv3TjR5ZQ,2026-02-23,4,2023-08-14 08:51:24+00:00
PLV4oS06_KpqZREyUB473G07o-IsM7n-fi,eO7e64yu3Kk,2026-02-23,5,2023-08-17 08:34:55+00:00
PLV4oS06_KpqZREyUB473G07o-IsM7n-fi,qr6ATPTgl20,2026-02-23,6,2023-08-19 10:15:24+00:00
PLV4oS06_KpqZREyUB473G07o-IsM7n-fi,2s7evXo3BkI,2026-02-23,7,2023-08-21 11:07:18+00:00
PLV4oS06_KpqZREyUB473G07o-IsM7n-fi,_ofTsPs9mT8,2026-02-23,8,2023-08-22 09:52:11+00:00
PLV4oS06_KpqZREyUB473G07o-IsM7n-fi,G0pKbjeeTMs,2026-02-23,9,2023-08-27 11:54:32+00:00
PLV4oS06_KpqZREyUB473G07o-IsM7n-fi,ci1hFXvOMjw,2026-02-23,10,2023-08-23 04:22:12+00:00
PLV4oS06_KpqZREyUB473G07o-IsM7n-fi,PGZNyTVcZbI,2026-02-23,11,2023-08-24 10:07:33+00:00
PLV4oS06_KpqZREyUB473G07o-IsM7n-fi,IQPxO_NmSJk,2026-02-23,12,2023-09-10 06:00:03+00:00
PLV4oS06_KpqZREyUB473G07o-IsM7n-fi,bOvsWX2Mgmg,2026-02-23,13,2023-09-11 05:20:23+00:00
PLV4oS06_KpqZREyUB473G07o-IsM7n-fi,Im9z2T57eEw,2026-02-23,14,2023-09-12 06:21:38+00:00
PLV4oS06_KpqZREyUB473G07o-IsM7n-fi,HvXbln87KY0,2026-02-23,15,2023-09-14 09:59:13+00:00
PLV4oS06_KpqZREyUB473G07o-IsM7n-fi,1OxYQbmdW-Y,2026-02-23,16,2023-09-14 09:52:30+00:00
PLV4oS06_KpqZo5tENEyKr-Ha1wR4DZuHM,qytf-g55XFE,2026-02-23,0,2025-11-13 13:30:52+00:00
PLV4oS06_KpqZo5tENEyKr-Ha1wR4DZuHM,Q3olnvgueTQ,2026-02-23,1,2025-11-13 13:29:22+00:00
PLV4oS06_KpqZo5tENEyKr-Ha1wR4DZuHM,t8grl_NIYPw,2026-02-23,2,2026-02-10 02:28:39+00:00
PLV4oS06_KpqZo5tENEyKr-Ha1wR4DZuHM,iNyOOzX6lKk,2026-02-23,3,2026-02-10 02:28:52+00:00
PLV4oS06_KpqZo5tENEyKr-Ha1wR4DZuHM,E6-cYClJn3Y,2026-02-23,4,2026-02-10 02:30:30+00:00
PLV4oS06_KpqZo5tENEyKr-Ha1wR4DZuHM,9wkGoWLVjT8,2026-02-23,5,2026-02-10 02:30:15+00:00
PLV4oS06_KpqZo5tENEyKr-Ha1wR4DZuHM,x1FB0zvtgOw,2026-02-23,6,2026-02-10 02:29:11+00:00
PLV4oS06_KpqZo5tENEyKr-Ha1wR4DZuHM,Qc0HiH1iZ8U,2026-02-23,7,2026-02-10 02:29:36+00:00
PLV4oS06_KpqaJurJFbLi3HGrHrlOShc_x,rSYSSOP3h2k,2026-02-23,0,2023-12-23 05:24:09+00:00
PLV4oS06_KpqaJurJFbLi3HGrHrlOShc_x,AARzy2sfqVw,2026-02-23,1,2023-12-23 05:25:25+00:00
PLV4oS06_KpqaJurJFbLi3HGrHrlOShc_x,QueSk8MsubI,2026-02-23,2,2023-12-23 09:05:06+00:00
PLV4oS06_KpqaJurJFbLi3HGrHrlOShc_x,N5qEWgYkGwk,2026-02-23,3,2023-12-24 10:53:07+00:00
PLV4oS06_KpqaJurJFbLi3HGrHrlOShc_x,jJT2Pjgug7s,2026-02-23,4,2023-12-28 08:54:09+00:00
PLV4oS06_KpqaJurJFbLi3HGrHrlOShc_x,7beGTcu4wOY,2026-02-23,5,2023-12-28 09:42:38+00:00
PLV4oS06_KpqaJurJFbLi3HGrHrlOShc_x,YI0_i2mVva0,2026-02-23,6,2025-10-02 00:51:30+00:00
PLV4oS06_KpqaJurJFbLi3HGrHrlOShc_x,AtGVhnK5jRo,2026-02-23,7,2025-10-02 00:51:48+00:00
PLV4oS06_KpqaJurJFbLi3HGrHrlOShc_x,Xnd-Ygs7U3Y,2026-02-23,8,2025-10-02 00:51:59+00:00
PLV4oS06_KpqaJurJFbLi3HGrHrlOShc_x,yiDhqGdxFPs,2026-02-23,9,2025-10-02 00:52:12+00:00
PLV4oS06_KpqaJurJFbLi3HGrHrlOShc_x,W8clxC5S3dU,2026-02-23,10,2025-10-02 00:52:24+00:00
PLV4oS06_KpqaJurJFbLi3HGrHrlOShc_x,9xx1KaBQxVQ,2026-02-23,11,2025-10-02 00:52:35+00:00
PLV4oS06_KpqacM_CdWLJq4SttTNfszK0Q,2W7sPgGlNqo,2026-02-23,0,2023-08-26 11:06:21+00:00
PLV4oS06_KpqacM_CdWLJq4SttTNfszK0Q,-W0cM6L62s8,2026-02-23,1,2023-08-26 11:06:34+00:00
PLV4oS06_KpqacM_CdWLJq4SttTNfszK0Q,EVkg5zFPcMs,2026-02-23,2,2023-08-26 14:43:30+00:00
PLV4oS06_KpqacM_CdWLJq4SttTNfszK0Q,1ISPibwIVQA,2026-02-23,3,2024-07-07 16:54:14+00:00
PLV4oS06_Kpqahle46bX_iDjupUZLUDIad,Z4Fo5F_mLuU,2026-02-23,0,2025-10-19 16:33:20+00:00
PLV4oS06_Kpqahle46bX_iDjupUZLUDIad,dbYadcZ2uOU,2026-02-23,1,2025-10-19 16:33:23+00:00
PLV4oS06_Kpqahle46bX_iDjupUZLUDIad,N-7O94hPplU,2026-02-23,2,2025-10-19 16:33:28+00:00
PLV4oS06_Kpqahle46bX_iDjupUZLUDIad,i6Cfsd0CP2g,2026-02-23,3,2025-10-19 16:33:30+00:00
PLV4oS06_Kpqahle46bX_iDjupUZLUDIad,Q7BvnpCsUAU,2026-02-23,4,2025-10-19 16:33:34+00:00
PLV4oS06_Kpqahle46bX_iDjupUZLUDIad,zToHhAif9Gw,2026-02-23,5,2025-11-02 07:01:04+00:00
PLV4oS06_Kpqahle46bX_iDjupUZLUDIad,1Hgmt97AkBw,2026-02-23,6,2025-11-02 07:04:09+00:00
PLV4oS06_Kpqahle46bX_iDjupUZLUDIad,pHAb6YNGRl4,2026-02-23,7,2025-11-02 07:05:32+00:00
PLV4oS06_Kpqahle46bX_iDjupUZLUDIad,ddB92jjDOVs,2026-02-23,8,2026-01-06 00:47:56+00:00
PLV4oS06_Kpqahle46bX_iDjupUZLUDIad,DebaxM_8EO0,2026-02-23,9,2026-01-06 00:51:18+00:00
PLV4oS06_KpqamcyNZQTeta_OyuILoCavO,8_fVq-UewMc,2026-02-23,0,2025-11-16 09:32:46+00:00
PLV4oS06_KpqamcyNZQTeta_OyuILoCavO,f144Cg6EGxE,2026-02-23,1,2025-11-16 08:58:50+00:00
PLV4oS06_KpqamcyNZQTeta_OyuILoCavO,LXwH60B973Q,2026-02-23,2,2025-11-09 07:01:38+00:00
PLV4oS06_KpqamcyNZQTeta_OyuILoCavO,0i8W5wucIMc,2026-02-23,3,2025-11-08 00:43:35+00:00
PLV4oS06_KpqamcyNZQTeta_OyuILoCavO,rvVwrHtI4gQ,2026-02-23,4,2025-10-31 23:23:30+00:00
PLV4oS06_KpqamcyNZQTeta_OyuILoCavO,y_rVPdd-RNY,2026-02-23,5,2025-10-31 23:08:30+00:00
PLV4oS06_KpqamcyNZQTeta_OyuILoCavO,6rc09OdwHlk,2026-02-23,6,2024-01-28 23:18:41+00:00
PLV4oS06_KpqamcyNZQTeta_OyuILoCavO,Q6vUPD3f4bs,2026-02-23,7,2023-12-13 20:00:23+00:00
PLV4oS06_KpqamcyNZQTeta_OyuILoCavO,kJzw5JPC6AI,2026-02-23,8,2023-12-13 01:48:40+00:00
PLV4oS06_KpqaqyS9x6h5ys3REiUfUDOgy,XHnA-a5rivU,2026-02-23,0,2026-01-11 22:39:37+00:00
PLV4oS06_KpqaqyS9x6h5ys3REiUfUDOgy,Cz9osSyqYXI,2026-02-23,1,2026-01-11 22:39:37+00:00
PLV4oS06_KpqaqyS9x6h5ys3REiUfUDOgy,GgunOaMm_-g,2026-02-23,2,2026-01-11 22:39:37+00:00
PLV4oS06_KpqaqyS9x6h5ys3REiUfUDOgy,thQUAzH5d2o,2026-02-23,3,2026-01-11 22:39:37+00:00
PLV4oS06_KpqaqyS9x6h5ys3REiUfUDOgy,M4Q186h3zHA,2026-02-23,4,2026-01-11 22:39:37+00:00
PLV4oS06_Kpqawr6ifquiC0M_Hg2onwtJ5,mqLksU5um3Q,2026-02-23,0,2022-12-08 10:05:35+00:00
PLV4oS06_Kpqawr6ifquiC0M_Hg2onwtJ5,jRm_0dohWB4,2026-02-23,1,2023-07-28 16:18:43+00:00
PLV4oS06_Kpqawr6ifquiC0M_Hg2onwtJ5,4XgvRRtSUdg,2026-02-23,2,2023-07-29 15:23:19+00:00
PLV4oS06_Kpqawr6ifquiC0M_Hg2onwtJ5,lcOQNnj3lwQ,2026-02-23,3,2024-05-17 13:29:12+00:00
PLV4oS06_KpqbhnVieDd19KJczH_BlBArN,GLJffh1QDM4,2026-02-23,0,2026-01-11 10:11:03+00:00
PLV4oS06_KpqbhnVieDd19KJczH_BlBArN,dnLOQnSM8W8,2026-02-23,1,2026-01-11 10:11:18+00:00
PLV4oS06_KpqbhnVieDd19KJczH_BlBArN,Gcigj916zyE,2026-02-23,2,2026-01-11 10:11:46+00:00
PLV4oS06_KpqbhnVieDd19KJczH_BlBArN,xB4ecIksJSY,2026-02-23,3,2026-01-24 11:58:21+00:00
PLV4oS06_KpqbnahoXdN-A8Ql9zVblYUJl,mj_b9_nxJfw,2026-02-23,0,2025-09-01 08:50:36+00:00
PLV4oS06_KpqbnahoXdN-A8Ql9zVblYUJl,LDp0JP4L6YY,2026-02-23,1,2025-08-12 06:40:37+00:00
PLV4oS06_KpqbnahoXdN-A8Ql9zVblYUJl,X6JyQKV5d0E,2026-02-23,2,2025-08-12 10:15:47+00:00
PLV4oS06_KpqbnahoXdN-A8Ql9zVblYUJl,aLp96mNnYA8,2026-02-23,3,2025-08-12 10:21:59+00:00
PLV4oS06_KpqbnahoXdN-A8Ql9zVblYUJl,v1lKqeiQFTI,2026-02-23,4,2025-08-14 06:20:44+00:00
PLV4oS06_KpqbnahoXdN-A8Ql9zVblYUJl,PIOYkiA1qBw,2026-02-23,5,2025-08-14 06:24:19+00:00
PLV4oS06_KpqbnahoXdN-A8Ql9zVblYUJl,CHz9g2LGYlo,2026-02-23,6,2025-08-14 06:32:16+00:00
PLV4oS06_KpqbnahoXdN-A8Ql9zVblYUJl,YnFvHoWdvzs,2026-02-23,7,2025-08-14 06:36:01+00:00
PLV4oS06_KpqbnahoXdN-A8Ql9zVblYUJl,TGfUG__aOhw,2026-02-23,8,2025-08-14 07:58:08+00:00
PLV4oS06_KpqbnahoXdN-A8Ql9zVblYUJl,m_WT3mJ0J9E,2026-02-23,9,2025-08-14 07:59:27+00:00
PLV4oS06_KpqbnahoXdN-A8Ql9zVblYUJl,K2jlyUL3zK8,2026-02-23,10,2025-08-15 04:59:49+00:00
PLV4oS06_KpqbnahoXdN-A8Ql9zVblYUJl,uN-yP7FwIN4,2026-02-23,11,2025-08-15 05:02:52+00:00
PLV4oS06_KpqbnahoXdN-A8Ql9zVblYUJl,BQnwEe6r4Fg,2026-02-23,12,2025-08-15 05:06:05+00:00
PLV4oS06_KpqbnahoXdN-A8Ql9zVblYUJl,OTkdggNWv14,2026-02-23,13,2025-08-15 05:10:50+00:00
PLV4oS06_KpqbnahoXdN-A8Ql9zVblYUJl,VrvnwaTppAE,2026-02-23,14,2025-08-15 05:13:42+00:00
PLV4oS06_KpqbnahoXdN-A8Ql9zVblYUJl,JbwNhXjC16A,2026-02-23,15,2025-08-15 09:17:06+00:00
PLV4oS06_KpqbnahoXdN-A8Ql9zVblYUJl,ue5vLsIijHs,2026-02-23,16,2025-08-15 09:23:28+00:00
PLV4oS06_KpqbnahoXdN-A8Ql9zVblYUJl,zcOZ0IEsXHc,2026-02-23,17,2025-08-15 09:26:28+00:00
PLV4oS06_KpqbnahoXdN-A8Ql9zVblYUJl,_cXvg-XPnUs,2026-02-23,18,2025-08-15 09:32:06+00:00
PLV4oS06_KpqbnahoXdN-A8Ql9zVblYUJl,q0n48c-f4O8,2026-02-23,19,2025-08-15 09:36:21+00:00
PLV4oS06_KpqbnahoXdN-A8Ql9zVblYUJl,CrG-FruGb-k,2026-02-23,20,2025-08-15 09:46:14+00:00
PLV4oS06_KpqbnahoXdN-A8Ql9zVblYUJl,ZWi_B_rqvt4,2026-02-23,21,2025-08-15 09:52:09+00:00
PLV4oS06_KpqbnahoXdN-A8Ql9zVblYUJl,tIxrQnDwvx4,2026-02-23,22,2025-08-15 09:54:34+00:00
PLV4oS06_KpqbnahoXdN-A8Ql9zVblYUJl,NQpnc4YfuQo,2026-02-23,23,2025-08-15 09:58:19+00:00
PLV4oS06_KpqbnahoXdN-A8Ql9zVblYUJl,vBRiaP5NgVw,2026-02-23,24,2025-08-16 07:15:30+00:00
PLV4oS06_KpqbnahoXdN-A8Ql9zVblYUJl,t4eZfB4XTHg,2026-02-23,25,2025-08-16 07:18:01+00:00
PLV4oS06_KpqbnahoXdN-A8Ql9zVblYUJl,Dc98c6LPQQE,2026-02-23,26,2025-08-16 07:21:24+00:00
PLV4oS06_KpqbnahoXdN-A8Ql9zVblYUJl,YDElIJ6jMrw,2026-02-23,27,2025-08-16 07:23:05+00:00
PLV4oS06_KpqbnahoXdN-A8Ql9zVblYUJl,Lox4HlSibXo,2026-02-23,28,2025-08-16 07:25:45+00:00
PLV4oS06_KpqbnahoXdN-A8Ql9zVblYUJl,Q275enpY7bY,2026-02-23,29,2025-08-16 07:27:54+00:00
PLV4oS06_KpqbnahoXdN-A8Ql9zVblYUJl,Oswa8OkiQPs,2026-02-23,30,2025-08-16 07:30:14+00:00
PLV4oS06_KpqbnahoXdN-A8Ql9zVblYUJl,U92pTqhzxoQ,2026-02-23,31,2025-08-16 07:32:28+00:00
PLV4oS06_KpqbnahoXdN-A8Ql9zVblYUJl,vJXvL5i4OQY,2026-02-23,32,2025-08-16 07:35:33+00:00
PLV4oS06_KpqbnahoXdN-A8Ql9zVblYUJl,eVL3dw9BfPc,2026-02-23,33,2025-08-16 07:38:44+00:00
PLV4oS06_KpqbnahoXdN-A8Ql9zVblYUJl,THxGW9huLRg,2026-02-23,34,2025-08-16 07:40:35+00:00
PLV4oS06_KpqbnahoXdN-A8Ql9zVblYUJl,nAYXMoOpNsM,2026-02-23,35,2025-08-16 07:42:02+00:00
PLV4oS06_KpqbnahoXdN-A8Ql9zVblYUJl,zT66rq7mEu4,2026-02-23,36,2025-08-16 14:18:33+00:00
PLV4oS06_KpqbnahoXdN-A8Ql9zVblYUJl,sV8nczRvPAU,2026-02-23,37,2025-08-16 14:19:42+00:00
PLV4oS06_KpqbnahoXdN-A8Ql9zVblYUJl,kegfG0chZHI,2026-02-23,38,2025-08-16 14:22:21+00:00
PLV4oS06_KpqbnahoXdN-A8Ql9zVblYUJl,5BEWVMsLsBo,2026-02-23,39,2025-08-16 14:24:03+00:00
PLV4oS06_KpqbnahoXdN-A8Ql9zVblYUJl,v1Qnd2Uxcjs,2026-02-23,40,2025-08-16 14:27:58+00:00
PLV4oS06_KpqbnahoXdN-A8Ql9zVblYUJl,yzvzl1LBXm0,2026-02-23,41,2025-08-16 14:29:48+00:00
PLV4oS06_KpqbnahoXdN-A8Ql9zVblYUJl,UlDUQ9G0QHM,2026-02-23,42,2025-08-16 14:31:42+00:00
PLV4oS06_KpqbnahoXdN-A8Ql9zVblYUJl,NVwGmBS-wMw,2026-02-23,43,2025-08-16 14:32:53+00:00
PLV4oS06_KpqbnahoXdN-A8Ql9zVblYUJl,P4--JGi1xH8,2026-02-23,44,2025-08-16 14:35:00+00:00
PLV4oS06_KpqbnahoXdN-A8Ql9zVblYUJl,4aUW0262vu8,2026-02-23,45,2025-08-16 14:37:07+00:00
PLV4oS06_KpqbnahoXdN-A8Ql9zVblYUJl,R7hA1gBrsvQ,2026-02-23,46,2025-08-18 12:08:43+00:00
PLV4oS06_KpqbnahoXdN-A8Ql9zVblYUJl,E_MeMkTfBsk,2026-02-23,47,2025-08-18 12:11:13+00:00
PLV4oS06_KpqbnahoXdN-A8Ql9zVblYUJl,PLGbRoNcVL4,2026-02-23,48,2025-08-18 12:13:25+00:00
PLV4oS06_KpqbnahoXdN-A8Ql9zVblYUJl,6lR81YOeNKs,2026-02-23,49,2025-08-18 12:15:19+00:00
PLV4oS06_KpqbnahoXdN-A8Ql9zVblYUJl,KpjJH-fdImI,2026-02-23,50,2025-09-21 19:18:47+00:00
PLV4oS06_KpqbnahoXdN-A8Ql9zVblYUJl,xJ05Nq48Zq4,2026-02-23,51,2025-09-21 19:24:59+00:00
PLV4oS06_KpqbnahoXdN-A8Ql9zVblYUJl,xic7AMpR4IM,2026-02-23,52,2025-09-21 19:31:07+00:00
PLV4oS06_KpqbnahoXdN-A8Ql9zVblYUJl,DWS8WsB2FgE,2026-02-23,53,2025-09-21 19:34:47+00:00
PLV4oS06_KpqbnahoXdN-A8Ql9zVblYUJl,7kTYy0cJ_EE,2026-02-23,54,2025-09-21 19:37:41+00:00
PLV4oS06_KpqbnahoXdN-A8Ql9zVblYUJl,Zyg3scrypKQ,2026-02-23,55,2025-09-21 19:39:24+00:00
PLV4oS06_KpqbnahoXdN-A8Ql9zVblYUJl,a1nrZ-A7vSg,2026-02-23,56,2025-09-21 19:40:57+00:00
PLV4oS06_KpqbsY_I8iR4HRvb6w3vXUBIM,7bwkNrRpgw0,2026-02-23,0,2026-01-23 06:51:06+00:00
PLV4oS06_KpqbsY_I8iR4HRvb6w3vXUBIM,HDyKUodeuNw,2026-02-23,1,2026-01-23 06:37:27+00:00
PLV4oS06_KpqY-NCxlYCYMPENL0EUTLNuU,DQlkV2DmA_M,2026-02-16,0,2025-10-07 08:51:06+00:00
PLV4oS06_KpqY-NCxlYCYMPENL0EUTLNuU,MHxjAOrdxCU,2026-02-16,1,2025-10-07 08:55:56+00:00
PLV4oS06_KpqY-NCxlYCYMPENL0EUTLNuU,1eRuwnvwsPo,2026-02-16,2,2025-10-07 08:57:09+00:00
PLV4oS06_KpqY-NCxlYCYMPENL0EUTLNuU,IIT39Xomn94,2026-02-16,3,2025-10-07 09:00:56+00:00
PLV4oS06_KpqY-NCxlYCYMPENL0EUTLNuU,ecJm9JHj18g,2026-02-16,4,2025-10-07 19:53:24+00:00
PLV4oS06_KpqY-NCxlYCYMPENL0EUTLNuU,pLRAticn7NU,2026-02-16,5,2025-10-07 19:55:40+00:00
PLV4oS06_KpqY-NCxlYCYMPENL0EUTLNuU,t3jyABNSOno,2026-02-16,6,2025-10-07 19:56:36+00:00
PLV4oS06_KpqY-NCxlYCYMPENL0EUTLNuU,OzgC7e3Eths,2026-02-16,7,2025-10-07 19:57:33+00:00
PLV4oS06_KpqY-NCxlYCYMPENL0EUTLNuU,njqE2uGyysQ,2026-02-16,8,2025-10-07 19:59:45+00:00
PLV4oS06_KpqY-NCxlYCYMPENL0EUTLNuU,4JmKLgtmMBI,2026-02-16,9,2025-10-07 20:00:43+00:00
PLV4oS06_KpqY5xZ2gZ8u_79cmLrVUsGNe,aoP5EPC9Skw,2026-02-16,0,2025-09-11 08:49:27+00:00
PLV4oS06_KpqY5xZ2gZ8u_79cmLrVUsGNe,VUPm0AxqTho,2026-02-16,1,2025-09-11 08:49:13+00:00
PLV4oS06_KpqY5xZ2gZ8u_79cmLrVUsGNe,Ie-FqoNGqLA,2026-02-16,2,2025-09-11 08:49:56+00:00
PLV4oS06_KpqYMuPNqu6S1GgnyuhMOzBaN,ee-gYMaH1Rk,2026-02-16,0,2023-08-16 07:53:02+00:00
PLV4oS06_KpqYMuPNqu6S1GgnyuhMOzBaN,xsptE33QWNE,2026-02-16,1,2023-08-25 12:21:27+00:00
PLV4oS06_KpqYMuPNqu6S1GgnyuhMOzBaN,7q20ukuXuN8,2026-02-16,2,2024-05-17 13:27:51+00:00
PLV4oS06_KpqYRtYRoQHo_F_KsEjmqcDK7,J0GOADsEp4E,2026-02-16,0,2025-11-16 04:27:46+00:00
PLV4oS06_KpqYRtYRoQHo_F_KsEjmqcDK7,4v5Vv8fsR-g,2026-02-16,1,2025-11-16 04:25:53+00:00
PLV4oS06_KpqYRtYRoQHo_F_KsEjmqcDK7,ffCLLOraLFA,2026-02-16,2,2025-11-16 04:22:33+00:00
PLV4oS06_KpqYRtYRoQHo_F_KsEjmqcDK7,8AMwesfk-DM,2026-02-16,3,2025-11-16 04:21:13+00:00
PLV4oS06_KpqYRtYRoQHo_F_KsEjmqcDK7,HyPyDdUy-Xk,2026-02-16,4,2026-02-10 02:26:42+00:00
PLV4oS06_KpqYRtYRoQHo_F_KsEjmqcDK7,46knscCk2Ic,2026-02-16,5,2026-02-10 02:26:42+00:00
PLV4oS06_KpqYRtYRoQHo_F_KsEjmqcDK7,a4PcaVKyCko,2026-02-16,6,2026-02-10 02:26:42+00:00
PLV4oS06_KpqYRtYRoQHo_F_KsEjmqcDK7,OoG2Z1GdWQQ,2026-02-16,7,2026-02-10 02:26:42+00:00
PLV4oS06_KpqYRtYRoQHo_F_KsEjmqcDK7,7sgJBBtJV3A,2026-02-16,8,2026-02-10 02:26:42+00:00
PLV4oS06_KpqYRtYRoQHo_F_KsEjmqcDK7,NMt3A12yjhg,2026-02-16,9,2026-02-10 02:26:42+00:00
PLV4oS06_KpqYRtYRoQHo_F_KsEjmqcDK7,1-VRjF4aDgk,2026-02-16,10,2026-02-10 02:26:42+00:00
PLV4oS06_KpqYRtYRoQHo_F_KsEjmqcDK7,pqAswnET2XQ,2026-02-16,11,2026-02-10 02:26:42+00:00
PLV4oS06_KpqYRtYRoQHo_F_KsEjmqcDK7,hhX0ynoT_mc,2026-02-16,12,2026-02-10 02:26:42+00:00
PLV4oS06_KpqYRtYRoQHo_F_KsEjmqcDK7,XEdE-i6as6I,2026-02-16,13,2026-02-10 02:26:42+00:00
PLV4oS06_KpqZGwOHo-tsdIiaZts7qaqql,Zj6uiqMvFOU,2026-02-16,0,2026-01-17 20:02:37+00:00
PLV4oS06_KpqZGwOHo-tsdIiaZts7qaqql,RiYjYfMTGvw,2026-02-16,1,2026-01-11 23:05:55+00:00
PLV4oS06_KpqZGwOHo-tsdIiaZts7qaqql,0VmI47XeOuE,2026-02-16,2,2026-01-11 23:05:33+00:00
PLV4oS06_KpqZREyUB473G07o-IsM7n-fi,BUC65TLIGf8,2026-02-16,0,2023-08-14 07:17:54+00:00
PLV4oS06_KpqZREyUB473G07o-IsM7n-fi,o3fMDF3PGhM,2026-02-16,1,2023-08-10 06:48:36+00:00
PLV4oS06_KpqZREyUB473G07o-IsM7n-fi,hipquVDxH70,2026-02-16,2,2023-08-14 04:11:39+00:00
PLV4oS06_KpqZREyUB473G07o-IsM7n-fi,IAjVUpwzMGo,2026-02-16,3,2023-08-11 06:07:02+00:00
PLV4oS06_KpqZREyUB473G07o-IsM7n-fi,pcSv3TjR5ZQ,2026-02-16,4,2023-08-14 08:51:24+00:00
PLV4oS06_KpqZREyUB473G07o-IsM7n-fi,eO7e64yu3Kk,2026-02-16,5,2023-08-17 08:34:55+00:00
PLV4oS06_KpqZREyUB473G07o-IsM7n-fi,qr6ATPTgl20,2026-02-16,6,2023-08-19 10:15:24+00:00
PLV4oS06_KpqZREyUB473G07o-IsM7n-fi,2s7evXo3BkI,2026-02-16,7,2023-08-21 11:07:18+00:00
PLV4oS06_KpqZREyUB473G07o-IsM7n-fi,_ofTsPs9mT8,2026-02-16,8,2023-08-22 09:52:11+00:00
PLV4oS06_KpqZREyUB473G07o-IsM7n-fi,G0pKbjeeTMs,2026-02-16,9,2023-08-27 11:54:32+00:00
PLV4oS06_KpqZREyUB473G07o-IsM7n-fi,ci1hFXvOMjw,2026-02-16,10,2023-08-23 04:22:12+00:00
PLV4oS06_KpqZREyUB473G07o-IsM7n-fi,PGZNyTVcZbI,2026-02-16,11,2023-08-24 10:07:33+00:00
PLV4oS06_KpqZREyUB473G07o-IsM7n-fi,IQPxO_NmSJk,2026-02-16,12,2023-09-10 06:00:03+00:00
PLV4oS06_KpqZREyUB473G07o-IsM7n-fi,bOvsWX2Mgmg,2026-02-16,13,2023-09-11 05:20:23+00:00
PLV4oS06_KpqZREyUB473G07o-IsM7n-fi,Im9z2T57eEw,2026-02-16,14,2023-09-12 06:21:38+00:00
PLV4oS06_KpqZREyUB473G07o-IsM7n-fi,HvXbln87KY0,2026-02-16,15,2023-09-14 09:59:13+00:00
PLV4oS06_KpqZREyUB473G07o-IsM7n-fi,1OxYQbmdW-Y,2026-02-16,16,2023-09-14 09:52:30+00:00
PLV4oS06_KpqZo5tENEyKr-Ha1wR4DZuHM,qytf-g55XFE,2026-02-16,0,2025-11-13 13:30:52+00:00
PLV4oS06_KpqZo5tENEyKr-Ha1wR4DZuHM,Q3olnvgueTQ,2026-02-16,1,2025-11-13 13:29:22+00:00
PLV4oS06_KpqZo5tENEyKr-Ha1wR4DZuHM,t8grl_NIYPw,2026-02-16,2,2026-02-10 02:28:39+00:00
PLV4oS06_KpqZo5tENEyKr-Ha1wR4DZuHM,iNyOOzX6lKk,2026-02-16,3,2026-02-10 02:28:52+00:00
PLV4oS06_KpqZo5tENEyKr-Ha1wR4DZuHM,E6-cYClJn3Y,2026-02-16,4,2026-02-10 02:30:30+00:00
PLV4oS06_KpqZo5tENEyKr-Ha1wR4DZuHM,9wkGoWLVjT8,2026-02-16,5,2026-02-10 02:30:15+00:00
PLV4oS06_KpqZo5tENEyKr-Ha1wR4DZuHM,x1FB0zvtgOw,2026-02-16,6,2026-02-10 02:29:11+00:00
PLV4oS06_KpqZo5tENEyKr-Ha1wR4DZuHM,Qc0HiH1iZ8U,2026-02-16,7,2026-02-10 02:29:36+00:00
PLV4oS06_KpqaJurJFbLi3HGrHrlOShc_x,rSYSSOP3h2k,2026-02-16,0,2023-12-23 05:24:09+00:00
PLV4oS06_KpqaJurJFbLi3HGrHrlOShc_x,AARzy2sfqVw,2026-02-16,1,2023-12-23 05:25:25+00:00
PLV4oS06_KpqaJurJFbLi3HGrHrlOShc_x,QueSk8MsubI,2026-02-16,2,2023-12-23 09:05:06+00:00
PLV4oS06_KpqaJurJFbLi3HGrHrlOShc_x,N5qEWgYkGwk,2026-02-16,3,2023-12-24 10:53:07+00:00
PLV4oS06_KpqaJurJFbLi3HGrHrlOShc_x,jJT2Pjgug7s,2026-02-16,4,2023-12-28 08:54:09+00:00
PLV4oS06_KpqaJurJFbLi3HGrHrlOShc_x,7beGTcu4wOY,2026-02-16,5,2023-12-28 09:42:38+00:00
PLV4oS06_KpqaJurJFbLi3HGrHrlOShc_x,YI0_i2mVva0,2026-02-16,6,2025-10-02 00:51:30+00:00
PLV4oS06_KpqaJurJFbLi3HGrHrlOShc_x,AtGVhnK5jRo,2026-02-16,7,2025-10-02 00:51:48+00:00
PLV4oS06_KpqaJurJFbLi3HGrHrlOShc_x,Xnd-Ygs7U3Y,2026-02-16,8,2025-10-02 00:51:59+00:00
PLV4oS06_KpqaJurJFbLi3HGrHrlOShc_x,yiDhqGdxFPs,2026-02-16,9,2025-10-02 00:52:12+00:00
PLV4oS06_KpqaJurJFbLi3HGrHrlOShc_x,W8clxC5S3dU,2026-02-16,10,2025-10-02 00:52:24+00:00
PLV4oS06_KpqaJurJFbLi3HGrHrlOShc_x,9xx1KaBQxVQ,2026-02-16,11,2025-10-02 00:52:35+00:00
PLV4oS06_KpqacM_CdWLJq4SttTNfszK0Q,2W7sPgGlNqo,2026-02-16,0,2023-08-26 11:06:21+00:00
PLV4oS06_KpqacM_CdWLJq4SttTNfszK0Q,-W0cM6L62s8,2026-02-16,1,2023-08-26 11:06:34+00:00
PLV4oS06_KpqacM_CdWLJq4SttTNfszK0Q,EVkg5zFPcMs,2026-02-16,2,2023-08-26 14:43:30+00:00
PLV4oS06_KpqacM_CdWLJq4SttTNfszK0Q,1ISPibwIVQA,2026-02-16,3,2024-07-07 16:54:14+00:00
PLV4oS06_Kpqahle46bX_iDjupUZLUDIad,Z4Fo5F_mLuU,2026-02-16,0,2025-10-19 16:33:20+00:00
PLV4oS06_Kpqahle46bX_iDjupUZLUDIad,dbYadcZ2uOU,2026-02-16,1,2025-10-19 16:33:23+00:00
PLV4oS06_Kpqahle46bX_iDjupUZLUDIad,N-7O94hPplU,2026-02-16,2,2025-10-19 16:33:28+00:00
PLV4oS06_Kpqahle46bX_iDjupUZLUDIad,i6Cfsd0CP2g,2026-02-16,3,2025-10-19 16:33:30+00:00
PLV4oS06_Kpqahle46bX_iDjupUZLUDIad,Q7BvnpCsUAU,2026-02-16,4,2025-10-19 16:33:34+00:00
PLV4oS06_Kpqahle46bX_iDjupUZLUDIad,zToHhAif9Gw,2026-02-16,5,2025-11-02 07:01:04+00:00
PLV4oS06_Kpqahle46bX_iDjupUZLUDIad,1Hgmt97AkBw,2026-02-16,6,2025-11-02 07:04:09+00:00
PLV4oS06_Kpqahle46bX_iDjupUZLUDIad,pHAb6YNGRl4,2026-02-16,7,2025-11-02 07:05:32+00:00
PLV4oS06_Kpqahle46bX_iDjupUZLUDIad,ddB92jjDOVs,2026-02-16,8,2026-01-06 00:47:56+00:00
PLV4oS06_Kpqahle46bX_iDjupUZLUDIad,DebaxM_8EO0,2026-02-16,9,2026-01-06 00:51:18+00:00
PLV4oS06_KpqamcyNZQTeta_OyuILoCavO,8_fVq-UewMc,2026-02-16,0,2025-11-16 09:32:46+00:00
PLV4oS06_KpqamcyNZQTeta_OyuILoCavO,f144Cg6EGxE,2026-02-16,1,2025-11-16 08:58:50+00:00
PLV4oS06_KpqamcyNZQTeta_OyuILoCavO,LXwH60B973Q,2026-02-16,2,2025-11-09 07:01:38+00:00
PLV4oS06_KpqamcyNZQTeta_OyuILoCavO,0i8W5wucIMc,2026-02-16,3,2025-11-08 00:43:35+00:00
PLV4oS06_KpqamcyNZQTeta_OyuILoCavO,rvVwrHtI4gQ,2026-02-16,4,2025-10-31 23:23:30+00:00
PLV4oS06_KpqamcyNZQTeta_OyuILoCavO,y_rVPdd-RNY,2026-02-16,5,2025-10-31 23:08:30+00:00
PLV4oS06_KpqamcyNZQTeta_OyuILoCavO,6rc09OdwHlk,2026-02-16,6,2024-01-28 23:18:41+00:00
PLV4oS06_KpqamcyNZQTeta_OyuILoCavO,Q6vUPD3f4bs,2026-02-16,7,2023-12-13 20:00:23+00:00
PLV4oS06_KpqamcyNZQTeta_OyuILoCavO,kJzw5JPC6AI,2026-02-16,8,2023-12-13 01:48:40+00:00
PLV4oS06_KpqaqyS9x6h5ys3REiUfUDOgy,XHnA-a5rivU,2026-02-16,0,2026-01-11 22:39:37+00:00
PLV4oS06_KpqaqyS9x6h5ys3REiUfUDOgy,Cz9osSyqYXI,2026-02-16,1,2026-01-11 22:39:37+00:00
PLV4oS06_KpqaqyS9x6h5ys3REiUfUDOgy,GgunOaMm_-g,2026-02-16,2,2026-01-11 22:39:37+00:00
PLV4oS06_KpqaqyS9x6h5ys3REiUfUDOgy,thQUAzH5d2o,2026-02-16,3,2026-01-11 22:39:37+00:00
PLV4oS06_KpqaqyS9x6h5ys3REiUfUDOgy,M4Q186h3zHA,2026-02-16,4,2026-01-11 22:39:37+00:00
PLV4oS06_Kpqawr6ifquiC0M_Hg2onwtJ5,mqLksU5um3Q,2026-02-16,0,2022-12-08 10:05:35+00:00
PLV4oS06_Kpqawr6ifquiC0M_Hg2onwtJ5,jRm_0dohWB4,2026-02-16,1,2023-07-28 16:18:43+00:00
PLV4oS06_Kpqawr6ifquiC0M_Hg2onwtJ5,4XgvRRtSUdg,2026-02-16,2,2023-07-29 15:23:19+00:00
PLV4oS06_Kpqawr6ifquiC0M_Hg2onwtJ5,lcOQNnj3lwQ,2026-02-16,3,2024-05-17 13:29:12+00:00
PLV4oS06_KpqbhnVieDd19KJczH_BlBArN,GLJffh1QDM4,2026-02-16,0,2026-01-11 10:11:03+00:00
PLV4oS06_KpqbhnVieDd19KJczH_BlBArN,dnLOQnSM8W8,2026-02-16,1,2026-01-11 10:11:18+00:00
PLV4oS06_KpqbhnVieDd19KJczH_BlBArN,Gcigj916zyE,2026-02-16,2,2026-01-11 10:11:46+00:00
PLV4oS06_KpqbhnVieDd19KJczH_BlBArN,xB4ecIksJSY,2026-02-16,3,2026-01-24 11:58:21+00:00
PLV4oS06_KpqbnahoXdN-A8Ql9zVblYUJl,mj_b9_nxJfw,2026-02-16,0,2025-09-01 08:50:36+00:00
PLV4oS06_KpqbnahoXdN-A8Ql9zVblYUJl,LDp0JP4L6YY,2026-02-16,1,2025-08-12 06:40:37+00:00
PLV4oS06_KpqbnahoXdN-A8Ql9zVblYUJl,X6JyQKV5d0E,2026-02-16,2,2025-08-12 10:15:47+00:00
PLV4oS06_KpqbnahoXdN-A8Ql9zVblYUJl,aLp96mNnYA8,2026-02-16,3,2025-08-12 10:21:59+00:00
PLV4oS06_KpqbnahoXdN-A8Ql9zVblYUJl,v1lKqeiQFTI,2026-02-16,4,2025-08-14 06:20:44+00:00
PLV4oS06_KpqbnahoXdN-A8Ql9zVblYUJl,PIOYkiA1qBw,2026-02-16,5,2025-08-14 06:24:19+00:00
PLV4oS06_KpqbnahoXdN-A8Ql9zVblYUJl,CHz9g2LGYlo,2026-02-16,6,2025-08-14 06:32:16+00:00
PLV4oS06_KpqbnahoXdN-A8Ql9zVblYUJl,YnFvHoWdvzs,2026-02-16,7,2025-08-14 06:36:01+00:00
PLV4oS06_KpqbnahoXdN-A8Ql9zVblYUJl,TGfUG__aOhw,2026-02-16,8,2025-08-14 07:58:08+00:00
PLV4oS06_KpqbnahoXdN-A8Ql9zVblYUJl,m_WT3mJ0J9E,2026-02-16,9,2025-08-14 07:59:27+00:00
PLV4oS06_KpqbnahoXdN-A8Ql9zVblYUJl,K2jlyUL3zK8,2026-02-16,10,2025-08-15 04:59:49+00:00
PLV4oS06_KpqbnahoXdN-A8Ql9zVblYUJl,uN-yP7FwIN4,2026-02-16,11,2025-08-15 05:02:52+00:00
PLV4oS06_KpqbnahoXdN-A8Ql9zVblYUJl,BQnwEe6r4Fg,2026-02-16,12,2025-08-15 05:06:05+00:00
PLV4oS06_KpqbnahoXdN-A8Ql9zVblYUJl,OTkdggNWv14,2026-02-16,13,2025-08-15 05:10:50+00:00
PLV4oS06_KpqbnahoXdN-A8Ql9zVblYUJl,VrvnwaTppAE,2026-02-16,14,2025-08-15 05:13:42+00:00
PLV4oS06_KpqbnahoXdN-A8Ql9zVblYUJl,JbwNhXjC16A,2026-02-16,15,2025-08-15 09:17:06+00:00
PLV4oS06_KpqbnahoXdN-A8Ql9zVblYUJl,ue5vLsIijHs,2026-02-16,16,2025-08-15 09:23:28+00:00
PLV4oS06_KpqbnahoXdN-A8Ql9zVblYUJl,zcOZ0IEsXHc,2026-02-16,17,2025-08-15 09:26:28+00:00
PLV4oS06_KpqbnahoXdN-A8Ql9zVblYUJl,_cXvg-XPnUs,2026-02-16,18,2025-08-15 09:32:06+00:00
PLV4oS06_KpqbnahoXdN-A8Ql9zVblYUJl,q0n48c-f4O8,2026-02-16,19,2025-08-15 09:36:21+00:00
PLV4oS06_KpqbnahoXdN-A8Ql9zVblYUJl,CrG-FruGb-k,2026-02-16,20,2025-08-15 09:46:14+00:00
PLV4oS06_KpqbnahoXdN-A8Ql9zVblYUJl,ZWi_B_rqvt4,2026-02-16,21,2025-08-15 09:52:09+00:00
PLV4oS06_KpqbnahoXdN-A8Ql9zVblYUJl,tIxrQnDwvx4,2026-02-16,22,2025-08-15 09:54:34+00:00
PLV4oS06_KpqbnahoXdN-A8Ql9zVblYUJl,NQpnc4YfuQo,2026-02-16,23,2025-08-15 09:58:19+00:00
PLV4oS06_KpqbnahoXdN-A8Ql9zVblYUJl,vBRiaP5NgVw,2026-02-16,24,2025-08-16 07:15:30+00:00
PLV4oS06_KpqbnahoXdN-A8Ql9zVblYUJl,t4eZfB4XTHg,2026-02-16,25,2025-08-16 07:18:01+00:00
PLV4oS06_KpqbnahoXdN-A8Ql9zVblYUJl,Dc98c6LPQQE,2026-02-16,26,2025-08-16 07:21:24+00:00
PLV4oS06_KpqbnahoXdN-A8Ql9zVblYUJl,YDElIJ6jMrw,2026-02-16,27,2025-08-16 07:23:05+00:00
PLV4oS06_KpqbnahoXdN-A8Ql9zVblYUJl,Lox4HlSibXo,2026-02-16,28,2025-08-16 07:25:45+00:00
PLV4oS06_KpqbnahoXdN-A8Ql9zVblYUJl,Q275enpY7bY,2026-02-16,29,2025-08-16 07:27:54+00:00
PLV4oS06_KpqbnahoXdN-A8Ql9zVblYUJl,Oswa8OkiQPs,2026-02-16,30,2025-08-16 07:30:14+00:00
PLV4oS06_KpqbnahoXdN-A8Ql9zVblYUJl,U92pTqhzxoQ,2026-02-16,31,2025-08-16 07:32:28+00:00
PLV4oS06_KpqbnahoXdN-A8Ql9zVblYUJl,vJXvL5i4OQY,2026-02-16,32,2025-08-16 07:35:33+00:00
PLV4oS06_KpqbnahoXdN-A8Ql9zVblYUJl,eVL3dw9BfPc,2026-02-16,33,2025-08-16 07:38:44+00:00
PLV4oS06_KpqbnahoXdN-A8Ql9zVblYUJl,THxGW9huLRg,2026-02-16,34,2025-08-16 07:40:35+00:00
PLV4oS06_KpqbnahoXdN-A8Ql9zVblYUJl,nAYXMoOpNsM,2026-02-16,35,2025-08-16 07:42:02+00:00
PLV4oS06_KpqbnahoXdN-A8Ql9zVblYUJl,zT66rq7mEu4,2026-02-16,36,2025-08-16 14:18:33+00:00
PLV4oS06_KpqbnahoXdN-A8Ql9zVblYUJl,sV8nczRvPAU,2026-02-16,37,2025-08-16 14:19:42+00:00
PLV4oS06_KpqbnahoXdN-A8Ql9zVblYUJl,kegfG0chZHI,2026-02-16,38,2025-08-16 14:22:21+00:00
PLV4oS06_KpqbnahoXdN-A8Ql9zVblYUJl,5BEWVMsLsBo,2026-02-16,39,2025-08-16 14:24:03+00:00
PLV4oS06_KpqbnahoXdN-A8Ql9zVblYUJl,v1Qnd2Uxcjs,2026-02-16,40,2025-08-16 14:27:58+00:00
PLV4oS06_KpqbnahoXdN-A8Ql9zVblYUJl,yzvzl1LBXm0,2026-02-16,41,2025-08-16 14:29:48+00:00
PLV4oS06_KpqbnahoXdN-A8Ql9zVblYUJl,UlDUQ9G0QHM,2026-02-16,42,2025-08-16 14:31:42+00:00
PLV4oS06_KpqbnahoXdN-A8Ql9zVblYUJl,NVwGmBS-wMw,2026-02-16,43,2025-08-16 14:32:53+00:00
PLV4oS06_KpqbnahoXdN-A8Ql9zVblYUJl,P4--JGi1xH8,2026-02-16,44,2025-08-16 14:35:00+00:00
PLV4oS06_KpqbnahoXdN-A8Ql9zVblYUJl,4aUW0262vu8,2026-02-16,45,2025-08-16 14:37:07+00:00
PLV4oS06_KpqbnahoXdN-A8Ql9zVblYUJl,R7hA1gBrsvQ,2026-02-16,46,2025-08-18 12:08:43+00:00
PLV4oS06_KpqbnahoXdN-A8Ql9zVblYUJl,E_MeMkTfBsk,2026-02-16,47,2025-08-18 12:11:13+00:00
PLV4oS06_KpqbnahoXdN-A8Ql9zVblYUJl,PLGbRoNcVL4,2026-02-16,48,2025-08-18 12:13:25+00:00
PLV4oS06_KpqbnahoXdN-A8Ql9zVblYUJl,6lR81YOeNKs,2026-02-16,49,2025-08-18 12:15:19+00:00
PLV4oS06_KpqbnahoXdN-A8Ql9zVblYUJl,KpjJH-fdImI,2026-02-16,50,2025-09-21 19:18:47+00:00
PLV4oS06_KpqbnahoXdN-A8Ql9zVblYUJl,xJ05Nq48Zq4,2026-02-16,51,2025-09-21 19:24:59+00:00
PLV4oS06_KpqbnahoXdN-A8Ql9zVblYUJl,xic7AMpR4IM,2026-02-16,52,2025-09-21 19:31:07+00:00
PLV4oS06_KpqbnahoXdN-A8Ql9zVblYUJl,DWS8WsB2FgE,2026-02-16,53,2025-09-21 19:34:47+00:00
PLV4oS06_KpqbnahoXdN-A8Ql9zVblYUJl,7kTYy0cJ_EE,2026-02-16,54,2025-09-21 19:37:41+00:00
PLV4oS06_KpqbnahoXdN-A8Ql9zVblYUJl,Zyg3scrypKQ,2026-02-16,55,2025-09-21 19:39:24+00:00
PLV4oS06_KpqbnahoXdN-A8Ql9zVblYUJl,a1nrZ-A7vSg,2026-02-16,56,2025-09-21 19:40:57+00:00
PLV4oS06_KpqbsY_I8iR4HRvb6w3vXUBIM,7bwkNrRpgw0,2026-02-16,0,2026-01-23 06:51:06+00:00
PLV4oS06_KpqbsY_I8iR4HRvb6w3vXUBIM,HDyKUodeuNw,2026-02-16,1,2026-01-23 06:37:27+00:00
