video_id,snapshot_date,view_count,like_count,comment_count
-W0cM6L62s8,2026-08-24,295,8,0
0CPm2tH1Ul8,2026-08-24,12,1,1
0VmI47XeOuE,2026-08-24,22,0,0
0i8W5wucIMc,2026-08-24,98,4,1
1-VRjF4aDgk,2026-08-24,136,7,1
1Hgmt97AkBw,2026-08-24,34,0,0
1ISPibwIVQA,2026-08-24,3897,25,1
1OxYQbmdW-Y,2026-08-24,1638,23,3
1eRuwnvwsPo,2026-08-24,69,1,0
2W7sPgGlNqo,2026-08-24,458,8,0
2eUOg1Vmt7Y,2026-08-24,2320,22,0
2s7evXo3BkI,2026-08-24,2895,71,2
46knscCk2Ic,2026-08-24,43,2,0
4JmKLgtmMBI,2026-08-24,21,0,0
4XgvRRtSUdg,2026-08-24,298,9,0
4aUW0262vu8,2026-08-24,70,2,0
4bYnczoU-8Q,2026-08-24,25,0,0
4ugOz63m5-k,2026-08-24,654,4,0
4v5Vv8fsR-g,2026-08-24,51,3,0
5BEWVMsLsBo,2026-08-24,196,13,0
6Lkyx9jAWMo,2026-08-24,785,9,0
6QlUSg3-ivQ,2026-08-24,0,0,0
6lR81YOeNKs,2026-08-24,51,1,0
6mBufYO1YR8,2026-08-24,93,2,0
6rc09OdwHlk,2026-08-24,10822,132,2
7EhEb5ojYZw,2026-08-24,352,8,0
7NnpKR1VA58,2026-08-24,37,0,0
7beGTcu4wOY,2026-08-24,110,5,1
7bwkNrRpgw0,2026-08-24,31,2,0
7kTYy0cJ_EE,2026-08-24,37,0,0
7q20ukuXuN8,2026-08-24,1747,10,1
7sgJBBtJV3A,2026-08-24,127,6,0
8AMwesfk-DM,2026-08-24,115,5,0
8KfTQmLyYAY,2026-08-24,221,21,4
8_fVq-UewMc,2026-08-24,1493,75,2
9wkGoWLVjT8,2026-08-24,194,3,0
9xx1KaBQxVQ,2026-08-24,224,5,0
AARzy2sfqVw,2026-08-24,467,7,6
Aeue3yzSc4M,2026-08-24,78,4,1
AtGVhnK5jRo,2026-08-24,162,1,0
BQnwEe6r4Fg,2026-08-24,212,3,0
BUC65TLIGf8,2026-08-24,11024,227,6
CHz9g2LGYlo,2026-08-24,451,17,2
CrG-FruGb-k,2026-08-24,67,0,0
Cz9osSyqYXI,2026-08-24,91,4,0
DFETYUUNO18,2026-08-24,63,4,0
DPDmPO-JXe0,2026-08-24,102,3,0
DQlkV2DmA_M,2026-08-24,304,6,0
DWS8WsB2FgE,2026-08-24,38,1,1
Dc98c6LPQQE,2026-08-24,145,9,0
DebaxM_8EO0,2026-08-24,98,11,2
E6-cYClJn3Y,2026-08-24,88,6,0
EVkg5zFPcMs,2026-08-24,885,13,0
E_MeMkTfBsk,2026-08-24,50,3,0
Eu2w5wSNlJI,2026-08-24,53,4,0
FXk9SQvqFFs,2026-08-24,113,4,1
G0pKbjeeTMs,2026-08-24,9091,163,13
GLJffh1QDM4,2026-08-24,30,2,0
GSUn2ePNYsk,2026-08-24,40,1,0
Gcigj916zyE,2026-08-24,14,0,0
GgunOaMm_-g,2026-08-24,108,6,1
HDyKUodeuNw,2026-08-24,19,1,0
HvXbln87KY0,2026-08-24,9248,61,2
HyPyDdUy-Xk,2026-08-24,163,7,0
I8oipG4G1GI,2026-08-24,439,4,0
IAjVUpwzMGo,2026-08-24,13257,314,25
ICnRxj-bjJE,2026-08-24,439,9,0
IIT39Xomn94,2026-08-24,42,1,0
IKRRKvhnnJ0,2026-08-24,10,0,0
IQPxO_NmSJk,2026-08-24,2284,45,2
Ie-FqoNGqLA,2026-08-24,297,1,0
Im9z2T57eEw,2026-08-24,5446,44,3
J0GOADsEp4E,2026-08-24,94,2,0
JbwNhXjC16A,2026-08-24,103,2,0
K2jlyUL3zK8,2026-08-24,275,7,1
KpjJH-fdImI,2026-08-24,33,0,0
LDp0JP4L6YY,2026-08-24,1179,33,3
LXwH60B973Q,2026-08-24,41,1,0
Lox4HlSibXo,2026-08-24,52,2,0
M4Q186h3zHA,2026-08-24,102,5,2
MHxjAOrdxCU,2026-08-24,121,3,0
N-7O94hPplU,2026-08-24,39,2,0
N5qEWgYkGwk,2026-08-24,1192,25,9
NBrio9XsAto,2026-08-24,56,1,1
NMt3A12yjhg,2026-08-24,90,4,1
NQpnc4YfuQo,2026-08-24,117,4,0
NVwGmBS-wMw,2026-08-24,36,1,0
OP7Hest5Ivo,2026-08-24,166,2,0
OTkdggNWv14,2026-08-24,162,3,0
OoG2Z1GdWQQ,2026-08-24,77,1,0
Oswa8OkiQPs,2026-08-24,77,3,0
OzgC7e3Eths,2026-08-24,25,1,0
P4--JGi1xH8,2026-08-24,41,2,0
PGZNyTVcZbI,2026-08-24,1417,39,2
PIOYkiA1qBw,2026-08-24,309,6,0
PLGbRoNcVL4,2026-08-24,54,2,0
PPTTWwot8uw,2026-08-24,75,6,0
Q275enpY7bY,2026-08-24,75,2,0
Q2KQ6SvIU4Q,2026-08-24,59,1,0
Q3olnvgueTQ,2026-08-24,625,10,2
Q6vUPD3f4bs,2026-08-24,363,10,0
Q7BvnpCsUAU,2026-08-24,84,5,1
QC05ysMl8oc,2026-08-24,664,8,1
QFg5SkPyiqQ,2026-08-24,40,0,0
Qc0HiH1iZ8U,2026-08-24,76,0,0
QueSk8MsubI,2026-08-24,244,7,2
R7hA1gBrsvQ,2026-08-24,37,2,0
RiYjYfMTGvw,2026-08-24,22,0,0
TGfUG__aOhw,2026-08-24,217,6,1
THxGW9huLRg,2026-08-24,76,4,0
TVlRs1BUsGM,2026-08-24,47,0,0
U92pTqhzxoQ,2026-08-24,68,3,0
UlDUQ9G0QHM,2026-08-24,38,1,0
Un9gEpkxsio,2026-08-24,69,0,0
V3pMWhj4lxQ,2026-08-24,39,1,0
VUPm0AxqTho,2026-08-24,7262,83,3
VgumMjYb89g,2026-08-24,86,2,1
VrvnwaTppAE,2026-08-24,128,3,0
W8clxC5S3dU,2026-08-24,685,8,0
Wez4b-J_xL4,2026-08-24,46,2,0
X6JyQKV5d0E,2026-08-24,659,16,3
XEdE-i6as6I,2026-08-24,165,4,4
XHnA-a5rivU,2026-08-24,145,8,0
Xgk-fE4kDH4,2026-08-24,46,2,0
Xnd-Ygs7U3Y,2026-08-24,91,0,0
Y9dNljQTNe0,2026-08-24,33,0,0
YC6d_IxCfPo,2026-08-24,816,7,1
YDElIJ6jMrw,2026-08-24,78,2,0
YI0_i2mVva0,2026-08-24,300,9,1
YnFvHoWdvzs,2026-08-24,240,6,1
Z4Fo5F_mLuU,2026-08-24,104,1,0
ZWi_B_rqvt4,2026-08-24,63,0,0
ZgZVpp61cYY,2026-08-24,212,8,2
Zj6uiqMvFOU,2026-08-24,32,1,0
Zyg3scrypKQ,2026-08-24,60,3,1
_4lqZZO3ifA,2026-08-24,324,1,0
_VCX-MmBF_4,2026-08-24,4034,55,1
_cXvg-XPnUs,2026-08-24,87,2,0
_ofTsPs9mT8,2026-08-24,2448,95,9
_wQMZfzqCAo,2026-08-24,1419,38,0
_xdmT6Ir4xk,2026-08-24,496,7,0
a1nrZ-A7vSg,2026-08-24,84,2,2
a4PcaVKyCko,2026-08-24,122,8,0
aLp96mNnYA8,2026-08-24,680,17,2
aoP5EPC9Skw,2026-08-24,559,13,1
b94_Fgq1uM0,2026-08-24,684,12,0
bOvsWX2Mgmg,2026-08-24,6562,46,2
bZgmdcD9THA,2026-08-24,2929,15,3
ci1hFXvOMjw,2026-08-24,7858,125,8
d4-4XioffMU,2026-08-24,31,0,0
dHx1iSHHwx4,2026-08-24,1367,6,4
dbYadcZ2uOU,2026-08-24,47,2,0
ddB92jjDOVs,2026-08-24,35,2,0
dnLOQnSM8W8,2026-08-24,14,2,0
eO7e64yu3Kk,2026-08-24,6073,141,11
eVL3dw9BfPc,2026-08-24,64,3,0
eXfqUxzE0MY,2026-08-24,101,7,1
ecJm9JHj18g,2026-08-24,40,1,0
ee-gYMaH1Rk,2026-08-24,3138,8,1
f144Cg6EGxE,2026-08-24,1283,35,1
ffCLLOraLFA,2026-08-24,70,3,0
gKrXqZNAV1Y,2026-08-24,609,6,1
hhX0ynoT_mc,2026-08-24,48,0,0
hipquVDxH70,2026-08-24,1546,33,2
i6Cfsd0CP2g,2026-08-24,412,15,3
iMbfo-nXbOg,2026-08-24,76,3,0
iNyOOzX6lKk,2026-08-24,41,0,0
jJT2Pjgug7s,2026-08-24,177,5,0
jRm_0dohWB4,2026-08-24,2330,46,4
kJzw5JPC6AI,2026-08-24,4278,72,7
kPT8l-XKm8A,2026-08-24,1100,17,1
kegfG0chZHI,2026-08-24,57,2,0
lcOQNnj3lwQ,2026-08-24,428,7,0
lqwMXNy0ATk,2026-08-24,108,9,0
mTCodgOqy3A,2026-08-24,10,0,0
m_WT3mJ0J9E,2026-08-24,175,8,2
mdQHFYj09wg,2026-08-24,34,1,0
mj_b9_nxJfw,2026-08-24,1482,46,3
mqLksU5um3Q,2026-08-24,510,18,2
nAYXMoOpNsM,2026-08-24,71,1,0
nFQA-o7gZL4,2026-08-24,8,0,0
njqE2uGyysQ,2026-08-24,33,2,0
nziKRGItUbo,2026-08-24,37,0,0
o3fMDF3PGhM,2026-08-24,10873,211,13
oQ1nPp7viGs,2026-08-24,655,3,0
pHAb6YNGRl4,2026-08-24,46,5,0
pLRAticn7NU,2026-08-24,30,1,0
pcSv3TjR5ZQ,2026-08-24,11683,240,12
pqAswnET2XQ,2026-08-24,194,6,0
q0n48c-f4O8,2026-08-24,93,4,0
qr6ATPTgl20,2026-08-24,1817,63,4
qytf-g55XFE,2026-08-24,263,6,0
rSYSSOP3h2k,2026-08-24,481,7,0
rvVwrHtI4gQ,2026-08-24,37,3,0
sV8nczRvPAU,2026-08-24,84,2,2
t3jyABNSOno,2026-08-24,31,0,0
t4eZfB4XTHg,2026-08-24,66,1,0
t8grl_NIYPw,2026-08-24,140,2,0
tIxrQnDwvx4,2026-08-24,87,1,0
thQUAzH5d2o,2026-08-24,80,6,0
uN-yP7FwIN4,2026-08-24,1165,37,6
ue5vLsIijHs,2026-08-24,83,1,0
v1Qnd2Uxcjs,2026-08-24,89,2,0
v1lKqeiQFTI,2026-08-24,540,14,1
vBRiaP5NgVw,2026-08-24,52,0,0
vJXvL5i4OQY,2026-08-24,72,4,0
x1FB0zvtgOw,2026-08-24,223,4,1
xA--Kg9DtWM,2026-08-24,34,1,0
xB4ecIksJSY,2026-08-24,47,2,0
xJ05Nq48Zq4,2026-08-24,49,1,0
xic7AMpR4IM,2026-08-24,49,2,0
xsptE33QWNE,2026-08-24,7209,56,12
yZ8DSleduDs,2026-08-24,1088,20,1
y_rVPdd-RNY,2026-08-24,52,3,0
yiDhqGdxFPs,2026-08-24,565,15,2
yzvzl1LBXm0,2026-08-24,51,2,0
zT66rq7mEu4,2026-08-24,74,1,0
zToHhAif9Gw,2026-08-24,58,5,1
zcOZ0IEsXHc,2026-08-24,145,1,0
-W0cM6L62s8,2026-08-17,295,8,0
0CPm2tH1Ul8,2026-08-17,12,1,1
0VmI47XeOuE,2026-08-17,22,0,0
0i8W5wucIMc,2026-08-17,98,4,1
1-VRjF4aDgk,2026-08-17,136,7,1
1Hgmt97AkBw,2026-08-17,34,0,0
1ISPibwIVQA,2026-08-17,3846,25,1
1OxYQbmdW-Y,2026-08-17,1638,23,3
1eRuwnvwsPo,2026-08-17,69,1,0
2W7sPgGlNqo,2026-08-17,451,8,0
2eUOg1Vmt7Y,2026-08-17,2316,22,0
2s7evXo3BkI,2026-08-17,2893,71,2
46knscCk2Ic,2026-08-17,43,2,0
4JmKLgtmMBI,2026-08-17,21,0,0
4XgvRRtSUdg,2026-08-17,297,9,0
4aUW0262vu8,2026-08-17,70,2,0
4bYnczoU-8Q,2026-08-17,24,0,0
4ugOz63m5-k,2026-08-17,654,4,0
4v5Vv8fsR-g,2026-08-17,49,2,0
5BEWVMsLsBo,2026-08-17,195,13,0
6Lkyx9jAWMo,2026-08-17,785,9,0
6QlUSg3-ivQ,2026-08-17,0,0,0
6lR81YOeNKs,2026-08-17,51,1,0
6mBufYO1YR8,2026-08-17,93,2,0
6rc09OdwHlk,2026-08-17,10774,132,2
7EhEb5ojYZw,2026-08-17,348,8,0
7NnpKR1VA58,2026-08-17,37,0,0
7beGTcu4wOY,2026-08-17,110,5,1
7bwkNrRpgw0,2026-08-17,31,2,0
7kTYy0cJ_EE,2026-08-17,37,0,0
7q20ukuXuN8,2026-08-17,1716,10,1
7sgJBBtJV3A,2026-08-17,127,6,0
8AMwesfk-DM,2026-08-17,115,5,0
8KfTQmLyYAY,2026-08-17,213,21,4
8_fVq-UewMc,2026-08-17,1492,75,2
9wkGoWLVjT8,2026-08-17,194,3,0
9xx1KaBQxVQ,2026-08-17,224,5,0
AARzy2sfqVw,2026-08-17,467,7,6
Aeue3yzSc4M,2026-08-17,78,4,1
AtGVhnK5jRo,2026-08-17,161,1,0
BQnwEe6r4Fg,2026-08-17,211,3,0
BUC65TLIGf8,2026-08-17,10995,227,6
CHz9g2LGYlo,2026-08-17,450,17,2
CrG-FruGb-k,2026-08-17,67,0,0
Cz9osSyqYXI,2026-08-17,89,4,0
DFETYUUNO18,2026-08-17,63,4,0
DPDmPO-JXe0,2026-08-17,101,3,0
DQlkV2DmA_M,2026-08-17,302,6,0
DWS8WsB2FgE,2026-08-17,38,1,1
Dc98c6LPQQE,2026-08-17,140,9,0
DebaxM_8EO0,2026-08-17,97,11,2
E6-cYClJn3Y,2026-08-17,87,5,0
EVkg5zFPcMs,2026-08-17,878,13,0
E_MeMkTfBsk,2026-08-17,50,3,0
Eu2w5wSNlJI,2026-08-17,50,4,0
FXk9SQvqFFs,2026-08-17,112,4,1
G0pKbjeeTMs,2026-08-17,9084,162,13
GLJffh1QDM4,2026-08-17,29,2,0
GSUn2ePNYsk,2026-08-17,40,1,0
Gcigj916zyE,2026-08-17,14,0,0
GgunOaMm_-g,2026-08-17,108,6,1
HDyKUodeuNw,2026-08-17,19,1,0
HvXbln87KY0,2026-08-17,9241,61,2
HyPyDdUy-Xk,2026-08-17,161,7,0
I8oipG4G1GI,2026-08-17,434,4,0
IAjVUpwzMGo,2026-08-17,13235,314,25
ICnRxj-bjJE,2026-08-17,439,9,0
IIT39Xomn94,2026-08-17,42,1,0
IKRRKvhnnJ0,2026-08-17,5,0,0
IQPxO_NmSJk,2026-08-17,2283,45,2
Ie-FqoNGqLA,2026-08-17,294,1,0
Im9z2T57eEw,2026-08-17,5443,44,3
J0GOADsEp4E,2026-08-17,92,2,0
JbwNhXjC16A,2026-08-17,103,2,0
K2jlyUL3zK8,2026-08-17,274,7,1
KpjJH-fdImI,2026-08-17,33,0,0
LDp0JP4L6YY,2026-08-17,1170,32,3
LXwH60B973Q,2026-08-17,41,1,0
Lox4HlSibXo,2026-08-17,50,2,0
M4Q186h3zHA,2026-08-17,101,5,2
MHxjAOrdxCU,2026-08-17,119,3,0
N-7O94hPplU,2026-08-17,39,2,0
N5qEWgYkGwk,2026-08-17,1192,25,9
NBrio9XsAto,2026-08-17,56,1,1
NMt3A12yjhg,2026-08-17,90,4,1
NQpnc4YfuQo,2026-08-17,117,4,0
NVwGmBS-wMw,2026-08-17,36,1,0
OP7Hest5Ivo,2026-08-17,165,2,0
OTkdggNWv14,2026-08-17,162,3,0
OoG2Z1GdWQQ,2026-08-17,77,1,0
Oswa8OkiQPs,2026-08-17,77,3,0
OzgC7e3Eths,2026-08-17,25,1,0
P4--JGi1xH8,2026-08-17,41,2,0
PGZNyTVcZbI,2026-08-17,1417,39,2
PIOYkiA1qBw,2026-08-17,308,6,0
PLGbRoNcVL4,2026-08-17,54,2,0
PPTTWwot8uw,2026-08-17,75,6,0
Q275enpY7bY,2026-08-17,75,2,0
Q2KQ6SvIU4Q,2026-08-17,57,1,0
Q3olnvgueTQ,2026-08-17,604,10,2
Q6vUPD3f4bs,2026-08-17,363,10,0
Q7BvnpCsUAU,2026-08-17,82,5,1
QC05ysMl8oc,2026-08-17,664,8,1
QFg5SkPyiqQ,2026-08-17,40,0,0
Qc0HiH1iZ8U,2026-08-17,76,0,0
QueSk8MsubI,2026-08-17,244,7,2
R7hA1gBrsvQ,2026-08-17,37,2,0
RiYjYfMTGvw,2026-08-17,22,0,0
TGfUG__aOhw,2026-08-17,216,6,1
THxGW9huLRg,2026-08-17,76,4,0
TVlRs1BUsGM,2026-08-17,45,0,0
U92pTqhzxoQ,2026-08-17,68,3,0
UlDUQ9G0QHM,2026-08-17,37,1,0
Un9gEpkxsio,2026-08-17,68,0,0
V3pMWhj4lxQ,2026-08-17,39,1,0
VUPm0AxqTho,2026-08-17,7212,83,3
VgumMjYb89g,2026-08-17,84,2,1
VrvnwaTppAE,2026-08-17,128,3,0
W8clxC5S3dU,2026-08-17,685,8,0
Wez4b-J_xL4,2026-08-17,42,2,0
X6JyQKV5d0E,2026-08-17,654,16,3
XEdE-i6as6I,2026-08-17,165,4,4
XHnA-a5rivU,2026-08-17,143,8,0
Xgk-fE4kDH4,2026-08-17,46,2,0
Xnd-Ygs7U3Y,2026-08-17,91,0,0
Y9dNljQTNe0,2026-08-17,33,0,0
YC6d_IxCfPo,2026-08-17,816,7,1
YDElIJ6jMrw,2026-08-17,78,2,0
YI0_i2mVva0,2026-08-17,300,9,1
YnFvHoWdvzs,2026-08-17,239,6,1
Z4Fo5F_mLuU,2026-08-17,103,1,0
ZWi_B_rqvt4,2026-08-17,63,0,0
ZgZVpp61cYY,2026-08-17,211,8,2
Zj6uiqMvFOU,2026-08-17,32,1,0
Zyg3scrypKQ,2026-08-17,60,3,1
_4lqZZO3ifA,2026-08-17,323,1,0
_VCX-MmBF_4,2026-08-17,4030,55,1
_cXvg-XPnUs,2026-08-17,86,2,0
_ofTsPs9mT8,2026-08-17,2445,95,9
_wQMZfzqCAo,2026-08-17,1408,38,0
_xdmT6Ir4xk,2026-08-17,496,7,0
a1nrZ-A7vSg,2026-08-17,84,2,2
a4PcaVKyCko,2026-08-17,122,8,0
aLp96mNnYA8,2026-08-17,676,17,2
aoP5EPC9Skw,2026-08-17,554,13,1
b94_Fgq1uM0,2026-08-17,676,12,0
bOvsWX2Mgmg,2026-08-17,6560,46,2
bZgmdcD9THA,2026-08-17,2926,15,3
ci1hFXvOMjw,2026-08-17,7856,125,8
d4-4XioffMU,2026-08-17,27,0,0
dHx1iSHHwx4,2026-08-17,1352,6,4
dbYadcZ2uOU,2026-08-17,47,2,0
ddB92jjDOVs,2026-08-17,35,2,0
dnLOQnSM8W8,2026-08-17,14,2,0
eO7e64yu3Kk,2026-08-17,6070,141,11
eVL3dw9BfPc,2026-08-17,64,3,0
eXfqUxzE0MY,2026-08-17,96,6,1
ecJm9JHj18g,2026-08-17,40,1,0
ee-gYMaH1Rk,2026-08-17,3130,8,1
f144Cg6EGxE,2026-08-17,1239,35,1
ffCLLOraLFA,2026-08-17,70,3,0
gKrXqZNAV1Y,2026-08-17,609,6,1
hhX0ynoT_mc,2026-08-17,48,0,0
hipquVDxH70,2026-08-17,1546,33,2
i6Cfsd0CP2g,2026-08-17,391,15,3
iMbfo-nXbOg,2026-08-17,76,3,0
iNyOOzX6lKk,2026-08-17,41,0,0
jJT2Pjgug7s,2026-08-17,177,5,0
jRm_0dohWB4,2026-08-17,2330,46,4
kJzw5JPC6AI,2026-08-17,4270,71,7
kPT8l-XKm8A,2026-08-17,1097,17,1
kegfG0chZHI,2026-08-17,57,2,0
lcOQNnj3lwQ,2026-08-17,422,7,0
lqwMXNy0ATk,2026-08-17,102,8,0
mTCodgOqy3A,2026-08-17,10,0,0
m_WT3mJ0J9E,2026-08-17,175,8,2
mdQHFYj09wg,2026-08-17,34,1,0
mj_b9_nxJfw,2026-08-17,1473,45,3
mqLksU5um3Q,2026-08-17,510,18,2
nAYXMoOpNsM,2026-08-17,70,1,0
nFQA-o7gZL4,2026-08-17,7,0,0
njqE2uGyysQ,2026-08-17,33,2,0
nziKRGItUbo,2026-08-17,37,0,0
o3fMDF3PGhM,2026-08-17,10851,211,13
oQ1nPp7viGs,2026-08-17,654,3,0
pHAb6YNGRl4,2026-08-17,46,5,0
pLRAticn7NU,2026-08-17,30,1,0
pcSv3TjR5ZQ,2026-08-17,11676,240,12
pqAswnET2XQ,2026-08-17,194,6,0
q0n48c-f4O8,2026-08-17,93,4,0
qr6ATPTgl20,2026-08-17,1817,63,4
qytf-g55XFE,2026-08-17,260,5,0
rSYSSOP3h2k,2026-08-17,479,7,0
rvVwrHtI4gQ,2026-08-17,37,3,0
sV8nczRvPAU,2026-08-17,84,2,2
t3jyABNSOno,2026-08-17,31,0,0
t4eZfB4XTHg,2026-08-17,66,1,0
t8grl_NIYPw,2026-08-17,140,2,0
tIxrQnDwvx4,2026-08-17,86,1,0
thQUAzH5d2o,2026-08-17,80,6,0
uN-yP7FwIN4,2026-08-17,1144,35,6
ue5vLsIijHs,2026-08-17,83,1,0
v1Qnd2Uxcjs,2026-08-17,87,2,0
v1lKqeiQFTI,2026-08-17,538,14,1
vBRiaP5NgVw,2026-08-17,52,0,0
vJXvL5i4OQY,2026-08-17,72,4,0
x1FB0zvtgOw,2026-08-17,223,4,1
xA--Kg9DtWM,2026-08-17,34,1,0
xB4ecIksJSY,2026-08-17,47,2,0
xJ05Nq48Zq4,2026-08-17,49,1,0
xic7AMpR4IM,2026-08-17,49,2,0
xsptE33QWNE,2026-08-17,7205,56,12
yZ8DSleduDs,2026-08-17,1081,20,1
y_rVPdd-RNY,2026-08-17,52,3,0
yiDhqGdxFPs,2026-08-17,565,15,2
yzvzl1LBXm0,2026-08-17,51,2,0
zT66rq7mEu4,2026-08-17,74,1,0
zToHhAif9Gw,2026-08-17,58,5,1
zcOZ0IEsXHc,2026-08-17,144,1,0
-W0cM6L62s8,2026-08-10,295,8,0
0CPm2tH1Ul8,2026-08-10,12,1,1
0VmI47XeOuE,2026-08-10,22,0,0
0i8W5wucIMc,2026-08-10,96,3,1
1-VRjF4aDgk,2026-08-10,134,6,0
1Hgmt97AkBw,2026-08-10,34,0,0
1ISPibwIVQA,2026-08-10,3810,25,1
1OxYQbmdW-Y,2026-08-10,1638,23,3
1eRuwnvwsPo,2026-08-10,69,1,0
2W7sPgGlNqo,2026-08-10,448,8,0
2eUOg1Vmt7Y,2026-08-10,2312,22,0
2s7evXo3BkI,2026-08-10,2893,71,2
46knscCk2Ic,2026-08-10,43,2,0
4JmKLgtmMBI,2026-08-10,21,0,0
4XgvRRtSUdg,2026-08-10,296,9,0
4aUW0262vu8,2026-08-10,70,2,0
4bYnczoU-8Q,2026-08-10,24,0,0
4ugOz63m5-k,2026-08-10,654,4,0
4v5Vv8fsR-g,2026-08-10,48,2,0
5BEWVMsLsBo,2026-08-10,195,13,0
6Lkyx9jAWMo,2026-08-10,785,9,0
6QlUSg3-ivQ,2026-08-10,0,0,0
6lR81YOeNKs,2026-08-10,51,1,0
6mBufYO1YR8,2026-08-10,93,2,0
6rc09OdwHlk,2026-08-10,10733,132,2
7EhEb5ojYZw,2026-08-10,347,8,0
7NnpKR1VA58,2026-08-10,36,0,0
7beGTcu4wOY,2026-08-10,110,5,1
7bwkNrRpgw0,2026-08-10,31,2,0
7kTYy0cJ_EE,2026-08-10,37,0,0
7q20ukuXuN8,2026-08-10,1689,9,1
7sgJBBtJV3A,2026-08-10,126,6,0
8AMwesfk-DM,2026-08-10,115,5,0
8KfTQmLyYAY,2026-08-10,200,19,4
8_fVq-UewMc,2026-08-10,1488,74,2
9wkGoWLVjT8,2026-08-10,193,3,0
9xx1KaBQxVQ,2026-08-10,224,5,0
AARzy2sfqVw,2026-08-10,467,7,6
Aeue3yzSc4M,2026-08-10,77,4,1
AtGVhnK5jRo,2026-08-10,160,1,0
BQnwEe6r4Fg,2026-08-10,210,3,0
BUC65TLIGf8,2026-08-10,10964,227,6
CHz9g2LGYlo,2026-08-10,450,17,2
CrG-FruGb-k,2026-08-10,67,0,0
Cz9osSyqYXI,2026-08-10,89,4,0
DFETYUUNO18,2026-08-10,63,4,0
DPDmPO-JXe0,2026-08-10,99,3,0
DQlkV2DmA_M,2026-08-10,296,6,0
DWS8WsB2FgE,2026-08-10,38,1,1
Dc98c6LPQQE,2026-08-10,137,9,0
DebaxM_8EO0,2026-08-10,95,11,2
E6-cYClJn3Y,2026-08-10,87,5,0
EVkg5zFPcMs,2026-08-10,877,13,0
E_MeMkTfBsk,2026-08-10,50,3,0
Eu2w5wSNlJI,2026-08-10,46,4,0
FXk9SQvqFFs,2026-08-10,111,4,1
G0pKbjeeTMs,2026-08-10,9076,162,12
GLJffh1QDM4,2026-08-10,28,1,0
GSUn2ePNYsk,2026-08-10,40,1,0
Gcigj916zyE,2026-08-10,13,0,0
GgunOaMm_-g,2026-08-10,106,6,1
HDyKUodeuNw,2026-08-10,19,1,0
HvXbln87KY0,2026-08-10,9231,61,2
HyPyDdUy-Xk,2026-08-10,159,7,0
I8oipG4G1GI,2026-08-10,433,4,0
IAjVUpwzMGo,2026-08-10,13221,314,25
ICnRxj-bjJE,2026-08-10,439,9,0
IIT39Xomn94,2026-08-10,42,1,0
IQPxO_NmSJk,2026-08-10,2279,45,2
Ie-FqoNGqLA,2026-08-10,293,1,0
Im9z2T57eEw,2026-08-10,5438,44,3
J0GOADsEp4E,2026-08-10,92,2,0
JbwNhXjC16A,2026-08-10,102,2,0
K2jlyUL3zK8,2026-08-10,274,7,1
KpjJH-fdImI,2026-08-10,33,0,0
LDp0JP4L6YY,2026-08-10,1165,32,3
LXwH60B973Q,2026-08-10,40,1,0
Lox4HlSibXo,2026-08-10,50,2,0
M4Q186h3zHA,2026-08-10,100,5,2
MHxjAOrdxCU,2026-08-10,119,3,0
N-7O94hPplU,2026-08-10,39,2,0
N5qEWgYkGwk,2026-08-10,1192,25,9
NBrio9XsAto,2026-08-10,55,1,1
NMt3A12yjhg,2026-08-10,90,4,1
NQpnc4YfuQo,2026-08-10,117,4,0
NVwGmBS-wMw,2026-08-10,36,1,0
OP7Hest5Ivo,2026-08-10,165,2,0
OTkdggNWv14,2026-08-10,162,3,0
OoG2Z1GdWQQ,2026-08-10,76,1,0
Oswa8OkiQPs,2026-08-10,77,3,0
OzgC7e3Eths,2026-08-10,25,1,0
P4--JGi1xH8,2026-08-10,41,2,0
PGZNyTVcZbI,2026-08-10,1417,39,2
PIOYkiA1qBw,2026-08-10,307,6,0
PLGbRoNcVL4,2026-08-10,54,2,0
PPTTWwot8uw,2026-08-10,75,6,0
Q275enpY7bY,2026-08-10,75,2,0
Q2KQ6SvIU4Q,2026-08-10,57,1,0
Q3olnvgueTQ,2026-08-10,582,9,2
Q6vUPD3f4bs,2026-08-10,363,10,0
Q7BvnpCsUAU,2026-08-10,80,5,1
QC05ysMl8oc,2026-08-10,664,8,1
QFg5SkPyiqQ,2026-08-10,40,0,0
Qc0HiH1iZ8U,2026-08-10,76,0,0
QueSk8MsubI,2026-08-10,244,7,2
R7hA1gBrsvQ,2026-08-10,37,2,0
RiYjYfMTGvw,2026-08-10,22,0,0
TGfUG__aOhw,2026-08-10,215,6,1
THxGW9huLRg,2026-08-10,76,4,0
TVlRs1BUsGM,2026-08-10,45,0,0
U92pTqhzxoQ,2026-08-10,68,3,0
UlDUQ9G0QHM,2026-08-10,37,1,0
Un9gEpkxsio,2026-08-10,68,0,0
V3pMWhj4lxQ,2026-08-10,38,1,0
VUPm0AxqTho,2026-08-10,7169,83,3
VgumMjYb89g,2026-08-10,81,2,1
VrvnwaTppAE,2026-08-10,125,3,0
W8clxC5S3dU,2026-08-10,685,8,0
Wez4b-J_xL4,2026-08-10,33,2,0
X6JyQKV5d0E,2026-08-10,654,16,3
XEdE-i6as6I,2026-08-10,165,4,4
XHnA-a5rivU,2026-08-10,140,8,0
Xgk-fE4kDH4,2026-08-10,45,2,0
Xnd-Ygs7U3Y,2026-08-10,91,0,0
Y9dNljQTNe0,2026-08-10,33,0,0
YC6d_IxCfPo,2026-08-10,810,7,1
YDElIJ6jMrw,2026-08-10,78,2,0
YI0_i2mVva0,2026-08-10,300,9,1
YnFvHoWdvzs,2026-08-10,239,6,1
Z4Fo5F_mLuU,2026-08-10,103,1,0
ZWi_B_rqvt4,2026-08-10,63,0,0
ZgZVpp61cYY,2026-08-10,210,8,2
Zj6uiqMvFOU,2026-08-10,32,1,0
Zyg3scrypKQ,2026-08-10,60,3,1
_4lqZZO3ifA,2026-08-10,323,1,0
_VCX-MmBF_4,2026-08-10,4025,55,1
_cXvg-XPnUs,2026-08-10,86,2,0
_ofTsPs9mT8,2026-08-10,2441,95,9
_wQMZfzqCAo,2026-08-10,1402,38,0
_xdmT6Ir4xk,2026-08-10,496,7,0
a1nrZ-A7vSg,2026-08-10,84,2,2
a4PcaVKyCko,2026-08-10,122,8,0
aLp96mNnYA8,2026-08-10,669,17,2
aoP5EPC9Skw,2026-08-10,552,13,1
b94_Fgq1uM0,2026-08-10,674,12,0
bOvsWX2Mgmg,2026-08-10,6558,46,2
bZgmdcD9THA,2026-08-10,2926,15,3
ci1hFXvOMjw,2026-08-10,7852,125,8
d4-4XioffMU,2026-08-10,21,0,0
dHx1iSHHwx4,2026-08-10,1322,6,4
dbYadcZ2uOU,2026-08-10,47,2,0
ddB92jjDOVs,2026-08-10,34,2,0
dnLOQnSM8W8,2026-08-10,13,1,0
eO7e64yu3Kk,2026-08-10,6067,141,11
eVL3dw9BfPc,2026-08-10,63,3,0
eXfqUxzE0MY,2026-08-10,90,6,1
ecJm9JHj18g,2026-08-10,40,1,0
ee-gYMaH1Rk,2026-08-10,3126,8,1
f144Cg6EGxE,2026-08-10,1217,33,1
ffCLLOraLFA,2026-08-10,70,3,0
gKrXqZNAV1Y,2026-08-10,608,6,1
hhX0ynoT_mc,2026-08-10,48,0,0
hipquVDxH70,2026-08-10,1546,33,2
i6Cfsd0CP2g,2026-08-10,379,15,3
iMbfo-nXbOg,2026-08-10,76,3,0
iNyOOzX6lKk,2026-08-10,41,0,0
jJT2Pjgug7s,2026-08-10,177,5,0
jRm_0dohWB4,2026-08-10,2329,46,4
kJzw5JPC6AI,2026-08-10,4266,71,7
kPT8l-XKm8A,2026-08-10,1094,17,1
kegfG0chZHI,2026-08-10,57,2,0
lcOQNnj3lwQ,2026-08-10,421,7,0
lqwMXNy0ATk,2026-08-10,97,8,0
mTCodgOqy3A,2026-08-10,10,0,0
m_WT3mJ0J9E,2026-08-10,175,8,2
mdQHFYj09wg,2026-08-10,33,1,0
mj_b9_nxJfw,2026-08-10,1468,45,3
mqLksU5um3Q,2026-08-10,509,18,2
nAYXMoOpNsM,2026-08-10,70,1,0
nFQA-o7gZL4,2026-08-10,7,0,0
njqE2uGyysQ,2026-08-10,33,2,0
nziKRGItUbo,2026-08-10,36,0,0
o3fMDF3PGhM,2026-08-10,10807,210,13
oQ1nPp7viGs,2026-08-10,653,3,0
pHAb6YNGRl4,2026-08-10,46,5,0
pLRAticn7NU,2026-08-10,30,1,0
pcSv3TjR5ZQ,2026-08-10,11664,239,12
pqAswnET2XQ,2026-08-10,194,6,0
q0n48c-f4O8,2026-08-10,91,4,0
qr6ATPTgl20,2026-08-10,1816,63,4
qytf-g55XFE,2026-08-10,253,4,0
rSYSSOP3h2k,2026-08-10,478,7,0
rvVwrHtI4gQ,2026-08-10,36,3,0
sV8nczRvPAU,2026-08-10,84,2,2
t3jyABNSOno,2026-08-10,31,0,0
t4eZfB4XTHg,2026-08-10,66,1,0
t8grl_NIYPw,2026-08-10,140,2,0
tIxrQnDwvx4,2026-08-10,86,1,0
thQUAzH5d2o,2026-08-10,80,6,0
uN-yP7FwIN4,2026-08-10,1134,35,6
ue5vLsIijHs,2026-08-10,83,1,0
v1Qnd2Uxcjs,2026-08-10,87,2,0
v1lKqeiQFTI,2026-08-10,537,14,1
vBRiaP5NgVw,2026-08-10,52,0,0
vJXvL5i4OQY,2026-08-10,71,4,0
x1FB0zvtgOw,2026-08-10,223,4,1
xA--Kg9DtWM,2026-08-10,34,1,0
xB4ecIksJSY,2026-08-10,46,1,0
xJ05Nq48Zq4,2026-08-10,49,1,0
xic7AMpR4IM,2026-08-10,49,2,0
xsptE33QWNE,2026-08-10,7202,56,12
yZ8DSleduDs,2026-08-10,1070,20,1
y_rVPdd-RNY,2026-08-10,51,3,0
yiDhqGdxFPs,2026-08-10,564,15,2
yzvzl1LBXm0,2026-08-10,51,2,0
zT66rq7mEu4,2026-08-10,74,1,0
zToHhAif9Gw,2026-08-10,58,5,1
zcOZ0IEsXHc,2026-08-10,144,1,0
-W0cM6L62s8,2026-08-03,295,8,0
0CPm2tH1Ul8,2026-08-03,12,1,1
0VmI47XeOuE,2026-08-03,22,0,0
0i8W5wucIMc,2026-08-03,93,3,1
1-VRjF4aDgk,2026-08-03,134,6,0
1Hgmt97AkBw,2026-08-03,34,0,0
1ISPibwIVQA,2026-08-03,3779,25,1
1OxYQbmdW-Y,2026-08-03,1636,23,3
1eRuwnvwsPo,2026-08-03,69,1,0
2W7sPgGlNqo,2026-08-03,448,8,0
2eUOg1Vmt7Y,2026-08-03,2305,22,0
2s7evXo3BkI,2026-08-03,2888,71,2
46knscCk2Ic,2026-08-03,43,2,0
4JmKLgtmMBI,2026-08-03,21,0,0
4XgvRRtSUdg,2026-08-03,296,9,0
4aUW0262vu8,2026-08-03,70,2,0
4bYnczoU-8Q,2026-08-03,24,0,0
4ugOz63m5-k,2026-08-03,654,4,0
4v5Vv8fsR-g,2026-08-03,47,2,0
5BEWVMsLsBo,2026-08-03,195,13,0
6Lkyx9jAWMo,2026-08-03,785,9,0
6QlUSg3-ivQ,2026-08-03,0,0,0
6lR81YOeNKs,2026-08-03,51,1,0
6mBufYO1YR8,2026-08-03,93,2,0
6rc09OdwHlk,2026-08-03,10683,131,2
7EhEb5ojYZw,2026-08-03,346,8,0
7NnpKR1VA58,2026-08-03,36,0,0
7beGTcu4wOY,2026-08-03,110,5,1
7bwkNrRpgw0,2026-08-03,30,2,0
7kTYy0cJ_EE,2026-08-03,37,0,0
7q20ukuXuN8,2026-08-03,1654,9,1
7sgJBBtJV3A,2026-08-03,125,6,0
8AMwesfk-DM,2026-08-03,113,5,0
8KfTQmLyYAY,2026-08-03,187,18,4
8_fVq-UewMc,2026-08-03,1488,74,2
9wkGoWLVjT8,2026-08-03,192,3,0
9xx1KaBQxVQ,2026-08-03,224,5,0
AARzy2sfqVw,2026-08-03,467,7,6
Aeue3yzSc4M,2026-08-03,77,4,1
AtGVhnK5jRo,2026-08-03,160,1,0
BQnwEe6r4Fg,2026-08-03,206,3,0
BUC65TLIGf8,2026-08-03,10930,227,6
CHz9g2LGYlo,2026-08-03,449,17,2
CrG-FruGb-k,2026-08-03,67,0,0
Cz9osSyqYXI,2026-08-03,89,4,0
DFETYUUNO18,2026-08-03,63,4,0
DPDmPO-JXe0,2026-08-03,97,3,0
DQlkV2DmA_M,2026-08-03,293,6,0
DWS8WsB2FgE,2026-08-03,37,1,1
Dc98c6LPQQE,2026-08-03,135,9,0
DebaxM_8EO0,2026-08-03,95,11,2
E6-cYClJn3Y,2026-08-03,87,5,0
EVkg5zFPcMs,2026-08-03,877,13,0
E_MeMkTfBsk,2026-08-03,50,3,0
Eu2w5wSNlJI,2026-08-03,40,3,0
FXk9SQvqFFs,2026-08-03,111,4,1
G0pKbjeeTMs,2026-08-03,9070,162,12
GLJffh1QDM4,2026-08-03,28,1,0
GSUn2ePNYsk,2026-08-03,40,1,0
Gcigj916zyE,2026-08-03,13,0,0
GgunOaMm_-g,2026-08-03,95,6,1
HDyKUodeuNw,2026-08-03,18,1,0
HvXbln87KY0,2026-08-03,9223,61,2
HyPyDdUy-Xk,2026-08-03,158,7,0
I8oipG4G1GI,2026-08-03,433,4,0
IAjVUpwzMGo,2026-08-03,13203,313,25
ICnRxj-bjJE,2026-08-03,439,9,0
IIT39Xomn94,2026-08-03,42,1,0
IQPxO_NmSJk,2026-08-03,2277,45,2
Ie-FqoNGqLA,2026-08-03,287,1,0
Im9z2T57eEw,2026-08-03,5435,44,3
J0GOADsEp4E,2026-08-03,92,2,0
JbwNhXjC16A,2026-08-03,102,2,0
K2jlyUL3zK8,2026-08-03,271,7,1
KpjJH-fdImI,2026-08-03,33,0,0
LDp0JP4L6YY,2026-08-03,1154,32,3
LXwH60B973Q,2026-08-03,40,1,0
Lox4HlSibXo,2026-08-03,50,2,0
M4Q186h3zHA,2026-08-03,100,5,2
MHxjAOrdxCU,2026-08-03,119,3,0
N-7O94hPplU,2026-08-03,39,2,0
N5qEWgYkGwk,2026-08-03,1191,25,9
NBrio9XsAto,2026-08-03,55,1,1
NMt3A12yjhg,2026-08-03,90,4,1
NQpnc4YfuQo,2026-08-03,117,4,0
NVwGmBS-wMw,2026-08-03,36,1,0
OP7Hest5Ivo,2026-08-03,165,2,0
OTkdggNWv14,2026-08-03,159,3,0
OoG2Z1GdWQQ,2026-08-03,73,1,0
Oswa8OkiQPs,2026-08-03,77,3,0
OzgC7e3Eths,2026-08-03,25,1,0
P4--JGi1xH8,2026-08-03,41,2,0
PGZNyTVcZbI,2026-08-03,1417,39,2
PIOYkiA1qBw,2026-08-03,306,6,0
PLGbRoNcVL4,2026-08-03,54,2,0
PPTTWwot8uw,2026-08-03,75,6,0
Q275enpY7bY,2026-08-03,75,2,0
Q2KQ6SvIU4Q,2026-08-03,57,1,0
Q3olnvgueTQ,2026-08-03,556,9,2
Q6vUPD3f4bs,2026-08-03,363,10,0
Q7BvnpCsUAU,2026-08-03,79,5,1
QC05ysMl8oc,2026-08-03,659,8,1
QFg5SkPyiqQ,2026-08-03,40,0,0
Qc0HiH1iZ8U,2026-08-03,76,0,0
QueSk8MsubI,2026-08-03,244,7,2
R7hA1gBrsvQ,2026-08-03,37,2,0
RiYjYfMTGvw,2026-08-03,22,0,0
TGfUG__aOhw,2026-08-03,215,6,1
THxGW9huLRg,2026-08-03,75,4,0
TVlRs1BUsGM,2026-08-03,45,0,0
U92pTqhzxoQ,2026-08-03,68,3,0
UlDUQ9G0QHM,2026-08-03,37,1,0
Un9gEpkxsio,2026-08-03,68,0,0
V3pMWhj4lxQ,2026-08-03,38,1,0
VUPm0AxqTho,2026-08-03,7114,83,3
VgumMjYb89g,2026-08-03,79,2,1
VrvnwaTppAE,2026-08-03,123,3,0
W8clxC5S3dU,2026-08-03,685,8,0
Wez4b-J_xL4,2026-08-03,30,2,0
X6JyQKV5d0E,2026-08-03,652,16,3
XEdE-i6as6I,2026-08-03,165,4,4
XHnA-a5rivU,2026-08-03,140,8,0
Xgk-fE4kDH4,2026-08-03,45,2,0
Xnd-Ygs7U3Y,2026-08-03,91,0,0
Y9dNljQTNe0,2026-08-03,33,0,0
YC6d_IxCfPo,2026-08-03,810,7,1
YDElIJ6jMrw,2026-08-03,77,2,0
YI0_i2mVva0,2026-08-03,300,9,1
YnFvHoWdvzs,2026-08-03,239,6,1
Z4Fo5F_mLuU,2026-08-03,103,1,0
ZWi_B_rqvt4,2026-08-03,63,0,0
ZgZVpp61cYY,2026-08-03,210,8,2
Zj6uiqMvFOU,2026-08-03,32,1,0
Zyg3scrypKQ,2026-08-03,60,3,1
_4lqZZO3ifA,2026-08-03,323,1,0
_VCX-MmBF_4,2026-08-03,4019,55,1
_cXvg-XPnUs,2026-08-03,86,2,0
_ofTsPs9mT8,2026-08-03,2436,95,9
_wQMZfzqCAo,2026-08-03,1399,38,0
_xdmT6Ir4xk,2026-08-03,496,7,0
a1nrZ-A7vSg,2026-08-03,84,2,2
a4PcaVKyCko,2026-08-03,121,8,0
aLp96mNnYA8,2026-08-03,662,17,2
aoP5EPC9Skw,2026-08-03,547,13,1
b94_Fgq1uM0,2026-08-03,674,12,0
bOvsWX2Mgmg,2026-08-03,6556,46,2
bZgmdcD9THA,2026-08-03,2913,15,3
ci1hFXvOMjw,2026-08-03,7849,125,8
d4-4XioffMU,2026-08-03,12,0,0
dHx1iSHHwx4,2026-08-03,1309,6,4
dbYadcZ2uOU,2026-08-03,47,2,0
ddB92jjDOVs,2026-08-03,34,2,0
dnLOQnSM8W8,2026-08-03,13,1,0
eO7e64yu3Kk,2026-08-03,6064,141,11
eVL3dw9BfPc,2026-08-03,63,3,0
eXfqUxzE0MY,2026-08-03,88,5,1
ecJm9JHj18g,2026-08-03,40,1,0
ee-gYMaH1Rk,2026-08-03,3121,8,1
f144Cg6EGxE,2026-08-03,1192,32,1
ffCLLOraLFA,2026-08-03,68,3,0
gKrXqZNAV1Y,2026-08-03,608,6,1
hhX0ynoT_mc,2026-08-03,48,0,0
hipquVDxH70,2026-08-03,1542,33,2
i6Cfsd0CP2g,2026-08-03,367,15,3
iMbfo-nXbOg,2026-08-03,76,3,0
iNyOOzX6lKk,2026-08-03,41,0,0
jJT2Pjgug7s,2026-08-03,177,5,0
jRm_0dohWB4,2026-08-03,2328,46,4
kJzw5JPC6AI,2026-08-03,4256,71,7
kPT8l-XKm8A,2026-08-03,1094,17,1
kegfG0chZHI,2026-08-03,57,2,0
lcOQNnj3lwQ,2026-08-03,415,7,0
lqwMXNy0ATk,2026-08-03,86,7,0
mTCodgOqy3A,2026-08-03,10,0,0
m_WT3mJ0J9E,2026-08-03,175,8,2
mdQHFYj09wg,2026-08-03,33,1,0
mj_b9_nxJfw,2026-08-03,1460,45,3
mqLksU5um3Q,2026-08-03,505,18,2
nAYXMoOpNsM,2026-08-03,68,1,0
nFQA-o7gZL4,2026-08-03,7,0,0
njqE2uGyysQ,2026-08-03,33,2,0
nziKRGItUbo,2026-08-03,36,0,0
o3fMDF3PGhM,2026-08-03,10782,209,13
oQ1nPp7viGs,2026-08-03,652,3,0
pHAb6YNGRl4,2026-08-03,46,5,0
pLRAticn7NU,2026-08-03,30,1,0
pcSv3TjR5ZQ,2026-08-03,11655,238,12
pqAswnET2XQ,2026-08-03,194,6,0
q0n48c-f4O8,2026-08-03,91,4,0
qr6ATPTgl20,2026-08-03,1815,64,4
qytf-g55XFE,2026-08-03,248,4,0
rSYSSOP3h2k,2026-08-03,476,7,0
rvVwrHtI4gQ,2026-08-03,36,3,0
sV8nczRvPAU,2026-08-03,82,2,2
t3jyABNSOno,2026-08-03,31,0,0
t4eZfB4XTHg,2026-08-03,66,1,0
t8grl_NIYPw,2026-08-03,140,2,0
tIxrQnDwvx4,2026-08-03,85,1,0
thQUAzH5d2o,2026-08-03,79,6,0
uN-yP7FwIN4,2026-08-03,1125,35,6
ue5vLsIijHs,2026-08-03,83,1,0
v1Qnd2Uxcjs,2026-08-03,87,2,0
v1lKqeiQFTI,2026-08-03,534,13,1
vBRiaP5NgVw,2026-08-03,52,0,0
vJXvL5i4OQY,2026-08-03,71,4,0
x1FB0zvtgOw,2026-08-03,223,4,1
xA--Kg9DtWM,2026-08-03,34,1,0
xB4ecIksJSY,2026-08-03,46,1,0
xJ05Nq48Zq4,2026-08-03,49,1,0
xic7AMpR4IM,2026-08-03,49,2,0
xsptE33QWNE,2026-08-03,7192,56,12
yZ8DSleduDs,2026-08-03,1070,20,1
y_rVPdd-RNY,2026-08-03,51,3,0
yiDhqGdxFPs,2026-08-03,563,15,2
yzvzl1LBXm0,2026-08-03,51,2,0
zT66rq7mEu4,2026-08-03,74,1,0
zToHhAif9Gw,2026-08-03,58,5,1
zcOZ0IEsXHc,2026-08-03,144,1,0
-W0cM6L62s8,2026-07-27,295,8,0
0CPm2tH1Ul8,2026-07-27,8,0,0
0VmI47XeOuE,2026-07-27,22,0,0
0i8W5wucIMc,2026-07-27,90,3,1
1-VRjF4aDgk,2026-07-27,134,6,0
1Hgmt97AkBw,2026-07-27,34,0,0
1ISPibwIVQA,2026-07-27,3744,25,1
1OxYQbmdW-Y,2026-07-27,1635,23,3
1eRuwnvwsPo,2026-07-27,69,1,0
2W7sPgGlNqo,2026-07-27,444,8,0
2eUOg1Vmt7Y,2026-07-27,2300,22,0
2s7evXo3BkI,2026-07-27,2883,71,2
46knscCk2Ic,2026-07-27,43,2,0
4JmKLgtmMBI,2026-07-27,21,0,0
4XgvRRtSUdg,2026-07-27,294,9,0
4aUW0262vu8,2026-07-27,70,2,0
4bYnczoU-8Q,2026-07-27,24,0,0
4ugOz63m5-k,2026-07-27,653,4,0
4v5Vv8fsR-g,2026-07-27,46,2,0
5BEWVMsLsBo,2026-07-27,195,13,0
6Lkyx9jAWMo,2026-07-27,784,9,0
6QlUSg3-ivQ,2026-07-27,0,0,0
6lR81YOeNKs,2026-07-27,51,1,0
6mBufYO1YR8,2026-07-27,93,2,0
6rc09OdwHlk,2026-07-27,10638,130,2
7EhEb5ojYZw,2026-07-27,343,8,0
7NnpKR1VA58,2026-07-27,36,0,0
7beGTcu4wOY,2026-07-27,110,5,1
7bwkNrRpgw0,2026-07-27,30,2,0
7kTYy0cJ_EE,2026-07-27,37,0,0
7q20ukuXuN8,2026-07-27,1606,9,1
7sgJBBtJV3A,2026-07-27,125,6,0
8AMwesfk-DM,2026-07-27,113,5,0
8KfTQmLyYAY,2026-07-27,178,17,4
8_fVq-UewMc,2026-07-27,1485,74,2
9wkGoWLVjT8,2026-07-27,191,3,0
9xx1KaBQxVQ,2026-07-27,224,5,0
AARzy2sfqVw,2026-07-27,467,7,6
Aeue3yzSc4M,2026-07-27,77,4,1
AtGVhnK5jRo,2026-07-27,160,1,0
BQnwEe6r4Fg,2026-07-27,206,3,0
BUC65TLIGf8,2026-07-27,10902,225,6
CHz9g2LGYlo,2026-07-27,447,17,2
CrG-FruGb-k,2026-07-27,67,0,0
Cz9osSyqYXI,2026-07-27,82,4,0
DFETYUUNO18,2026-07-27,63,4,0
DPDmPO-JXe0,2026-07-27,95,3,0
DQlkV2DmA_M,2026-07-27,287,5,0
DWS8WsB2FgE,2026-07-27,37,1,1
Dc98c6LPQQE,2026-07-27,133,8,0
DebaxM_8EO0,2026-07-27,94,11,2
E6-cYClJn3Y,2026-07-27,87,5,0
EVkg5zFPcMs,2026-07-27,877,13,0
E_MeMkTfBsk,2026-07-27,50,3,0
Eu2w5wSNlJI,2026-07-27,32,3,0
FXk9SQvqFFs,2026-07-27,110,4,1
G0pKbjeeTMs,2026-07-27,9061,162,12
GLJffh1QDM4,2026-07-27,28,1,0
GSUn2ePNYsk,2026-07-27,40,1,0
Gcigj916zyE,2026-07-27,13,0,0
GgunOaMm_-g,2026-07-27,90,6,1
HDyKUodeuNw,2026-07-27,17,1,0
HvXbln87KY0,2026-07-27,9214,61,2
HyPyDdUy-Xk,2026-07-27,158,7,0
I8oipG4G1GI,2026-07-27,431,4,0
IAjVUpwzMGo,2026-07-27,13173,313,25
ICnRxj-bjJE,2026-07-27,439,9,0
IIT39Xomn94,2026-07-27,42,1,0
IQPxO_NmSJk,2026-07-27,2275,45,2
Ie-FqoNGqLA,2026-07-27,286,1,0
Im9z2T57eEw,2026-07-27,5425,44,3
J0GOADsEp4E,2026-07-27,92,2,0
JbwNhXjC16A,2026-07-27,102,2,0
K2jlyUL3zK8,2026-07-27,269,7,1
KpjJH-fdImI,2026-07-27,33,0,0
LDp0JP4L6YY,2026-07-27,1148,32,3
LXwH60B973Q,2026-07-27,40,1,0
Lox4HlSibXo,2026-07-27,50,2,0
M4Q186h3zHA,2026-07-27,98,5,2
MHxjAOrdxCU,2026-07-27,119,3,0
N-7O94hPplU,2026-07-27,39,2,0
N5qEWgYkGwk,2026-07-27,1190,25,9
NBrio9XsAto,2026-07-27,54,1,1
NMt3A12yjhg,2026-07-27,90,4,1
NQpnc4YfuQo,2026-07-27,117,4,0
NVwGmBS-wMw,2026-07-27,36,1,0
OP7Hest5Ivo,2026-07-27,165,2,0
OTkdggNWv14,2026-07-27,159,3,0
OoG2Z1GdWQQ,2026-07-27,71,1,0
Oswa8OkiQPs,2026-07-27,77,3,0
OzgC7e3Eths,2026-07-27,25,1,0
P4--JGi1xH8,2026-07-27,38,2,0
PGZNyTVcZbI,2026-07-27,1417,39,2
PIOYkiA1qBw,2026-07-27,305,6,0
PLGbRoNcVL4,2026-07-27,54,2,0
PPTTWwot8uw,2026-07-27,75,6,0
Q275enpY7bY,2026-07-27,75,2,0
Q2KQ6SvIU4Q,2026-07-27,57,1,0
Q3olnvgueTQ,2026-07-27,543,9,2
Q6vUPD3f4bs,2026-07-27,363,10,0
Q7BvnpCsUAU,2026-07-27,77,5,1
QC05ysMl8oc,2026-07-27,658,8,1
QFg5SkPyiqQ,2026-07-27,40,0,0
Qc0HiH1iZ8U,2026-07-27,76,0,0
QueSk8MsubI,2026-07-27,244,7,2
R7hA1gBrsvQ,2026-07-27,37,2,0
RiYjYfMTGvw,2026-07-27,22,0,0
TGfUG__aOhw,2026-07-27,214,6,1
THxGW9huLRg,2026-07-27,75,4,0
TVlRs1BUsGM,2026-07-27,42,0,0
U92pTqhzxoQ,2026-07-27,68,3,0
UlDUQ9G0QHM,2026-07-27,37,1,0
Un9gEpkxsio,2026-07-27,64,0,0
V3pMWhj4lxQ,2026-07-27,38,1,0
VUPm0AxqTho,2026-07-27,7063,83,3
VgumMjYb89g,2026-07-27,79,2,1
VrvnwaTppAE,2026-07-27,123,3,0
W8clxC5S3dU,2026-07-27,685,8,0
Wez4b-J_xL4,2026-07-27,27,2,0
X6JyQKV5d0E,2026-07-27,650,16,3
XEdE-i6as6I,2026-07-27,165,4,4
XHnA-a5rivU,2026-07-27,136,7,0
Xgk-fE4kDH4,2026-07-27,44,2,0
Xnd-Ygs7U3Y,2026-07-27,91,0,0
Y9dNljQTNe0,2026-07-27,33,0,0
YC6d_IxCfPo,2026-07-27,809,7,1
YDElIJ6jMrw,2026-07-27,77,2,0
YI0_i2mVva0,2026-07-27,300,9,1
YnFvHoWdvzs,2026-07-27,237,6,1
Z4Fo5F_mLuU,2026-07-27,102,1,0
ZWi_B_rqvt4,2026-07-27,63,0,0
ZgZVpp61cYY,2026-07-27,210,8,2
Zj6uiqMvFOU,2026-07-27,32,1,0
Zyg3scrypKQ,2026-07-27,60,3,1
_4lqZZO3ifA,2026-07-27,323,1,0
_VCX-MmBF_4,2026-07-27,4018,55,1
_cXvg-XPnUs,2026-07-27,86,2,0
_ofTsPs9mT8,2026-07-27,2429,95,9
_wQMZfzqCAo,2026-07-27,1397,38,0
_xdmT6Ir4xk,2026-07-27,496,7,0
a1nrZ-A7vSg,2026-07-27,83,2,2
a4PcaVKyCko,2026-07-27,121,8,0
aLp96mNnYA8,2026-07-27,659,17,2
aoP5EPC9Skw,2026-07-27,544,13,1
b94_Fgq1uM0,2026-07-27,674,12,0
bOvsWX2Mgmg,2026-07-27,6555,46,2
bZgmdcD9THA,2026-07-27,2898,15,3
ci1hFXvOMjw,2026-07-27,7842,125,8
dHx1iSHHwx4,2026-07-27,1301,6,4
dbYadcZ2uOU,2026-07-27,47,2,0
ddB92jjDOVs,2026-07-27,34,2,0
dnLOQnSM8W8,2026-07-27,13,1,0
eO7e64yu3Kk,2026-07-27,6058,141,11
eVL3dw9BfPc,2026-07-27,63,3,0
eXfqUxzE0MY,2026-07-27,74,5,1
ecJm9JHj18g,2026-07-27,40,1,0
ee-gYMaH1Rk,2026-07-27,3118,8,1
f144Cg6EGxE,2026-07-27,1154,30,1
ffCLLOraLFA,2026-07-27,68,3,0
gKrXqZNAV1Y,2026-07-27,607,6,1
hhX0ynoT_mc,2026-07-27,48,0,0
hipquVDxH70,2026-07-27,1542,33,2
i6Cfsd0CP2g,2026-07-27,362,15,3
iMbfo-nXbOg,2026-07-27,76,3,0
iNyOOzX6lKk,2026-07-27,41,0,0
jJT2Pjgug7s,2026-07-27,177,5,0
jRm_0dohWB4,2026-07-27,2328,46,4
kJzw5JPC6AI,2026-07-27,4251,71,7
kPT8l-XKm8A,2026-07-27,1090,17,1
kegfG0chZHI,2026-07-27,57,2,0
lcOQNnj3lwQ,2026-07-27,409,7,0
lqwMXNy0ATk,2026-07-27,76,7,0
mTCodgOqy3A,2026-07-27,9,0,0
m_WT3mJ0J9E,2026-07-27,174,8,2
mdQHFYj09wg,2026-07-27,33,1,0
mj_b9_nxJfw,2026-07-27,1455,45,3
mqLksU5um3Q,2026-07-27,505,18,2
nAYXMoOpNsM,2026-07-27,68,1,0
nFQA-o7gZL4,2026-07-27,7,0,0
njqE2uGyysQ,2026-07-27,33,2,0
nziKRGItUbo,2026-07-27,36,0,0
o3fMDF3PGhM,2026-07-27,10739,209,13
oQ1nPp7viGs,2026-07-27,652,3,0
pHAb6YNGRl4,2026-07-27,46,5,0
pLRAticn7NU,2026-07-27,30,1,0
pcSv3TjR5ZQ,2026-07-27,11634,237,12
pqAswnET2XQ,2026-07-27,194,6,0
q0n48c-f4O8,2026-07-27,91,4,0
qr6ATPTgl20,2026-07-27,1813,64,4
qytf-g55XFE,2026-07-27,244,4,0
rSYSSOP3h2k,2026-07-27,475,7,0
rvVwrHtI4gQ,2026-07-27,35,3,0
sV8nczRvPAU,2026-07-27,79,2,2
t3jyABNSOno,2026-07-27,31,0,0
t4eZfB4XTHg,2026-07-27,66,1,0
t8grl_NIYPw,2026-07-27,140,2,0
tIxrQnDwvx4,2026-07-27,84,1,0
thQUAzH5d2o,2026-07-27,73,6,0
uN-yP7FwIN4,2026-07-27,1112,34,6
ue5vLsIijHs,2026-07-27,83,1,0
v1Qnd2Uxcjs,2026-07-27,87,2,0
v1lKqeiQFTI,2026-07-27,534,13,1
vBRiaP5NgVw,2026-07-27,52,0,0
vJXvL5i4OQY,2026-07-27,71,4,0
x1FB0zvtgOw,2026-07-27,223,4,1
xA--Kg9DtWM,2026-07-27,34,1,0
xB4ecIksJSY,2026-07-27,46,1,0
xJ05Nq48Zq4,2026-07-27,49,1,0
xic7AMpR4IM,2026-07-27,49,2,0
xsptE33QWNE,2026-07-27,7188,56,12
yZ8DSleduDs,2026-07-27,1067,20,1
y_rVPdd-RNY,2026-07-27,50,3,0
yiDhqGdxFPs,2026-07-27,562,15,2
yzvzl1LBXm0,2026-07-27,51,2,0
zT66rq7mEu4,2026-07-27,73,1,0
zToHhAif9Gw,2026-07-27,58,5,1
zcOZ0IEsXHc,2026-07-27,142,1,0
-W0cM6L62s8,2026-07-20,295,8,0
0CPm2tH1Ul8,2026-07-20,8,0,0
0VmI47XeOuE,2026-07-20,22,0,0
0i8W5wucIMc,2026-07-20,89,3,1
1-VRjF4aDgk,2026-07-20,134,6,0
1Hgmt97AkBw,2026-07-20,34,0,0
1ISPibwIVQA,2026-07-20,3690,24,1
1OxYQbmdW-Y,2026-07-20,1634,23,3
1eRuwnvwsPo,2026-07-20,69,1,0
2W7sPgGlNqo,2026-07-20,444,8,0
2eUOg1Vmt7Y,2026-07-20,2292,22,0
2s7evXo3BkI,2026-07-20,2883,71,2
46knscCk2Ic,2026-07-20,43,2,0
4JmKLgtmMBI,2026-07-20,21,0,0
4XgvRRtSUdg,2026-07-20,293,9,0
4aUW0262vu8,2026-07-20,70,2,0
4bYnczoU-8Q,2026-07-20,24,0,0
4ugOz63m5-k,2026-07-20,653,4,0
4v5Vv8fsR-g,2026-07-20,46,2,0
5BEWVMsLsBo,2026-07-20,195,13,0
6Lkyx9jAWMo,2026-07-20,784,9,0
6QlUSg3-ivQ,2026-07-20,0,0,0
6lR81YOeNKs,2026-07-20,51,1,0
6mBufYO1YR8,2026-07-20,91,2,0
6rc09OdwHlk,2026-07-20,10598,130,2
7EhEb5ojYZw,2026-07-20,337,8,0
7NnpKR1VA58,2026-07-20,34,0,0
7beGTcu4wOY,2026-07-20,110,5,1
7bwkNrRpgw0,2026-07-20,30,2,0
7kTYy0cJ_EE,2026-07-20,36,0,0
7q20ukuXuN8,2026-07-20,1577,9,1
7sgJBBtJV3A,2026-07-20,125,6,0
8AMwesfk-DM,2026-07-20,113,5,0
8KfTQmLyYAY,2026-07-20,166,17,4
8_fVq-UewMc,2026-07-20,1483,74,2
9wkGoWLVjT8,2026-07-20,190,3,0
9xx1KaBQxVQ,2026-07-20,224,5,0
AARzy2sfqVw,2026-07-20,466,7,6
Aeue3yzSc4M,2026-07-20,75,4,1
AtGVhnK5jRo,2026-07-20,160,1,0
BQnwEe6r4Fg,2026-07-20,206,3,0
BUC65TLIGf8,2026-07-20,10867,225,6
CHz9g2LGYlo,2026-07-20,446,17,2
CrG-FruGb-k,2026-07-20,67,0,0
Cz9osSyqYXI,2026-07-20,80,4,0
DFETYUUNO18,2026-07-20,61,4,0
DPDmPO-JXe0,2026-07-20,92,3,0
DQlkV2DmA_M,2026-07-20,286,5,0
DWS8WsB2FgE,2026-07-20,37,1,1
Dc98c6LPQQE,2026-07-20,132,8,0
DebaxM_8EO0,2026-07-20,94,11,2
E6-cYClJn3Y,2026-07-20,87,5,0
EVkg5zFPcMs,2026-07-20,876,13,0
E_MeMkTfBsk,2026-07-20,50,3,0
FXk9SQvqFFs,2026-07-20,106,4,1
G0pKbjeeTMs,2026-07-20,9057,162,12
GLJffh1QDM4,2026-07-20,28,1,0
GSUn2ePNYsk,2026-07-20,40,1,0
Gcigj916zyE,2026-07-20,12,0,0
GgunOaMm_-g,2026-07-20,88,6,1
HDyKUodeuNw,2026-07-20,15,1,0
HvXbln87KY0,2026-07-20,9206,61,2
HyPyDdUy-Xk,2026-07-20,158,7,0
I8oipG4G1GI,2026-07-20,430,4,0
IAjVUpwzMGo,2026-07-20,13150,313,25
ICnRxj-bjJE,2026-07-20,439,9,0
IIT39Xomn94,2026-07-20,42,1,0
IQPxO_NmSJk,2026-07-20,2267,45,2
Ie-FqoNGqLA,2026-07-20,282,1,0
Im9z2T57eEw,2026-07-20,5422,44,3
J0GOADsEp4E,2026-07-20,92,2,0
JbwNhXjC16A,2026-07-20,102,2,0
K2jlyUL3zK8,2026-07-20,265,7,1
KpjJH-fdImI,2026-07-20,33,0,0
LDp0JP4L6YY,2026-07-20,1140,32,3
LXwH60B973Q,2026-07-20,40,1,0
Lox4HlSibXo,2026-07-20,50,2,0
M4Q186h3zHA,2026-07-20,97,5,2
MHxjAOrdxCU,2026-07-20,119,3,0
N-7O94hPplU,2026-07-20,39,2,0
N5qEWgYkGwk,2026-07-20,1188,25,9
NBrio9XsAto,2026-07-20,53,1,1
NMt3A12yjhg,2026-07-20,90,4,1
NQpnc4YfuQo,2026-07-20,117,4,0
NVwGmBS-wMw,2026-07-20,36,1,0
OP7Hest5Ivo,2026-07-20,165,2,0
OTkdggNWv14,2026-07-20,158,3,0
OoG2Z1GdWQQ,2026-07-20,70,1,0
Oswa8OkiQPs,2026-07-20,77,3,0
OzgC7e3Eths,2026-07-20,25,1,0
P4--JGi1xH8,2026-07-20,38,2,0
PGZNyTVcZbI,2026-07-20,1417,39,2
PIOYkiA1qBw,2026-07-20,301,6,0
PLGbRoNcVL4,2026-07-20,54,2,0
PPTTWwot8uw,2026-07-20,74,6,0
Q275enpY7bY,2026-07-20,75,2,0
Q2KQ6SvIU4Q,2026-07-20,57,1,0
Q3olnvgueTQ,2026-07-20,535,8,2
Q6vUPD3f4bs,2026-07-20,363,10,0
Q7BvnpCsUAU,2026-07-20,76,5,1
QC05ysMl8oc,2026-07-20,658,8,1
QFg5SkPyiqQ,2026-07-20,40,0,0
Qc0HiH1iZ8U,2026-07-20,76,0,0
QueSk8MsubI,2026-07-20,243,7,2
R7hA1gBrsvQ,2026-07-20,37,2,0
RiYjYfMTGvw,2026-07-20,21,0,0
TGfUG__aOhw,2026-07-20,212,6,1
THxGW9huLRg,2026-07-20,73,4,0
TVlRs1BUsGM,2026-07-20,40,0,0
U92pTqhzxoQ,2026-07-20,68,3,0
UlDUQ9G0QHM,2026-07-20,37,1,0
Un9gEpkxsio,2026-07-20,63,0,0
V3pMWhj4lxQ,2026-07-20,38,1,0
VUPm0AxqTho,2026-07-20,7020,82,3
VgumMjYb89g,2026-07-20,78,2,1
VrvnwaTppAE,2026-07-20,123,3,0
W8clxC5S3dU,2026-07-20,684,8,0
Wez4b-J_xL4,2026-07-20,17,0,0
X6JyQKV5d0E,2026-07-20,647,16,3
XEdE-i6as6I,2026-07-20,164,4,4
XHnA-a5rivU,2026-07-20,133,7,0
Xgk-fE4kDH4,2026-07-20,44,2,0
Xnd-Ygs7U3Y,2026-07-20,91,0,0
Y9dNljQTNe0,2026-07-20,33,0,0
YC6d_IxCfPo,2026-07-20,808,7,1
YDElIJ6jMrw,2026-07-20,77,2,0
YI0_i2mVva0,2026-07-20,300,9,1
YnFvHoWdvzs,2026-07-20,236,6,1
Z4Fo5F_mLuU,2026-07-20,102,1,0
ZWi_B_rqvt4,2026-07-20,63,0,0
ZgZVpp61cYY,2026-07-20,208,8,2
Zj6uiqMvFOU,2026-07-20,32,1,0
Zyg3scrypKQ,2026-07-20,60,3,1
_4lqZZO3ifA,2026-07-20,323,1,0
_VCX-MmBF_4,2026-07-20,4012,55,1
_cXvg-XPnUs,2026-07-20,86,2,0
_ofTsPs9mT8,2026-07-20,2415,95,9
_wQMZfzqCAo,2026-07-20,1394,38,0
_xdmT6Ir4xk,2026-07-20,496,7,0
a1nrZ-A7vSg,2026-07-20,83,2,2
a4PcaVKyCko,2026-07-20,120,8,0
aLp96mNnYA8,2026-07-20,649,17,2
aoP5EPC9Skw,2026-07-20,542,13,1
b94_Fgq1uM0,2026-07-20,674,12,0
bOvsWX2Mgmg,2026-07-20,6551,46,2
bZgmdcD9THA,2026-07-20,2879,15,3
ci1hFXvOMjw,2026-07-20,7831,125,8
dHx1iSHHwx4,2026-07-20,1290,6,4
dbYadcZ2uOU,2026-07-20,47,2,0
ddB92jjDOVs,2026-07-20,34,2,0
dnLOQnSM8W8,2026-07-20,13,1,0
eO7e64yu3Kk,2026-07-20,6049,141,11
eVL3dw9BfPc,2026-07-20,63,3,0
eXfqUxzE0MY,2026-07-20,60,4,1
ecJm9JHj18g,2026-07-20,40,1,0
ee-gYMaH1Rk,2026-07-20,3113,8,1
f144Cg6EGxE,2026-07-20,1138,30,1
ffCLLOraLFA,2026-07-20,67,3,0
gKrXqZNAV1Y,2026-07-20,605,6,1
hhX0ynoT_mc,2026-07-20,48,0,0
hipquVDxH70,2026-07-20,1542,33,2
i6Cfsd0CP2g,2026-07-20,357,15,3
iMbfo-nXbOg,2026-07-20,75,3,0
iNyOOzX6lKk,2026-07-20,41,0,0
jJT2Pjgug7s,2026-07-20,177,5,0
jRm_0dohWB4,2026-07-20,2326,46,4
kJzw5JPC6AI,2026-07-20,4247,71,7
kPT8l-XKm8A,2026-07-20,1083,17,1
kegfG0chZHI,2026-07-20,57,2,0
lcOQNnj3lwQ,2026-07-20,407,7,0
lqwMXNy0ATk,2026-07-20,52,7,0
mTCodgOqy3A,2026-07-20,9,0,0
m_WT3mJ0J9E,2026-07-20,173,8,2
mdQHFYj09wg,2026-07-20,33,1,0
mj_b9_nxJfw,2026-07-20,1447,44,3
mqLksU5um3Q,2026-07-20,504,18,2
nAYXMoOpNsM,2026-07-20,68,1,0
nFQA-o7gZL4,2026-07-20,7,0,0
njqE2uGyysQ,2026-07-20,33,2,0
nziKRGItUbo,2026-07-20,36,0,0
o3fMDF3PGhM,2026-07-20,10700,208,13
oQ1nPp7viGs,2026-07-20,650,2,0
pHAb6YNGRl4,2026-07-20,46,5,0
pLRAticn7NU,2026-07-20,30,1,0
pcSv3TjR5ZQ,2026-07-20,11615,236,12
pqAswnET2XQ,2026-07-20,192,6,0
q0n48c-f4O8,2026-07-20,91,4,0
qr6ATPTgl20,2026-07-20,1809,64,4
qytf-g55XFE,2026-07-20,238,4,0
rSYSSOP3h2k,2026-07-20,472,7,0
rvVwrHtI4gQ,2026-07-20,35,3,0
sV8nczRvPAU,2026-07-20,78,2,2
t3jyABNSOno,2026-07-20,31,0,0
t4eZfB4XTHg,2026-07-20,66,1,0
t8grl_NIYPw,2026-07-20,140,2,0
tIxrQnDwvx4,2026-07-20,84,1,0
thQUAzH5d2o,2026-07-20,72,6,0
uN-yP7FwIN4,2026-07-20,1098,34,6
ue5vLsIijHs,2026-07-20,83,1,0
v1Qnd2Uxcjs,2026-07-20,87,2,0
v1lKqeiQFTI,2026-07-20,527,13,1
vBRiaP5NgVw,2026-07-20,52,0,0
vJXvL5i4OQY,2026-07-20,70,4,0
x1FB0zvtgOw,2026-07-20,223,4,1
xA--Kg9DtWM,2026-07-20,34,1,0
xB4ecIksJSY,2026-07-20,46,1,0
xJ05Nq48Zq4,2026-07-20,49,1,0
xic7AMpR4IM,2026-07-20,49,2,0
xsptE33QWNE,2026-07-20,7183,56,12
yZ8DSleduDs,2026-07-20,1060,20,1
y_rVPdd-RNY,2026-07-20,50,3,0
yiDhqGdxFPs,2026-07-20,560,15,2
yzvzl1LBXm0,2026-07-20,51,2,0
zT66rq7mEu4,2026-07-20,73,1,0
zToHhAif9Gw,2026-07-20,58,5,1
zcOZ0IEsXHc,2026-07-20,139,1,0
-W0cM6L62s8,2026-07-13,295,8,0
0CPm2tH1Ul8,2026-07-13,5,0,0
0VmI47XeOuE,2026-07-13,22,0,0
0i8W5wucIMc,2026-07-13,89,3,1
1-VRjF4aDgk,2026-07-13,134,6,0
1Hgmt97AkBw,2026-07-13,33,0,0
1ISPibwIVQA,2026-07-13,3644,23,1
1OxYQbmdW-Y,2026-07-13,1634,23,3
1eRuwnvwsPo,2026-07-13,69,1,0
2W7sPgGlNqo,2026-07-13,443,8,0
2eUOg1Vmt7Y,2026-07-13,2286,22,0
2s7evXo3BkI,2026-07-13,2877,70,2
46knscCk2Ic,2026-07-13,43,2,0
4JmKLgtmMBI,2026-07-13,21,0,0
4XgvRRtSUdg,2026-07-13,293,9,0
4aUW0262vu8,2026-07-13,70,2,0
4bYnczoU-8Q,2026-07-13,22,0,0
4ugOz63m5-k,2026-07-13,649,4,0
4v5Vv8fsR-g,2026-07-13,43,2,0
5BEWVMsLsBo,2026-07-13,195,13,0
6Lkyx9jAWMo,2026-07-13,783,9,0
6QlUSg3-ivQ,2026-07-13,0,0,0
6lR81YOeNKs,2026-07-13,51,1,0
6mBufYO1YR8,2026-07-13,90,2,0
6rc09OdwHlk,2026-07-13,10555,130,2
7EhEb5ojYZw,2026-07-13,332,8,0
7NnpKR1VA58,2026-07-13,30,0,0
7beGTcu4wOY,2026-07-13,110,5,1
7bwkNrRpgw0,2026-07-13,30,2,0
7kTYy0cJ_EE,2026-07-13,36,0,0
7q20ukuXuN8,2026-07-13,1551,9,1
7sgJBBtJV3A,2026-07-13,125,6,0
8AMwesfk-DM,2026-07-13,110,5,0
8KfTQmLyYAY,2026-07-13,163,16,4
8_fVq-UewMc,2026-07-13,1481,74,2
9wkGoWLVjT8,2026-07-13,190,3,0
9xx1KaBQxVQ,2026-07-13,224,5,0
AARzy2sfqVw,2026-07-13,466,7,6
Aeue3yzSc4M,2026-07-13,75,4,1
AtGVhnK5jRo,2026-07-13,160,1,0
BQnwEe6r4Fg,2026-07-13,202,3,0
BUC65TLIGf8,2026-07-13,10841,224,6
CHz9g2LGYlo,2026-07-13,446,17,2
CrG-FruGb-k,2026-07-13,67,0,0
Cz9osSyqYXI,2026-07-13,79,4,0
DFETYUUNO18,2026-07-13,61,4,0
DPDmPO-JXe0,2026-07-13,92,3,0
DQlkV2DmA_M,2026-07-13,281,5,0
DWS8WsB2FgE,2026-07-13,37,1,1
Dc98c6LPQQE,2026-07-13,129,8,0
DebaxM_8EO0,2026-07-13,94,11,2
E6-cYClJn3Y,2026-07-13,87,5,0
EVkg5zFPcMs,2026-07-13,875,13,0
E_MeMkTfBsk,2026-07-13,50,3,0
FXk9SQvqFFs,2026-07-13,105,4,1
G0pKbjeeTMs,2026-07-13,9049,162,12
GLJffh1QDM4,2026-07-13,27,1,0
GSUn2ePNYsk,2026-07-13,38,1,0
Gcigj916zyE,2026-07-13,12,0,0
GgunOaMm_-g,2026-07-13,84,5,1
HDyKUodeuNw,2026-07-13,15,1,0
HvXbln87KY0,2026-07-13,9203,61,2
HyPyDdUy-Xk,2026-07-13,158,7,0
I8oipG4G1GI,2026-07-13,429,4,0
IAjVUpwzMGo,2026-07-13,13106,312,25
ICnRxj-bjJE,2026-07-13,439,9,0
IIT39Xomn94,2026-07-13,42,1,0
IQPxO_NmSJk,2026-07-13,2266,45,2
Ie-FqoNGqLA,2026-07-13,279,1,0
Im9z2T57eEw,2026-07-13,5420,44,3
J0GOADsEp4E,2026-07-13,90,2,0
JbwNhXjC16A,2026-07-13,102,2,0
K2jlyUL3zK8,2026-07-13,260,7,1
KpjJH-fdImI,2026-07-13,33,0,0
LDp0JP4L6YY,2026-07-13,1133,32,3
LXwH60B973Q,2026-07-13,40,1,0
Lox4HlSibXo,2026-07-13,50,2,0
M4Q186h3zHA,2026-07-13,97,5,2
MHxjAOrdxCU,2026-07-13,118,2,0
N-7O94hPplU,2026-07-13,39,2,0
N5qEWgYkGwk,2026-07-13,1188,25,9
NBrio9XsAto,2026-07-13,52,1,1
NMt3A12yjhg,2026-07-13,90,4,1
NQpnc4YfuQo,2026-07-13,117,4,0
NVwGmBS-wMw,2026-07-13,36,1,0
OP7Hest5Ivo,2026-07-13,164,2,0
OTkdggNWv14,2026-07-13,157,3,0
OoG2Z1GdWQQ,2026-07-13,70,1,0
Oswa8OkiQPs,2026-07-13,77,3,0
OzgC7e3Eths,2026-07-13,25,1,0
P4--JGi1xH8,2026-07-13,37,2,0
PGZNyTVcZbI,2026-07-13,1417,39,2
PIOYkiA1qBw,2026-07-13,301,6,0
PLGbRoNcVL4,2026-07-13,54,2,0
PPTTWwot8uw,2026-07-13,74,6,0
Q275enpY7bY,2026-07-13,75,2,0
Q2KQ6SvIU4Q,2026-07-13,56,1,0
Q3olnvgueTQ,2026-07-13,519,8,2
Q6vUPD3f4bs,2026-07-13,363,10,0
Q7BvnpCsUAU,2026-07-13,76,5,1
QC05ysMl8oc,2026-07-13,658,8,1
QFg5SkPyiqQ,2026-07-13,40,0,0
Qc0HiH1iZ8U,2026-07-13,76,0,0
QueSk8MsubI,2026-07-13,243,7,2
R7hA1gBrsvQ,2026-07-13,37,2,0
RiYjYfMTGvw,2026-07-13,21,0,0
TGfUG__aOhw,2026-07-13,208,6,1
THxGW9huLRg,2026-07-13,72,4,0
TVlRs1BUsGM,2026-07-13,40,0,0
U92pTqhzxoQ,2026-07-13,68,3,0
UlDUQ9G0QHM,2026-07-13,37,1,0
Un9gEpkxsio,2026-07-13,60,0,0
V3pMWhj4lxQ,2026-07-13,38,1,0
VUPm0AxqTho,2026-07-13,7005,82,3
VgumMjYb89g,2026-07-13,78,2,1
VrvnwaTppAE,2026-07-13,123,3,0
W8clxC5S3dU,2026-07-13,684,8,0
Wez4b-J_xL4,2026-07-13,14,0,0
X6JyQKV5d0E,2026-07-13,647,16,3
XEdE-i6as6I,2026-07-13,163,4,4
XHnA-a5rivU,2026-07-13,133,7,0
Xgk-fE4kDH4,2026-07-13,44,2,0
Xnd-Ygs7U3Y,2026-07-13,91,0,0
Y9dNljQTNe0,2026-07-13,33,0,0
YC6d_IxCfPo,2026-07-13,806,7,1
YDElIJ6jMrw,2026-07-13,76,2,0
YI0_i2mVva0,2026-07-13,299,9,1
YnFvHoWdvzs,2026-07-13,234,6,1
Z4Fo5F_mLuU,2026-07-13,100,1,0
ZWi_B_rqvt4,2026-07-13,63,0,0
ZgZVpp61cYY,2026-07-13,208,8,2
Zj6uiqMvFOU,2026-07-13,32,1,0
Zyg3scrypKQ,2026-07-13,60,3,1
_4lqZZO3ifA,2026-07-13,322,1,0
_VCX-MmBF_4,2026-07-13,4007,55,1
_cXvg-XPnUs,2026-07-13,86,2,0
_ofTsPs9mT8,2026-07-13,2402,95,9
_wQMZfzqCAo,2026-07-13,1394,38,0
_xdmT6Ir4xk,2026-07-13,493,7,0
a1nrZ-A7vSg,2026-07-13,83,2,2
a4PcaVKyCko,2026-07-13,120,8,0
aLp96mNnYA8,2026-07-13,645,17,2
aoP5EPC9Skw,2026-07-13,541,12,1
b94_Fgq1uM0,2026-07-13,673,12,0
bOvsWX2Mgmg,2026-07-13,6550,46,2
bZgmdcD9THA,2026-07-13,2867,15,3
ci1hFXvOMjw,2026-07-13,7830,125,8
dHx1iSHHwx4,2026-07-13,1280,6,4
dbYadcZ2uOU,2026-07-13,47,2,0
ddB92jjDOVs,2026-07-13,34,2,0
dnLOQnSM8W8,2026-07-13,13,1,0
eO7e64yu3Kk,2026-07-13,6044,141,11
eVL3dw9BfPc,2026-07-13,63,3,0
eXfqUxzE0MY,2026-07-13,57,4,1
ecJm9JHj18g,2026-07-13,40,1,0
ee-gYMaH1Rk,2026-07-13,3105,8,1
f144Cg6EGxE,2026-07-13,1105,29,1
ffCLLOraLFA,2026-07-13,66,3,0
gKrXqZNAV1Y,2026-07-13,604,6,1
hhX0ynoT_mc,2026-07-13,48,0,0
hipquVDxH70,2026-07-13,1539,33,2
i6Cfsd0CP2g,2026-07-13,353,15,3
iMbfo-nXbOg,2026-07-13,75,3,0
iNyOOzX6lKk,2026-07-13,41,0,0
jJT2Pjgug7s,2026-07-13,177,5,0
jRm_0dohWB4,2026-07-13,2322,46,4
kJzw5JPC6AI,2026-07-13,4237,71,7
kPT8l-XKm8A,2026-07-13,1082,17,1
kegfG0chZHI,2026-07-13,57,2,0
lcOQNnj3lwQ,2026-07-13,407,7,0
lqwMXNy0ATk,2026-07-13,47,7,0
mTCodgOqy3A,2026-07-13,8,0,0
m_WT3mJ0J9E,2026-07-13,170,8,2
mdQHFYj09wg,2026-07-13,33,1,0
mj_b9_nxJfw,2026-07-13,1442,44,3
mqLksU5um3Q,2026-07-13,504,18,2
nAYXMoOpNsM,2026-07-13,68,1,0
nFQA-o7gZL4,2026-07-13,5,0,0
njqE2uGyysQ,2026-07-13,33,2,0
nziKRGItUbo,2026-07-13,34,0,0
o3fMDF3PGhM,2026-07-13,10667,207,13
oQ1nPp7viGs,2026-07-13,648,2,0
pHAb6YNGRl4,2026-07-13,46,5,0
pLRAticn7NU,2026-07-13,30,1,0
pcSv3TjR5ZQ,2026-07-13,11608,236,12
pqAswnET2XQ,2026-07-13,191,6,0
q0n48c-f4O8,2026-07-13,91,4,0
qr6ATPTgl20,2026-07-13,1809,64,4
qytf-g55XFE,2026-07-13,235,4,0
rSYSSOP3h2k,2026-07-13,471,7,0
rvVwrHtI4gQ,2026-07-13,35,3,0
sV8nczRvPAU,2026-07-13,78,2,2
t3jyABNSOno,2026-07-13,31,0,0
t4eZfB4XTHg,2026-07-13,66,1,0
t8grl_NIYPw,2026-07-13,139,2,0
tIxrQnDwvx4,2026-07-13,84,1,0
thQUAzH5d2o,2026-07-13,72,6,0
uN-yP7FwIN4,2026-07-13,1077,32,6
ue5vLsIijHs,2026-07-13,83,1,0
v1Qnd2Uxcjs,2026-07-13,87,2,0
v1lKqeiQFTI,2026-07-13,527,13,1
vBRiaP5NgVw,2026-07-13,52,0,0
vJXvL5i4OQY,2026-07-13,70,4,0
x1FB0zvtgOw,2026-07-13,222,4,1
xA--Kg9DtWM,2026-07-13,29,1,0
xB4ecIksJSY,2026-07-13,46,1,0
xJ05Nq48Zq4,2026-07-13,49,1,0
xic7AMpR4IM,2026-07-13,48,2,0
xsptE33QWNE,2026-07-13,7174,56,12
yZ8DSleduDs,2026-07-13,1054,20,1
y_rVPdd-RNY,2026-07-13,50,3,0
yiDhqGdxFPs,2026-07-13,559,15,2
yzvzl1LBXm0,2026-07-13,51,2,0
zT66rq7mEu4,2026-07-13,73,1,0
zToHhAif9Gw,2026-07-13,58,5,1
zcOZ0IEsXHc,2026-07-13,136,1,0
-W0cM6L62s8,2026-07-06,294,8,0
0CPm2tH1Ul8,2026-07-06,5,0,0
0VmI47XeOuE,2026-07-06,22,0,0
0i8W5wucIMc,2026-07-06,89,3,1
1-VRjF4aDgk,2026-07-06,132,6,0
1Hgmt97AkBw,2026-07-06,33,0,0
1ISPibwIVQA,2026-07-06,3589,23,1
1OxYQbmdW-Y,2026-07-06,1634,23,3
1eRuwnvwsPo,2026-07-06,69,1,0
2W7sPgGlNqo,2026-07-06,443,8,0
2eUOg1Vmt7Y,2026-07-06,2283,22,0
2s7evXo3BkI,2026-07-06,2875,70,2
46knscCk2Ic,2026-07-06,43,2,0
4JmKLgtmMBI,2026-07-06,21,0,0
4XgvRRtSUdg,2026-07-06,293,9,0
4aUW0262vu8,2026-07-06,70,2,0
4bYnczoU-8Q,2026-07-06,22,0,0
4ugOz63m5-k,2026-07-06,586,4,0
4v5Vv8fsR-g,2026-07-06,42,2,0
5BEWVMsLsBo,2026-07-06,195,13,0
6Lkyx9jAWMo,2026-07-06,773,9,0
6QlUSg3-ivQ,2026-07-06,0,0,0
6lR81YOeNKs,2026-07-06,51,1,0
6mBufYO1YR8,2026-07-06,89,2,0
6rc09OdwHlk,2026-07-06,10538,129,2
7EhEb5ojYZw,2026-07-06,325,8,0
7NnpKR1VA58,2026-07-06,28,0,0
7beGTcu4wOY,2026-07-06,110,5,1
7bwkNrRpgw0,2026-07-06,30,2,0
7kTYy0cJ_EE,2026-07-06,36,0,0
7q20ukuXuN8,2026-07-06,1511,9,1
7sgJBBtJV3A,2026-07-06,125,6,0
8AMwesfk-DM,2026-07-06,110,5,0
8KfTQmLyYAY,2026-07-06,152,14,4
8_fVq-UewMc,2026-07-06,1480,74,2
9wkGoWLVjT8,2026-07-06,190,3,0
9xx1KaBQxVQ,2026-07-06,224,5,0
AARzy2sfqVw,2026-07-06,466,7,6
Aeue3yzSc4M,2026-07-06,75,4,1
AtGVhnK5jRo,2026-07-06,160,1,0
BQnwEe6r4Fg,2026-07-06,202,3,0
BUC65TLIGf8,2026-07-06,10814,224,6
CHz9g2LGYlo,2026-07-06,443,17,2
CrG-FruGb-k,2026-07-06,67,0,0
Cz9osSyqYXI,2026-07-06,79,4,0
DFETYUUNO18,2026-07-06,61,4,0
DPDmPO-JXe0,2026-07-06,91,3,0
DQlkV2DmA_M,2026-07-06,281,5,0
DWS8WsB2FgE,2026-07-06,37,1,1
Dc98c6LPQQE,2026-07-06,126,6,0
DebaxM_8EO0,2026-07-06,94,11,2
E6-cYClJn3Y,2026-07-06,87,5,0
EVkg5zFPcMs,2026-07-06,874,13,0
E_MeMkTfBsk,2026-07-06,50,3,0
FXk9SQvqFFs,2026-07-06,102,4,1
G0pKbjeeTMs,2026-07-06,9037,162,12
GLJffh1QDM4,2026-07-06,27,1,0
GSUn2ePNYsk,2026-07-06,38,1,0
Gcigj916zyE,2026-07-06,12,0,0
GgunOaMm_-g,2026-07-06,83,5,1
HDyKUodeuNw,2026-07-06,15,1,0
HvXbln87KY0,2026-07-06,9194,61,2
HyPyDdUy-Xk,2026-07-06,158,7,0
I8oipG4G1GI,2026-07-06,428,4,0
IAjVUpwzMGo,2026-07-06,13081,311,25
ICnRxj-bjJE,2026-07-06,439,9,0
IIT39Xomn94,2026-07-06,42,1,0
IQPxO_NmSJk,2026-07-06,2264,45,2
Ie-FqoNGqLA,2026-07-06,277,1,0
Im9z2T57eEw,2026-07-06,5416,44,3
J0GOADsEp4E,2026-07-06,90,2,0
JbwNhXjC16A,2026-07-06,102,2,0
K2jlyUL3zK8,2026-07-06,258,7,1
KpjJH-fdImI,2026-07-06,33,0,0
LDp0JP4L6YY,2026-07-06,1126,32,3
LXwH60B973Q,2026-07-06,40,1,0
Lox4HlSibXo,2026-07-06,50,2,0
M4Q186h3zHA,2026-07-06,96,5,2
MHxjAOrdxCU,2026-07-06,118,2,0
N-7O94hPplU,2026-07-06,39,2,0
N5qEWgYkGwk,2026-07-06,1187,25,9
NBrio9XsAto,2026-07-06,52,1,1
NMt3A12yjhg,2026-07-06,90,4,1
NQpnc4YfuQo,2026-07-06,117,4,0
NVwGmBS-wMw,2026-07-06,36,1,0
OP7Hest5Ivo,2026-07-06,159,1,0
OTkdggNWv14,2026-07-06,157,3,0
OoG2Z1GdWQQ,2026-07-06,70,1,0
Oswa8OkiQPs,2026-07-06,77,3,0
OzgC7e3Eths,2026-07-06,25,1,0
P4--JGi1xH8,2026-07-06,37,2,0
PGZNyTVcZbI,2026-07-06,1417,39,2
PIOYkiA1qBw,2026-07-06,296,6,0
PLGbRoNcVL4,2026-07-06,54,2,0
PPTTWwot8uw,2026-07-06,74,6,0
Q275enpY7bY,2026-07-06,75,2,0
Q2KQ6SvIU4Q,2026-07-06,56,1,0
Q3olnvgueTQ,2026-07-06,507,8,2
Q6vUPD3f4bs,2026-07-06,362,10,0
Q7BvnpCsUAU,2026-07-06,76,5,1
QC05ysMl8oc,2026-07-06,657,8,1
QFg5SkPyiqQ,2026-07-06,40,0,0
Qc0HiH1iZ8U,2026-07-06,76,0,0
QueSk8MsubI,2026-07-06,243,7,2
R7hA1gBrsvQ,2026-07-06,37,2,0
RiYjYfMTGvw,2026-07-06,21,0,0
TGfUG__aOhw,2026-07-06,204,6,1
THxGW9huLRg,2026-07-06,69,4,0
TVlRs1BUsGM,2026-07-06,35,0,0
U92pTqhzxoQ,2026-07-06,68,3,0
UlDUQ9G0QHM,2026-07-06,37,1,0
Un9gEpkxsio,2026-07-06,59,0,0
V3pMWhj4lxQ,2026-07-06,38,1,0
VUPm0AxqTho,2026-07-06,6975,82,3
VgumMjYb89g,2026-07-06,77,2,1
VrvnwaTppAE,2026-07-06,123,3,0
W8clxC5S3dU,2026-07-06,680,8,0
Wez4b-J_xL4,2026-07-06,7,0,0
X6JyQKV5d0E,2026-07-06,640,17,3
XEdE-i6as6I,2026-07-06,163,4,4
XHnA-a5rivU,2026-07-06,133,7,0
Xgk-fE4kDH4,2026-07-06,44,2,0
Xnd-Ygs7U3Y,2026-07-06,91,0,0
Y9dNljQTNe0,2026-07-06,33,0,0
YC6d_IxCfPo,2026-07-06,805,7,1
YDElIJ6jMrw,2026-07-06,76,2,0
YI0_i2mVva0,2026-07-06,297,9,1
YnFvHoWdvzs,2026-07-06,226,6,1
Z4Fo5F_mLuU,2026-07-06,100,1,0
ZWi_B_rqvt4,2026-07-06,63,0,0
ZgZVpp61cYY,2026-07-06,208,8,2
Zj6uiqMvFOU,2026-07-06,31,1,0
Zyg3scrypKQ,2026-07-06,60,3,1
_4lqZZO3ifA,2026-07-06,318,1,0
_VCX-MmBF_4,2026-07-06,4002,54,1
_cXvg-XPnUs,2026-07-06,86,2,0
_ofTsPs9mT8,2026-07-06,2397,95,9
_wQMZfzqCAo,2026-07-06,1391,38,0
_xdmT6Ir4xk,2026-07-06,462,6,0
a1nrZ-A7vSg,2026-07-06,83,2,2
a4PcaVKyCko,2026-07-06,120,8,0
aLp96mNnYA8,2026-07-06,640,17,2
aoP5EPC9Skw,2026-07-06,540,12,1
b94_Fgq1uM0,2026-07-06,671,12,0
bOvsWX2Mgmg,2026-07-06,6548,46,2
bZgmdcD9THA,2026-07-06,2853,15,3
ci1hFXvOMjw,2026-07-06,7825,125,8
dHx1iSHHwx4,2026-07-06,1276,6,4
dbYadcZ2uOU,2026-07-06,47,2,0
ddB92jjDOVs,2026-07-06,34,2,0
dnLOQnSM8W8,2026-07-06,13,1,0
eO7e64yu3Kk,2026-07-06,6040,141,11
eVL3dw9BfPc,2026-07-06,63,3,0
eXfqUxzE0MY,2026-07-06,45,4,1
ecJm9JHj18g,2026-07-06,40,1,0
ee-gYMaH1Rk,2026-07-06,3090,8,1
f144Cg6EGxE,2026-07-06,1090,29,1
ffCLLOraLFA,2026-07-06,66,3,0
gKrXqZNAV1Y,2026-07-06,604,6,1
hhX0ynoT_mc,2026-07-06,48,0,0
hipquVDxH70,2026-07-06,1537,33,2
i6Cfsd0CP2g,2026-07-06,344,15,3
iMbfo-nXbOg,2026-07-06,75,3,0
iNyOOzX6lKk,2026-07-06,41,0,0
jJT2Pjgug7s,2026-07-06,177,5,0
jRm_0dohWB4,2026-07-06,2320,46,4
kJzw5JPC6AI,2026-07-06,4234,71,7
kPT8l-XKm8A,2026-07-06,1081,17,1
kegfG0chZHI,2026-07-06,53,2,0
lcOQNnj3lwQ,2026-07-06,403,7,0
lqwMXNy0ATk,2026-07-06,42,7,0
mTCodgOqy3A,2026-07-06,7,0,0
m_WT3mJ0J9E,2026-07-06,168,8,2
mdQHFYj09wg,2026-07-06,33,1,0
mj_b9_nxJfw,2026-07-06,1439,44,3
mqLksU5um3Q,2026-07-06,504,18,2
nAYXMoOpNsM,2026-07-06,68,1,0
nFQA-o7gZL4,2026-07-06,5,0,0
njqE2uGyysQ,2026-07-06,33,2,0
nziKRGItUbo,2026-07-06,34,0,0
o3fMDF3PGhM,2026-07-06,10642,207,13
oQ1nPp7viGs,2026-07-06,648,2,0
pHAb6YNGRl4,2026-07-06,46,5,0
pLRAticn7NU,2026-07-06,30,1,0
pcSv3TjR5ZQ,2026-07-06,11591,236,12
pqAswnET2XQ,2026-07-06,191,6,0
q0n48c-f4O8,2026-07-06,91,4,0
qr6ATPTgl20,2026-07-06,1809,64,4
qytf-g55XFE,2026-07-06,235,4,0
rSYSSOP3h2k,2026-07-06,471,7,0
rvVwrHtI4gQ,2026-07-06,35,3,0
sV8nczRvPAU,2026-07-06,76,2,2
t3jyABNSOno,2026-07-06,31,0,0
t4eZfB4XTHg,2026-07-06,66,1,0
t8grl_NIYPw,2026-07-06,139,2,0
tIxrQnDwvx4,2026-07-06,83,1,0
thQUAzH5d2o,2026-07-06,72,6,0
uN-yP7FwIN4,2026-07-06,1057,32,6
ue5vLsIijHs,2026-07-06,83,1,0
v1Qnd2Uxcjs,2026-07-06,87,2,0
v1lKqeiQFTI,2026-07-06,521,13,1
vBRiaP5NgVw,2026-07-06,52,0,0
vJXvL5i4OQY,2026-07-06,70,4,0
x1FB0zvtgOw,2026-07-06,222,4,1
xA--Kg9DtWM,2026-07-06,29,1,0
xB4ecIksJSY,2026-07-06,46,1,0
xJ05Nq48Zq4,2026-07-06,49,1,0
xic7AMpR4IM,2026-07-06,48,2,0
xsptE33QWNE,2026-07-06,7169,56,12
yZ8DSleduDs,2026-07-06,1053,20,1
y_rVPdd-RNY,2026-07-06,50,3,0
yiDhqGdxFPs,2026-07-06,556,15,2
yzvzl1LBXm0,2026-07-06,51,2,0
zT66rq7mEu4,2026-07-06,73,1,0
zToHhAif9Gw,2026-07-06,58,5,1
zcOZ0IEsXHc,2026-07-06,132,1,0
-W0cM6L62s8,2026-06-29,293,8,0
0VmI47XeOuE,2026-06-29,22,0,0
0i8W5wucIMc,2026-06-29,88,3,1
1-VRjF4aDgk,2026-06-29,132,6,0
1Hgmt97AkBw,2026-06-29,33,0,0
1ISPibwIVQA,2026-06-29,3545,23,1
1OxYQbmdW-Y,2026-06-29,1633,23,3
1eRuwnvwsPo,2026-06-29,69,1,0
2W7sPgGlNqo,2026-06-29,442,8,0
2eUOg1Vmt7Y,2026-06-29,2278,22,0
2s7evXo3BkI,2026-06-29,2873,70,2
46knscCk2Ic,2026-06-29,43,2,0
4JmKLgtmMBI,2026-06-29,21,0,0
4XgvRRtSUdg,2026-06-29,293,9,0
4aUW0262vu8,2026-06-29,70,2,0
4v5Vv8fsR-g,2026-06-29,41,2,0
5BEWVMsLsBo,2026-06-29,194,13,0
6QlUSg3-ivQ,2026-06-29,0,0,0
6lR81YOeNKs,2026-06-29,51,1,0
6mBufYO1YR8,2026-06-29,89,2,0
6rc09OdwHlk,2026-06-29,10496,129,2
7EhEb5ojYZw,2026-06-29,324,8,0
7beGTcu4wOY,2026-06-29,110,5,1
7bwkNrRpgw0,2026-06-29,29,2,0
7kTYy0cJ_EE,2026-06-29,36,0,0
7q20ukuXuN8,2026-06-29,1484,9,1
7sgJBBtJV3A,2026-06-29,125,6,0
8AMwesfk-DM,2026-06-29,110,5,0
8KfTQmLyYAY,2026-06-29,128,12,3
8_fVq-UewMc,2026-06-29,1479,74,2
9wkGoWLVjT8,2026-06-29,190,3,0
9xx1KaBQxVQ,2026-06-29,223,5,0
AARzy2sfqVw,2026-06-29,466,7,6
Aeue3yzSc4M,2026-06-29,75,4,1
AtGVhnK5jRo,2026-06-29,160,1,0
BQnwEe6r4Fg,2026-06-29,199,3,0
BUC65TLIGf8,2026-06-29,10788,224,6
CHz9g2LGYlo,2026-06-29,442,17,2
CrG-FruGb-k,2026-06-29,65,0,0
Cz9osSyqYXI,2026-06-29,79,4,0
DFETYUUNO18,2026-06-29,61,4,0
DPDmPO-JXe0,2026-06-29,91,3,0
DQlkV2DmA_M,2026-06-29,279,5,0
DWS8WsB2FgE,2026-06-29,37,1,1
Dc98c6LPQQE,2026-06-29,122,6,0
DebaxM_8EO0,2026-06-29,93,11,2
E6-cYClJn3Y,2026-06-29,87,5,0
EVkg5zFPcMs,2026-06-29,874,13,0
E_MeMkTfBsk,2026-06-29,50,3,0
FXk9SQvqFFs,2026-06-29,102,4,1
G0pKbjeeTMs,2026-06-29,9032,161,12
GLJffh1QDM4,2026-06-29,26,1,0
GSUn2ePNYsk,2026-06-29,38,1,0
Gcigj916zyE,2026-06-29,12,0,0
GgunOaMm_-g,2026-06-29,81,5,1
HDyKUodeuNw,2026-06-29,14,1,0
HvXbln87KY0,2026-06-29,9186,61,2
HyPyDdUy-Xk,2026-06-29,158,7,0
IAjVUpwzMGo,2026-06-29,13060,311,25
ICnRxj-bjJE,2026-06-29,439,9,0
IIT39Xomn94,2026-06-29,42,1,0
IQPxO_NmSJk,2026-06-29,2263,45,2
Ie-FqoNGqLA,2026-06-29,271,1,0
Im9z2T57eEw,2026-06-29,5408,44,3
J0GOADsEp4E,2026-06-29,88,2,0
JbwNhXjC16A,2026-06-29,102,2,0
K2jlyUL3zK8,2026-06-29,256,7,1
KpjJH-fdImI,2026-06-29,33,0,0
LDp0JP4L6YY,2026-06-29,1116,32,3
LXwH60B973Q,2026-06-29,39,1,0
Lox4HlSibXo,2026-06-29,49,2,0
M4Q186h3zHA,2026-06-29,93,5,2
MHxjAOrdxCU,2026-06-29,118,2,0
N-7O94hPplU,2026-06-29,39,2,0
N5qEWgYkGwk,2026-06-29,1185,26,9
NBrio9XsAto,2026-06-29,52,1,1
NMt3A12yjhg,2026-06-29,90,4,1
NQpnc4YfuQo,2026-06-29,116,4,0
NVwGmBS-wMw,2026-06-29,36,1,0
OTkdggNWv14,2026-06-29,155,3,0
OoG2Z1GdWQQ,2026-06-29,70,1,0
Oswa8OkiQPs,2026-06-29,76,3,0
OzgC7e3Eths,2026-06-29,25,1,0
P4--JGi1xH8,2026-06-29,37,2,0
PGZNyTVcZbI,2026-06-29,1417,39,2
PIOYkiA1qBw,2026-06-29,292,6,0
PLGbRoNcVL4,2026-06-29,54,2,0
PPTTWwot8uw,2026-06-29,74,6,0
Q275enpY7bY,2026-06-29,74,2,0
Q2KQ6SvIU4Q,2026-06-29,27,1,0
Q3olnvgueTQ,2026-06-29,499,8,2
Q6vUPD3f4bs,2026-06-29,362,10,0
Q7BvnpCsUAU,2026-06-29,76,5,1
QC05ysMl8oc,2026-06-29,656,8,1
QFg5SkPyiqQ,2026-06-29,28,0,0
Qc0HiH1iZ8U,2026-06-29,76,0,0
QueSk8MsubI,2026-06-29,243,7,2
R7hA1gBrsvQ,2026-06-29,36,2,0
RiYjYfMTGvw,2026-06-29,20,0,0
TGfUG__aOhw,2026-06-29,202,6,1
THxGW9huLRg,2026-06-29,66,4,0
TVlRs1BUsGM,2026-06-29,23,0,0
U92pTqhzxoQ,2026-06-29,67,3,0
UlDUQ9G0QHM,2026-06-29,37,1,0
Un9gEpkxsio,2026-06-29,25,0,0
V3pMWhj4lxQ,2026-06-29,38,1,0
VUPm0AxqTho,2026-06-29,6961,82,3
VgumMjYb89g,2026-06-29,77,2,1
VrvnwaTppAE,2026-06-29,122,3,0
W8clxC5S3dU,2026-06-29,680,8,0
X6JyQKV5d0E,2026-06-29,631,16,3
XEdE-i6as6I,2026-06-29,163,4,4
XHnA-a5rivU,2026-06-29,131,7,0
Xgk-fE4kDH4,2026-06-29,44,2,0
Xnd-Ygs7U3Y,2026-06-29,91,0,0
Y9dNljQTNe0,2026-06-29,33,0,0
YC6d_IxCfPo,2026-06-29,805,7,1
YDElIJ6jMrw,2026-06-29,75,2,0
YI0_i2mVva0,2026-06-29,297,10,1
YnFvHoWdvzs,2026-06-29,225,6,1
Z4Fo5F_mLuU,2026-06-29,100,1,0
ZWi_B_rqvt4,2026-06-29,62,0,0
ZgZVpp61cYY,2026-06-29,207,8,2
Zj6uiqMvFOU,2026-06-29,31,1,0
Zyg3scrypKQ,2026-06-29,60,3,1
_4lqZZO3ifA,2026-06-29,315,1,0
_VCX-MmBF_4,2026-06-29,3996,54,1
_cXvg-XPnUs,2026-06-29,85,2,0
_ofTsPs9mT8,2026-06-29,2390,95,9
_wQMZfzqCAo,2026-06-29,1382,38,0
a1nrZ-A7vSg,2026-06-29,83,2,2
a4PcaVKyCko,2026-06-29,120,8,0
aLp96mNnYA8,2026-06-29,635,17,2
aoP5EPC9Skw,2026-06-29,540,12,1
b94_Fgq1uM0,2026-06-29,671,12,0
bOvsWX2Mgmg,2026-06-29,6547,46,2
bZgmdcD9THA,2026-06-29,2838,15,3
ci1hFXvOMjw,2026-06-29,7823,125,8
dHx1iSHHwx4,2026-06-29,1270,6,4
dbYadcZ2uOU,2026-06-29,47,2,0
ddB92jjDOVs,2026-06-29,34,2,0
dnLOQnSM8W8,2026-06-29,13,1,0
eO7e64yu3Kk,2026-06-29,6037,141,11
eVL3dw9BfPc,2026-06-29,60,3,0
eXfqUxzE0MY,2026-06-29,5,1,0
ecJm9JHj18g,2026-06-29,40,1,0
ee-gYMaH1Rk,2026-06-29,3083,8,1
f144Cg6EGxE,2026-06-29,1057,28,1
ffCLLOraLFA,2026-06-29,66,3,0
gKrXqZNAV1Y,2026-06-29,604,6,1
hhX0ynoT_mc,2026-06-29,48,0,0
hipquVDxH70,2026-06-29,1537,33,2
i6Cfsd0CP2g,2026-06-29,340,15,3
iMbfo-nXbOg,2026-06-29,75,3,0
iNyOOzX6lKk,2026-06-29,41,0,0
jJT2Pjgug7s,2026-06-29,177,5,0
jRm_0dohWB4,2026-06-29,2319,46,4
kJzw5JPC6AI,2026-06-29,4231,71,7
kPT8l-XKm8A,2026-06-29,1078,17,1
kegfG0chZHI,2026-06-29,53,2,0
lcOQNnj3lwQ,2026-06-29,402,7,0
lqwMXNy0ATk,2026-06-29,9,5,0
m_WT3mJ0J9E,2026-06-29,166,8,2
mdQHFYj09wg,2026-06-29,33,1,0
mj_b9_nxJfw,2026-06-29,1434,44,3
mqLksU5um3Q,2026-06-29,504,18,2
nAYXMoOpNsM,2026-06-29,67,1,0
njqE2uGyysQ,2026-06-29,33,2,0
o3fMDF3PGhM,2026-06-29,10629,206,13
oQ1nPp7viGs,2026-06-29,647,2,0
pHAb6YNGRl4,2026-06-29,46,5,0
pLRAticn7NU,2026-06-29,30,1,0
pcSv3TjR5ZQ,2026-06-29,11589,236,12
pqAswnET2XQ,2026-06-29,188,6,0
q0n48c-f4O8,2026-06-29,90,4,0
qr6ATPTgl20,2026-06-29,1809,64,4
qytf-g55XFE,2026-06-29,234,4,0
rSYSSOP3h2k,2026-06-29,469,7,0
rvVwrHtI4gQ,2026-06-29,35,3,0
sV8nczRvPAU,2026-06-29,76,2,2
t3jyABNSOno,2026-06-29,31,0,0
t4eZfB4XTHg,2026-06-29,65,1,0
t8grl_NIYPw,2026-06-29,139,2,0
tIxrQnDwvx4,2026-06-29,82,1,0
thQUAzH5d2o,2026-06-29,72,6,0
uN-yP7FwIN4,2026-06-29,1036,32,6
ue5vLsIijHs,2026-06-29,82,1,0
v1Qnd2Uxcjs,2026-06-29,87,2,0
v1lKqeiQFTI,2026-06-29,516,13,1
vBRiaP5NgVw,2026-06-29,51,0,0
vJXvL5i4OQY,2026-06-29,67,3,0
x1FB0zvtgOw,2026-06-29,221,4,1
xA--Kg9DtWM,2026-06-29,29,1,0
xB4ecIksJSY,2026-06-29,46,1,0
xJ05Nq48Zq4,2026-06-29,49,1,0
xic7AMpR4IM,2026-06-29,48,2,0
xsptE33QWNE,2026-06-29,7164,56,12
yZ8DSleduDs,2026-06-29,1049,20,1
y_rVPdd-RNY,2026-06-29,50,3,0
yiDhqGdxFPs,2026-06-29,556,15,2
yzvzl1LBXm0,2026-06-29,50,2,0
zT66rq7mEu4,2026-06-29,73,1,0
zToHhAif9Gw,2026-06-29,58,5,1
zcOZ0IEsXHc,2026-06-29,126,1,0
-W0cM6L62s8,2026-05-11,293,8,0
0VmI47XeOuE,2026-05-11,22,0,0
0i8W5wucIMc,2026-05-11,70,2,1
1-VRjF4aDgk,2026-05-11,126,5,0
1Hgmt97AkBw,2026-05-11,31,0,0
1ISPibwIVQA,2026-05-11,3101,21,1
1OxYQbmdW-Y,2026-05-11,1626,23,3
1eRuwnvwsPo,2026-05-11,65,1,0
2W7sPgGlNqo,2026-05-11,416,7,0
2eUOg1Vmt7Y,2026-05-11,2238,22,0
2s7evXo3BkI,2026-05-11,2859,69,2
46knscCk2Ic,2026-05-11,43,2,0
4JmKLgtmMBI,2026-05-11,20,0,0
4XgvRRtSUdg,2026-05-11,284,9,0
4aUW0262vu8,2026-05-11,70,2,0
4v5Vv8fsR-g,2026-05-11,36,2,0
5BEWVMsLsBo,2026-05-11,193,13,0
6QlUSg3-ivQ,2026-05-11,0,0,0
6lR81YOeNKs,2026-05-11,50,1,0
6mBufYO1YR8,2026-05-11,84,2,0
6rc09OdwHlk,2026-05-11,10218,122,2
7EhEb5ojYZw,2026-05-11,302,7,0
7beGTcu4wOY,2026-05-11,109,5,1
7bwkNrRpgw0,2026-05-11,28,2,0
7kTYy0cJ_EE,2026-05-11,34,0,0
7q20ukuXuN8,2026-05-11,1328,9,1
7sgJBBtJV3A,2026-05-11,122,6,0
8AMwesfk-DM,2026-05-11,104,5,0
8_fVq-UewMc,2026-05-11,1455,74,2
9wkGoWLVjT8,2026-05-11,181,3,0
9xx1KaBQxVQ,2026-05-11,222,5,0
AARzy2sfqVw,2026-05-11,458,7,6
Aeue3yzSc4M,2026-05-11,74,4,1
AtGVhnK5jRo,2026-05-11,155,0,0
BQnwEe6r4Fg,2026-05-11,196,3,0
BUC65TLIGf8,2026-05-11,10497,218,6
C-lZzLmQrsw,2026-05-11,101,5,0
CHz9g2LGYlo,2026-05-11,432,17,2
CrG-FruGb-k,2026-05-11,62,0,0
Cz9osSyqYXI,2026-05-11,62,3,0
DFETYUUNO18,2026-05-11,60,4,0
DPDmPO-JXe0,2026-05-11,84,2,0
DQlkV2DmA_M,2026-05-11,241,4,0
DWS8WsB2FgE,2026-05-11,37,1,1
Dc98c6LPQQE,2026-05-11,107,6,0
DebaxM_8EO0,2026-05-11,85,10,2
E6-cYClJn3Y,2026-05-11,86,5,0
EVkg5zFPcMs,2026-05-11,856,12,0
E_MeMkTfBsk,2026-05-11,48,3,0
FXk9SQvqFFs,2026-05-11,95,4,1
G0pKbjeeTMs,2026-05-11,8971,160,12
GLJffh1QDM4,2026-05-11,25,1,0
Gcigj916zyE,2026-05-11,10,0,0
GgunOaMm_-g,2026-05-11,64,4,1
HDyKUodeuNw,2026-05-11,11,1,0
HvXbln87KY0,2026-05-11,9067,60,2
HyPyDdUy-Xk,2026-05-11,154,7,0
IAjVUpwzMGo,2026-05-11,12866,310,25
ICnRxj-bjJE,2026-05-11,438,9,0
IIT39Xomn94,2026-05-11,41,1,0
IQPxO_NmSJk,2026-05-11,2257,45,2
Ie-FqoNGqLA,2026-05-11,253,1,0
Im9z2T57eEw,2026-05-11,5362,43,3
J0GOADsEp4E,2026-05-11,85,2,0
JbwNhXjC16A,2026-05-11,100,2,0
K2jlyUL3zK8,2026-05-11,228,7,1
KpjJH-fdImI,2026-05-11,32,0,0
LDp0JP4L6YY,2026-05-11,981,28,3
LXwH60B973Q,2026-05-11,37,1,0
Lox4HlSibXo,2026-05-11,45,2,0
M4Q186h3zHA,2026-05-11,79,5,2
MHxjAOrdxCU,2026-05-11,108,0,0
N-7O94hPplU,2026-05-11,39,2,0
N5qEWgYkGwk,2026-05-11,1173,25,8
NBrio9XsAto,2026-05-11,48,1,1
NMt3A12yjhg,2026-05-11,90,4,1
NQpnc4YfuQo,2026-05-11,113,4,0
NVwGmBS-wMw,2026-05-11,36,1,0
OTkdggNWv14,2026-05-11,145,3,0
OoG2Z1GdWQQ,2026-05-11,66,1,0
Oswa8OkiQPs,2026-05-11,74,3,0
OzgC7e3Eths,2026-05-11,24,1,0
P4--JGi1xH8,2026-05-11,35,2,0
PGZNyTVcZbI,2026-05-11,1414,39,2
PIOYkiA1qBw,2026-05-11,288,6,0
PLGbRoNcVL4,2026-05-11,54,2,0
PPTTWwot8uw,2026-05-11,74,6,0
Q275enpY7bY,2026-05-11,68,2,0
Q3olnvgueTQ,2026-05-11,366,6,1
Q6vUPD3f4bs,2026-05-11,355,10,0
Q7BvnpCsUAU,2026-05-11,66,5,1
QC05ysMl8oc,2026-05-11,652,8,1
Qc0HiH1iZ8U,2026-05-11,75,0,0
QueSk8MsubI,2026-05-11,238,7,2
R7hA1gBrsvQ,2026-05-11,36,2,0
RiYjYfMTGvw,2026-05-11,20,0,0
TGfUG__aOhw,2026-05-11,197,6,1
THxGW9huLRg,2026-05-11,59,4,0
U92pTqhzxoQ,2026-05-11,64,3,0
UlDUQ9G0QHM,2026-05-11,36,1,0
V3pMWhj4lxQ,2026-05-11,37,1,0
VUPm0AxqTho,2026-05-11,6667,80,3
VgumMjYb89g,2026-05-11,72,2,1
VrvnwaTppAE,2026-05-11,115,3,0
W8clxC5S3dU,2026-05-11,674,8,0
X6JyQKV5d0E,2026-05-11,583,14,3
XEdE-i6as6I,2026-05-11,159,4,4
XHnA-a5rivU,2026-05-11,112,5,0
Xgk-fE4kDH4,2026-05-11,44,2,0
Xnd-Ygs7U3Y,2026-05-11,91,0,0
Y9dNljQTNe0,2026-05-11,33,0,0
YC6d_IxCfPo,2026-05-11,801,7,1
YDElIJ6jMrw,2026-05-11,70,2,0
YI0_i2mVva0,2026-05-11,293,10,1
YnFvHoWdvzs,2026-05-11,217,6,1
Z4Fo5F_mLuU,2026-05-11,99,1,0
ZWi_B_rqvt4,2026-05-11,58,0,0
ZgZVpp61cYY,2026-05-11,204,8,2
Zj6uiqMvFOU,2026-05-11,27,1,0
Zyg3scrypKQ,2026-05-11,57,3,1
_4lqZZO3ifA,2026-05-11,294,1,0
_VCX-MmBF_4,2026-05-11,3917,54,1
_cXvg-XPnUs,2026-05-11,74,2,0
_ofTsPs9mT8,2026-05-11,2332,93,9
_wQMZfzqCAo,2026-05-11,1344,38,0
a1nrZ-A7vSg,2026-05-11,79,2,2
a4PcaVKyCko,2026-05-11,119,8,0
aLp96mNnYA8,2026-05-11,554,13,1
aoP5EPC9Skw,2026-05-11,528,12,1
b94_Fgq1uM0,2026-05-11,667,12,0
bOvsWX2Mgmg,2026-05-11,6524,45,2
bZgmdcD9THA,2026-05-11,2633,15,3
ci1hFXvOMjw,2026-05-11,7774,124,8
dHx1iSHHwx4,2026-05-11,1212,6,4
dbYadcZ2uOU,2026-05-11,46,2,0
ddB92jjDOVs,2026-05-11,25,1,0
dnLOQnSM8W8,2026-05-11,13,1,0
eO7e64yu3Kk,2026-05-11,6014,140,11
eVL3dw9BfPc,2026-05-11,56,2,0
ecJm9JHj18g,2026-05-11,40,1,0
ee-gYMaH1Rk,2026-05-11,3029,8,1
f144Cg6EGxE,2026-05-11,773,20,1
ffCLLOraLFA,2026-05-11,59,2,0
gKrXqZNAV1Y,2026-05-11,591,6,1
hhX0ynoT_mc,2026-05-11,48,0,0
hipquVDxH70,2026-05-11,1530,33,2
i6Cfsd0CP2g,2026-05-11,262,13,3
iMbfo-nXbOg,2026-05-11,75,3,0
iNyOOzX6lKk,2026-05-11,41,0,0
jJT2Pjgug7s,2026-05-11,176,5,0
jRm_0dohWB4,2026-05-11,2298,46,4
kJzw5JPC6AI,2026-05-11,4127,68,7
kPT8l-XKm8A,2026-05-11,1059,17,1
kegfG0chZHI,2026-05-11,52,2,0
lcOQNnj3lwQ,2026-05-11,382,7,0
m_WT3mJ0J9E,2026-05-11,161,8,2
mdQHFYj09wg,2026-05-11,33,1,0
mj_b9_nxJfw,2026-05-11,1356,37,2
mqLksU5um3Q,2026-05-11,499,17,2
nAYXMoOpNsM,2026-05-11,66,1,0
njqE2uGyysQ,2026-05-11,31,2,0
o3fMDF3PGhM,2026-05-11,10472,201,13
oQ1nPp7viGs,2026-05-11,646,2,0
pHAb6YNGRl4,2026-05-11,42,4,0
pLRAticn7NU,2026-05-11,29,1,0
pcSv3TjR5ZQ,2026-05-11,11533,234,12
pqAswnET2XQ,2026-05-11,182,6,0
q0n48c-f4O8,2026-05-11,86,4,0
qr6ATPTgl20,2026-05-11,1808,64,4
qytf-g55XFE,2026-05-11,186,3,0
rSYSSOP3h2k,2026-05-11,457,7,0
rvVwrHtI4gQ,2026-05-11,35,3,0
sV8nczRvPAU,2026-05-11,67,1,2
t3jyABNSOno,2026-05-11,30,0,0
t4eZfB4XTHg,2026-05-11,61,1,0
t8grl_NIYPw,2026-05-11,139,2,0
tIxrQnDwvx4,2026-05-11,74,1,0
thQUAzH5d2o,2026-05-11,67,6,0
uN-yP7FwIN4,2026-05-11,873,26,6
ue5vLsIijHs,2026-05-11,79,1,0
v1Qnd2Uxcjs,2026-05-11,85,2,0
v1lKqeiQFTI,2026-05-11,498,12,1
vBRiaP5NgVw,2026-05-11,47,0,0
vJXvL5i4OQY,2026-05-11,59,2,0
x1FB0zvtgOw,2026-05-11,219,4,1
xB4ecIksJSY,2026-05-11,42,1,0
xJ05Nq48Zq4,2026-05-11,49,1,0
xic7AMpR4IM,2026-05-11,48,2,0
xsptE33QWNE,2026-05-11,7079,56,12
yZ8DSleduDs,2026-05-11,1023,20,1
y_rVPdd-RNY,2026-05-11,48,2,0
yiDhqGdxFPs,2026-05-11,551,14,2
yzvzl1LBXm0,2026-05-11,49,2,0
zT66rq7mEu4,2026-05-11,71,1,0
zToHhAif9Gw,2026-05-11,52,4,0
zcOZ0IEsXHc,2026-05-11,119,1,0
-W0cM6L62s8,2026-05-04,292,8,0
0VmI47XeOuE,2026-05-04,22,0,0
0i8W5wucIMc,2026-05-04,67,2,1
1-VRjF4aDgk,2026-05-04,122,5,0
1Hgmt97AkBw,2026-05-04,30,0,0
1ISPibwIVQA,2026-05-04,3058,22,1
1OxYQbmdW-Y,2026-05-04,1624,23,3
1eRuwnvwsPo,2026-05-04,63,1,0
2W7sPgGlNqo,2026-05-04,406,7,0
2eUOg1Vmt7Y,2026-05-04,2231,22,0
2s7evXo3BkI,2026-05-04,2856,69,2
46knscCk2Ic,2026-05-04,42,2,0
4JmKLgtmMBI,2026-05-04,18,0,0
4XgvRRtSUdg,2026-05-04,284,9,0
4aUW0262vu8,2026-05-04,69,2,0
4v5Vv8fsR-g,2026-05-04,34,2,0
5BEWVMsLsBo,2026-05-04,191,13,0
6QlUSg3-ivQ,2026-05-04,0,0,0
6lR81YOeNKs,2026-05-04,49,1,0
6mBufYO1YR8,2026-05-04,84,2,0
6rc09OdwHlk,2026-05-04,10169,122,2
7EhEb5ojYZw,2026-05-04,297,7,0
7beGTcu4wOY,2026-05-04,109,5,1
7bwkNrRpgw0,2026-05-04,28,2,0
7kTYy0cJ_EE,2026-05-04,33,0,0
7q20ukuXuN8,2026-05-04,1304,9,1
7sgJBBtJV3A,2026-05-04,121,6,0
8AMwesfk-DM,2026-05-04,102,5,0
8_fVq-UewMc,2026-05-04,1439,74,2
9wkGoWLVjT8,2026-05-04,176,3,0
9xx1KaBQxVQ,2026-05-04,221,5,0
AARzy2sfqVw,2026-05-04,458,7,6
Aeue3yzSc4M,2026-05-04,74,4,1
AtGVhnK5jRo,2026-05-04,154,0,0
BQnwEe6r4Fg,2026-05-04,191,2,0
BUC65TLIGf8,2026-05-04,10454,218,6
C-lZzLmQrsw,2026-05-04,101,5,0
CHz9g2LGYlo,2026-05-04,424,17,2
CrG-FruGb-k,2026-05-04,61,0,0
Cz9osSyqYXI,2026-05-04,61,3,0
DFETYUUNO18,2026-05-04,60,4,0
DPDmPO-JXe0,2026-05-04,84,2,0
DQlkV2DmA_M,2026-05-04,225,4,0
DWS8WsB2FgE,2026-05-04,36,1,1
Dc98c6LPQQE,2026-05-04,97,5,0
DebaxM_8EO0,2026-05-04,83,10,2
E6-cYClJn3Y,2026-05-04,82,5,0
EVkg5zFPcMs,2026-05-04,856,12,0
E_MeMkTfBsk,2026-05-04,47,3,0
FXk9SQvqFFs,2026-05-04,95,4,1
G0pKbjeeTMs,2026-05-04,8962,160,12
GLJffh1QDM4,2026-05-04,25,1,0
Gcigj916zyE,2026-05-04,10,0,0
GgunOaMm_-g,2026-05-04,64,4,1
HDyKUodeuNw,2026-05-04,11,1,0
HvXbln87KY0,2026-05-04,9044,60,2
HyPyDdUy-Xk,2026-05-04,149,7,0
IAjVUpwzMGo,2026-05-04,12834,309,25
ICnRxj-bjJE,2026-05-04,438,9,0
IIT39Xomn94,2026-05-04,39,1,0
IQPxO_NmSJk,2026-05-04,2254,45,2
Ie-FqoNGqLA,2026-05-04,252,1,0
Im9z2T57eEw,2026-05-04,5355,43,3
J0GOADsEp4E,2026-05-04,80,2,0
JbwNhXjC16A,2026-05-04,97,2,0
K2jlyUL3zK8,2026-05-04,223,6,1
KpjJH-fdImI,2026-05-04,31,0,0
LDp0JP4L6YY,2026-05-04,932,27,3
LXwH60B973Q,2026-05-04,35,1,0
Lox4HlSibXo,2026-05-04,44,2,0
M4Q186h3zHA,2026-05-04,78,5,2
MHxjAOrdxCU,2026-05-04,105,0,0
N-7O94hPplU,2026-05-04,39,2,0
N5qEWgYkGwk,2026-05-04,1173,25,8
NBrio9XsAto,2026-05-04,47,1,1
NMt3A12yjhg,2026-05-04,89,4,1
NQpnc4YfuQo,2026-05-04,112,4,0
NVwGmBS-wMw,2026-05-04,35,1,0
OTkdggNWv14,2026-05-04,142,3,0
OoG2Z1GdWQQ,2026-05-04,65,1,0
Oswa8OkiQPs,2026-05-04,72,3,0
OzgC7e3Eths,2026-05-04,24,1,0
P4--JGi1xH8,2026-05-04,34,2,0
PGZNyTVcZbI,2026-05-04,1411,39,2
PIOYkiA1qBw,2026-05-04,275,5,0
PLGbRoNcVL4,2026-05-04,53,2,0
PPTTWwot8uw,2026-05-04,74,6,0
Q275enpY7bY,2026-05-04,67,2,0
Q3olnvgueTQ,2026-05-04,332,6,1
Q6vUPD3f4bs,2026-05-04,350,10,0
Q7BvnpCsUAU,2026-05-04,63,5,1
QC05ysMl8oc,2026-05-04,652,8,1
Qc0HiH1iZ8U,2026-05-04,73,0,0
QueSk8MsubI,2026-05-04,238,7,2
R7hA1gBrsvQ,2026-05-04,35,2,0
RiYjYfMTGvw,2026-05-04,20,0,0
TGfUG__aOhw,2026-05-04,193,5,1
THxGW9huLRg,2026-05-04,58,4,0
U92pTqhzxoQ,2026-05-04,62,3,0
UlDUQ9G0QHM,2026-05-04,35,1,0
V3pMWhj4lxQ,2026-05-04,37,1,0
VUPm0AxqTho,2026-05-04,6611,80,3
VgumMjYb89g,2026-05-04,72,2,1
VrvnwaTppAE,2026-05-04,113,3,0
W8clxC5S3dU,2026-05-04,673,8,0
X6JyQKV5d0E,2026-05-04,548,13,3
XEdE-i6as6I,2026-05-04,158,4,4
XHnA-a5rivU,2026-05-04,110,5,0
Xgk-fE4kDH4,2026-05-04,44,2,0
Xnd-Ygs7U3Y,2026-05-04,89,0,0
Y9dNljQTNe0,2026-05-04,33,0,0
YC6d_IxCfPo,2026-05-04,801,7,1
YDElIJ6jMrw,2026-05-04,69,2,0
YI0_i2mVva0,2026-05-04,292,10,1
YnFvHoWdvzs,2026-05-04,208,5,1
Z4Fo5F_mLuU,2026-05-04,92,1,0
ZWi_B_rqvt4,2026-05-04,57,0,0
ZgZVpp61cYY,2026-05-04,203,8,2
Zj6uiqMvFOU,2026-05-04,27,1,0
Zyg3scrypKQ,2026-05-04,57,3,1
_4lqZZO3ifA,2026-05-04,293,1,0
_VCX-MmBF_4,2026-05-04,3908,54,1
_cXvg-XPnUs,2026-05-04,73,2,0
_ofTsPs9mT8,2026-05-04,2316,92,9
_wQMZfzqCAo,2026-05-04,1342,38,0
a1nrZ-A7vSg,2026-05-04,77,2,2
a4PcaVKyCko,2026-05-04,118,8,0
aLp96mNnYA8,2026-05-04,532,12,1
aoP5EPC9Skw,2026-05-04,524,12,1
b94_Fgq1uM0,2026-05-04,667,12,0
bOvsWX2Mgmg,2026-05-04,6522,45,2
bZgmdcD9THA,2026-05-04,2597,15,3
ci1hFXvOMjw,2026-05-04,7766,124,8
dHx1iSHHwx4,2026-05-04,1208,6,4
dbYadcZ2uOU,2026-05-04,46,2,0
ddB92jjDOVs,2026-05-04,25,1,0
dnLOQnSM8W8,2026-05-04,13,1,0
eO7e64yu3Kk,2026-05-04,6010,140,11
eVL3dw9BfPc,2026-05-04,55,2,0
ecJm9JHj18g,2026-05-04,40,1,0
ee-gYMaH1Rk,2026-05-04,3025,8,1
f144Cg6EGxE,2026-05-04,710,20,1
ffCLLOraLFA,2026-05-04,58,2,0
gKrXqZNAV1Y,2026-05-04,591,6,1
hhX0ynoT_mc,2026-05-04,47,0,0
hipquVDxH70,2026-05-04,1528,33,2
i6Cfsd0CP2g,2026-05-04,233,12,3
iMbfo-nXbOg,2026-05-04,75,3,0
iNyOOzX6lKk,2026-05-04,39,0,0
jJT2Pjgug7s,2026-05-04,176,5,0
jRm_0dohWB4,2026-05-04,2298,46,4
kJzw5JPC6AI,2026-05-04,4106,68,7
kPT8l-XKm8A,2026-05-04,1053,17,1
kegfG0chZHI,2026-05-04,51,2,0
lcOQNnj3lwQ,2026-05-04,381,7,0
m_WT3mJ0J9E,2026-05-04,158,7,2
mdQHFYj09wg,2026-05-04,33,1,0
mj_b9_nxJfw,2026-05-04,1310,36,2
mqLksU5um3Q,2026-05-04,488,17,2
nAYXMoOpNsM,2026-05-04,65,1,0
njqE2uGyysQ,2026-05-04,31,2,0
o3fMDF3PGhM,2026-05-04,10451,201,13
oQ1nPp7viGs,2026-05-04,646,2,0
pHAb6YNGRl4,2026-05-04,41,4,0
pLRAticn7NU,2026-05-04,29,1,0
pcSv3TjR5ZQ,2026-05-04,11516,234,12
pqAswnET2XQ,2026-05-04,179,6,0
q0n48c-f4O8,2026-05-04,85,4,0
qr6ATPTgl20,2026-05-04,1807,64,4
qytf-g55XFE,2026-05-04,171,3,0
rSYSSOP3h2k,2026-05-04,453,7,0
rvVwrHtI4gQ,2026-05-04,32,3,0
sV8nczRvPAU,2026-05-04,65,1,2
t3jyABNSOno,2026-05-04,30,0,0
t4eZfB4XTHg,2026-05-04,60,1,0
t8grl_NIYPw,2026-05-04,136,2,0
tIxrQnDwvx4,2026-05-04,71,1,0
thQUAzH5d2o,2026-05-04,67,6,0
uN-yP7FwIN4,2026-05-04,849,25,6
ue5vLsIijHs,2026-05-04,78,1,0
v1Qnd2Uxcjs,2026-05-04,84,2,0
v1lKqeiQFTI,2026-05-04,479,11,1
vBRiaP5NgVw,2026-05-04,45,0,0
vJXvL5i4OQY,2026-05-04,58,2,0
x1FB0zvtgOw,2026-05-04,215,4,1
xB4ecIksJSY,2026-05-04,42,1,0
xJ05Nq48Zq4,2026-05-04,48,1,0
xic7AMpR4IM,2026-05-04,47,2,0
xsptE33QWNE,2026-05-04,7068,56,12
yZ8DSleduDs,2026-05-04,1016,20,1
y_rVPdd-RNY,2026-05-04,45,2,0
yiDhqGdxFPs,2026-05-04,550,14,2
yzvzl1LBXm0,2026-05-04,48,2,0
zT66rq7mEu4,2026-05-04,70,1,0
zToHhAif9Gw,2026-05-04,51,3,0
zcOZ0IEsXHc,2026-05-04,115,1,0
-W0cM6L62s8,2026-04-27,292,8,0
0VmI47XeOuE,2026-04-27,22,0,0
0i8W5wucIMc,2026-04-27,62,2,1
1-VRjF4aDgk,2026-04-27,117,5,0
1Hgmt97AkBw,2026-04-27,29,0,0
1ISPibwIVQA,2026-04-27,2982,22,1
1OxYQbmdW-Y,2026-04-27,1617,23,3
1eRuwnvwsPo,2026-04-27,62,1,0
2W7sPgGlNqo,2026-04-27,405,7,0
2eUOg1Vmt7Y,2026-04-27,2227,22,0
2s7evXo3BkI,2026-04-27,2842,69,2
46knscCk2Ic,2026-04-27,39,2,0
4JmKLgtmMBI,2026-04-27,17,0,0
4XgvRRtSUdg,2026-04-27,284,9,0
4aUW0262vu8,2026-04-27,69,2,0
4v5Vv8fsR-g,2026-04-27,28,2,0
5BEWVMsLsBo,2026-04-27,191,13,0
6QlUSg3-ivQ,2026-04-27,0,0,0
6lR81YOeNKs,2026-04-27,49,1,0
6mBufYO1YR8,2026-04-27,84,2,0
6rc09OdwHlk,2026-04-27,10121,121,2
7EhEb5ojYZw,2026-04-27,294,7,0
7beGTcu4wOY,2026-04-27,109,5,1
7bwkNrRpgw0,2026-04-27,28,2,0
7kTYy0cJ_EE,2026-04-27,32,0,0
7q20ukuXuN8,2026-04-27,1285,9,1
7sgJBBtJV3A,2026-04-27,118,6,0
8AMwesfk-DM,2026-04-27,95,5,0
8_fVq-UewMc,2026-04-27,1427,74,2
9wkGoWLVjT8,2026-04-27,172,3,0
9xx1KaBQxVQ,2026-04-27,220,5,0
AARzy2sfqVw,2026-04-27,458,7,6
Aeue3yzSc4M,2026-04-27,74,4,1
AtGVhnK5jRo,2026-04-27,154,0,0
BQnwEe6r4Fg,2026-04-27,185,2,0
BUC65TLIGf8,2026-04-27,10404,218,6
C-lZzLmQrsw,2026-04-27,101,5,0
CHz9g2LGYlo,2026-04-27,419,17,2
CrG-FruGb-k,2026-04-27,59,0,0
Cz9osSyqYXI,2026-04-27,56,3,0
DFETYUUNO18,2026-04-27,60,4,0
DPDmPO-JXe0,2026-04-27,84,2,0
DQlkV2DmA_M,2026-04-27,215,4,0
DWS8WsB2FgE,2026-04-27,36,1,1
Dc98c6LPQQE,2026-04-27,94,5,0
DebaxM_8EO0,2026-04-27,81,10,2
E6-cYClJn3Y,2026-04-27,81,5,0
EVkg5zFPcMs,2026-04-27,853,11,0
E_MeMkTfBsk,2026-04-27,47,3,0
FXk9SQvqFFs,2026-04-27,95,4,1
G0pKbjeeTMs,2026-04-27,8948,160,12
GLJffh1QDM4,2026-04-27,24,1,0
Gcigj916zyE,2026-04-27,8,0,0
GgunOaMm_-g,2026-04-27,62,4,1
HDyKUodeuNw,2026-04-27,11,1,0
HvXbln87KY0,2026-04-27,9025,60,2
HyPyDdUy-Xk,2026-04-27,143,7,0
IAjVUpwzMGo,2026-04-27,12807,309,25
ICnRxj-bjJE,2026-04-27,438,9,0
IIT39Xomn94,2026-04-27,38,1,0
IQPxO_NmSJk,2026-04-27,2251,45,2
Ie-FqoNGqLA,2026-04-27,249,1,0
Im9z2T57eEw,2026-04-27,5343,43,3
J0GOADsEp4E,2026-04-27,70,2,0
JbwNhXjC16A,2026-04-27,94,2,0
K2jlyUL3zK8,2026-04-27,215,6,1
KpjJH-fdImI,2026-04-27,31,0,0
LDp0JP4L6YY,2026-04-27,899,26,3
LXwH60B973Q,2026-04-27,33,1,0
Lox4HlSibXo,2026-04-27,43,2,0
M4Q186h3zHA,2026-04-27,77,5,2
MHxjAOrdxCU,2026-04-27,102,0,0
N-7O94hPplU,2026-04-27,36,2,0
N5qEWgYkGwk,2026-04-27,1171,25,8
NBrio9XsAto,2026-04-27,46,1,1
NMt3A12yjhg,2026-04-27,86,4,1
NQpnc4YfuQo,2026-04-27,111,4,0
NVwGmBS-wMw,2026-04-27,35,1,0
OTkdggNWv14,2026-04-27,138,3,0
OoG2Z1GdWQQ,2026-04-27,62,1,0
Oswa8OkiQPs,2026-04-27,71,3,0
OzgC7e3Eths,2026-04-27,23,1,0
P4--JGi1xH8,2026-04-27,34,2,0
PGZNyTVcZbI,2026-04-27,1410,39,2
PIOYkiA1qBw,2026-04-27,267,5,0
PLGbRoNcVL4,2026-04-27,53,2,0
PPTTWwot8uw,2026-04-27,74,6,0
Q275enpY7bY,2026-04-27,66,2,0
Q3olnvgueTQ,2026-04-27,307,5,1
Q6vUPD3f4bs,2026-04-27,347,10,0
Q7BvnpCsUAU,2026-04-27,59,5,1
QC05ysMl8oc,2026-04-27,650,8,1
Qc0HiH1iZ8U,2026-04-27,72,0,0
QueSk8MsubI,2026-04-27,238,7,2
R7hA1gBrsvQ,2026-04-27,35,2,0
RiYjYfMTGvw,2026-04-27,20,0,0
TGfUG__aOhw,2026-04-27,186,5,1
THxGW9huLRg,2026-04-27,57,4,0
U92pTqhzxoQ,2026-04-27,62,3,0
UlDUQ9G0QHM,2026-04-27,35,1,0
V3pMWhj4lxQ,2026-04-27,37,1,0
VUPm0AxqTho,2026-04-27,6538,78,3
VgumMjYb89g,2026-04-27,72,2,1
VrvnwaTppAE,2026-04-27,110,3,0
W8clxC5S3dU,2026-04-27,669,8,0
X6JyQKV5d0E,2026-04-27,529,13,3
XEdE-i6as6I,2026-04-27,150,4,4
XHnA-a5rivU,2026-04-27,107,5,0
Xgk-fE4kDH4,2026-04-27,44,2,0
Xnd-Ygs7U3Y,2026-04-27,88,0,0
Y9dNljQTNe0,2026-04-27,33,0,0
YC6d_IxCfPo,2026-04-27,801,7,1
YDElIJ6jMrw,2026-04-27,68,2,0
YI0_i2mVva0,2026-04-27,291,10,1
YnFvHoWdvzs,2026-04-27,204,5,1
Z4Fo5F_mLuU,2026-04-27,85,1,0
ZWi_B_rqvt4,2026-04-27,56,0,0
ZgZVpp61cYY,2026-04-27,203,8,2
Zj6uiqMvFOU,2026-04-27,25,1,0
Zyg3scrypKQ,2026-04-27,57,3,1
_4lqZZO3ifA,2026-04-27,292,1,0
_VCX-MmBF_4,2026-04-27,3902,54,1
_cXvg-XPnUs,2026-04-27,67,2,0
_ofTsPs9mT8,2026-04-27,2307,92,9
_wQMZfzqCAo,2026-04-27,1339,38,0
a1nrZ-A7vSg,2026-04-27,76,2,2
a4PcaVKyCko,2026-04-27,112,8,0
aLp96mNnYA8,2026-04-27,517,12,1
aoP5EPC9Skw,2026-04-27,523,12,1
b94_Fgq1uM0,2026-04-27,667,12,0
bOvsWX2Mgmg,2026-04-27,6515,45,2
bZgmdcD9THA,2026-04-27,2556,15,3
ci1hFXvOMjw,2026-04-27,7758,124,8
dHx1iSHHwx4,2026-04-27,1205,6,4
dbYadcZ2uOU,2026-04-27,42,2,0
ddB92jjDOVs,2026-04-27,23,1,0
dnLOQnSM8W8,2026-04-27,13,1,0
eO7e64yu3Kk,2026-04-27,6004,140,11
eVL3dw9BfPc,2026-04-27,55,2,0
ecJm9JHj18g,2026-04-27,39,1,0
ee-gYMaH1Rk,2026-04-27,3014,8,1
f144Cg6EGxE,2026-04-27,657,20,1
ffCLLOraLFA,2026-04-27,53,2,0
gKrXqZNAV1Y,2026-04-27,591,6,1
hhX0ynoT_mc,2026-04-27,44,0,0
hipquVDxH70,2026-04-27,1522,33,2
i6Cfsd0CP2g,2026-04-27,218,12,3
iMbfo-nXbOg,2026-04-27,75,3,0
iNyOOzX6lKk,2026-04-27,38,0,0
jJT2Pjgug7s,2026-04-27,176,5,0
jRm_0dohWB4,2026-04-27,2297,46,4
kJzw5JPC6AI,2026-04-27,4088,68,7
kPT8l-XKm8A,2026-04-27,1040,17,1
kegfG0chZHI,2026-04-27,50,2,0
lcOQNnj3lwQ,2026-04-27,378,7,0
m_WT3mJ0J9E,2026-04-27,153,7,2
mdQHFYj09wg,2026-04-27,33,1,0
mj_b9_nxJfw,2026-04-27,1275,36,2
mqLksU5um3Q,2026-04-27,487,17,2
nAYXMoOpNsM,2026-04-27,65,1,0
njqE2uGyysQ,2026-04-27,29,2,0
o3fMDF3PGhM,2026-04-27,10417,201,13
oQ1nPp7viGs,2026-04-27,646,2,0
pHAb6YNGRl4,2026-04-27,40,4,0
pLRAticn7NU,2026-04-27,28,1,0
pcSv3TjR5ZQ,2026-04-27,11506,233,12
pqAswnET2XQ,2026-04-27,172,6,0
q0n48c-f4O8,2026-04-27,83,4,0
qr6ATPTgl20,2026-04-27,1800,64,4
qytf-g55XFE,2026-04-27,166,3,0
rSYSSOP3h2k,2026-04-27,448,7,0
rvVwrHtI4gQ,2026-04-27,30,3,0
sV8nczRvPAU,2026-04-27,65,1,2
t3jyABNSOno,2026-04-27,29,0,0
t4eZfB4XTHg,2026-04-27,58,1,0
t8grl_NIYPw,2026-04-27,135,2,0
tIxrQnDwvx4,2026-04-27,70,1,0
thQUAzH5d2o,2026-04-27,66,6,0
uN-yP7FwIN4,2026-04-27,824,25,6
ue5vLsIijHs,2026-04-27,75,1,0
v1Qnd2Uxcjs,2026-04-27,84,2,0
v1lKqeiQFTI,2026-04-27,472,11,1
vBRiaP5NgVw,2026-04-27,44,0,0
vJXvL5i4OQY,2026-04-27,58,2,0
x1FB0zvtgOw,2026-04-27,214,4,1
xB4ecIksJSY,2026-04-27,41,1,0
xJ05Nq48Zq4,2026-04-27,48,1,0
xic7AMpR4IM,2026-04-27,46,2,0
xsptE33QWNE,2026-04-27,7062,56,12
yZ8DSleduDs,2026-04-27,1013,20,1
y_rVPdd-RNY,2026-04-27,43,2,0
yiDhqGdxFPs,2026-04-27,549,14,2
yzvzl1LBXm0,2026-04-27,48,2,0
zT66rq7mEu4,2026-04-27,69,1,0
zToHhAif9Gw,2026-04-27,47,3,0
zcOZ0IEsXHc,2026-04-27,108,1,0
-W0cM6L62s8,2026-04-20,292,8,0
0VmI47XeOuE,2026-04-20,22,0,0
0i8W5wucIMc,2026-04-20,62,2,1
1-VRjF4aDgk,2026-04-20,117,5,0
1Hgmt97AkBw,2026-04-20,28,0,0
1ISPibwIVQA,2026-04-20,2859,21,1
1OxYQbmdW-Y,2026-04-20,1617,23,3
1eRuwnvwsPo,2026-04-20,59,1,0
2W7sPgGlNqo,2026-04-20,399,7,0
2eUOg1Vmt7Y,2026-04-20,2218,22,0
2s7evXo3BkI,2026-04-20,2840,69,2
46knscCk2Ic,2026-04-20,39,2,0
4JmKLgtmMBI,2026-04-20,17,0,0
4XgvRRtSUdg,2026-04-20,281,9,0
4aUW0262vu8,2026-04-20,69,2,0
4v5Vv8fsR-g,2026-04-20,28,2,0
5BEWVMsLsBo,2026-04-20,190,13,0
6QlUSg3-ivQ,2026-04-20,0,0,0
6lR81YOeNKs,2026-04-20,48,1,0
6mBufYO1YR8,2026-04-20,84,2,0
6rc09OdwHlk,2026-04-20,10084,121,2
7EhEb5ojYZw,2026-04-20,288,7,0
7beGTcu4wOY,2026-04-20,109,5,1
7bwkNrRpgw0,2026-04-20,27,2,0
7kTYy0cJ_EE,2026-04-20,31,0,0
7q20ukuXuN8,2026-04-20,1258,9,1
7sgJBBtJV3A,2026-04-20,118,6,0
8AMwesfk-DM,2026-04-20,94,5,0
8_fVq-UewMc,2026-04-20,1420,74,2
9wkGoWLVjT8,2026-04-20,169,3,0
9xx1KaBQxVQ,2026-04-20,219,5,0
AARzy2sfqVw,2026-04-20,455,7,6
Aeue3yzSc4M,2026-04-20,74,4,1
AtGVhnK5jRo,2026-04-20,154,0,0
BQnwEe6r4Fg,2026-04-20,176,2,0
BUC65TLIGf8,2026-04-20,10343,217,6
C-lZzLmQrsw,2026-04-20,101,5,0
CHz9g2LGYlo,2026-04-20,410,16,2
CrG-FruGb-k,2026-04-20,58,0,0
Cz9osSyqYXI,2026-04-20,52,2,0
DFETYUUNO18,2026-04-20,60,4,0
DPDmPO-JXe0,2026-04-20,84,2,0
DQlkV2DmA_M,2026-04-20,206,4,0
DWS8WsB2FgE,2026-04-20,34,1,1
Dc98c6LPQQE,2026-04-20,90,5,0
DebaxM_8EO0,2026-04-20,79,10,2
E6-cYClJn3Y,2026-04-20,80,5,0
EVkg5zFPcMs,2026-04-20,851,11,0
E_MeMkTfBsk,2026-04-20,47,3,0
FXk9SQvqFFs,2026-04-20,95,4,1
G0pKbjeeTMs,2026-04-20,8938,159,12
GLJffh1QDM4,2026-04-20,24,1,0
Gcigj916zyE,2026-04-20,8,0,0
GgunOaMm_-g,2026-04-20,56,2,1
HDyKUodeuNw,2026-04-20,11,1,0
HvXbln87KY0,2026-04-20,9007,60,2
HyPyDdUy-Xk,2026-04-20,143,7,0
IAjVUpwzMGo,2026-04-20,12772,309,25
ICnRxj-bjJE,2026-04-20,438,9,0
IIT39Xomn94,2026-04-20,38,1,0
IQPxO_NmSJk,2026-04-20,2249,45,2
Ie-FqoNGqLA,2026-04-20,247,1,0
Im9z2T57eEw,2026-04-20,5330,43,3
J0GOADsEp4E,2026-04-20,70,2,0
JbwNhXjC16A,2026-04-20,92,2,0
K2jlyUL3zK8,2026-04-20,204,6,1
KpjJH-fdImI,2026-04-20,30,0,0
LDp0JP4L6YY,2026-04-20,854,26,3
LXwH60B973Q,2026-04-20,31,1,0
Lox4HlSibXo,2026-04-20,43,2,0
M4Q186h3zHA,2026-04-20,71,3,2
MHxjAOrdxCU,2026-04-20,97,0,0
N-7O94hPplU,2026-04-20,33,2,0
N5qEWgYkGwk,2026-04-20,1170,25,8
NBrio9XsAto,2026-04-20,45,1,1
NMt3A12yjhg,2026-04-20,86,4,1
NQpnc4YfuQo,2026-04-20,111,4,0
NVwGmBS-wMw,2026-04-20,34,1,0
OTkdggNWv14,2026-04-20,134,3,0
OoG2Z1GdWQQ,2026-04-20,62,1,0
Oswa8OkiQPs,2026-04-20,71,3,0
OzgC7e3Eths,2026-04-20,23,1,0
P4--JGi1xH8,2026-04-20,33,2,0
PGZNyTVcZbI,2026-04-20,1410,39,2
PIOYkiA1qBw,2026-04-20,257,5,0
PLGbRoNcVL4,2026-04-20,52,2,0
PPTTWwot8uw,2026-04-20,74,6,0
Q275enpY7bY,2026-04-20,66,2,0
Q3olnvgueTQ,2026-04-20,282,4,0
Q6vUPD3f4bs,2026-04-20,347,10,0
Q7BvnpCsUAU,2026-04-20,50,4,0
QC05ysMl8oc,2026-04-20,643,8,1
Qc0HiH1iZ8U,2026-04-20,72,0,0
QueSk8MsubI,2026-04-20,237,7,2
R7hA1gBrsvQ,2026-04-20,35,2,0
RiYjYfMTGvw,2026-04-20,20,0,0
TGfUG__aOhw,2026-04-20,180,5,1
THxGW9huLRg,2026-04-20,56,4,0
U92pTqhzxoQ,2026-04-20,62,3,0
UlDUQ9G0QHM,2026-04-20,35,1,0
V3pMWhj4lxQ,2026-04-20,37,1,0
VUPm0AxqTho,2026-04-20,6473,78,3
VgumMjYb89g,2026-04-20,72,2,1
VrvnwaTppAE,2026-04-20,106,2,0
W8clxC5S3dU,2026-04-20,668,8,0
X6JyQKV5d0E,2026-04-20,509,13,3
XEdE-i6as6I,2026-04-20,146,4,4
XHnA-a5rivU,2026-04-20,98,2,0
Xgk-fE4kDH4,2026-04-20,44,2,0
Xnd-Ygs7U3Y,2026-04-20,88,0,0
Y9dNljQTNe0,2026-04-20,33,0,0
YC6d_IxCfPo,2026-04-20,799,7,1
YDElIJ6jMrw,2026-04-20,68,2,0
YI0_i2mVva0,2026-04-20,290,10,1
YnFvHoWdvzs,2026-04-20,197,5,1
Z4Fo5F_mLuU,2026-04-20,82,0,0
ZWi_B_rqvt4,2026-04-20,56,0,0
ZgZVpp61cYY,2026-04-20,203,8,2
Zj6uiqMvFOU,2026-04-20,24,1,0
Zyg3scrypKQ,2026-04-20,56,3,1
_4lqZZO3ifA,2026-04-20,286,1,0
_VCX-MmBF_4,2026-04-20,3891,54,1
_cXvg-XPnUs,2026-04-20,65,1,0
_ofTsPs9mT8,2026-04-20,2299,92,9
_wQMZfzqCAo,2026-04-20,1297,38,0
a1nrZ-A7vSg,2026-04-20,75,2,2
a4PcaVKyCko,2026-04-20,110,8,0
aLp96mNnYA8,2026-04-20,494,12,1
aoP5EPC9Skw,2026-04-20,521,12,1
b94_Fgq1uM0,2026-04-20,665,12,0
bOvsWX2Mgmg,2026-04-20,6514,45,2
bZgmdcD9THA,2026-04-20,2529,14,3
ci1hFXvOMjw,2026-04-20,7751,124,8
dHx1iSHHwx4,2026-04-20,1196,6,4
dbYadcZ2uOU,2026-04-20,40,1,0
ddB92jjDOVs,2026-04-20,23,1,0
dnLOQnSM8W8,2026-04-20,13,1,0
eO7e64yu3Kk,2026-04-20,5999,140,11
eVL3dw9BfPc,2026-04-20,55,2,0
ecJm9JHj18g,2026-04-20,39,1,0
ee-gYMaH1Rk,2026-04-20,3013,8,1
f144Cg6EGxE,2026-04-20,596,19,1
ffCLLOraLFA,2026-04-20,53,2,0
gKrXqZNAV1Y,2026-04-20,587,6,1
hhX0ynoT_mc,2026-04-20,44,0,0
hipquVDxH70,2026-04-20,1517,33,2
i6Cfsd0CP2g,2026-04-20,199,11,3
iMbfo-nXbOg,2026-04-20,75,3,0
iNyOOzX6lKk,2026-04-20,38,0,0
jJT2Pjgug7s,2026-04-20,176,5,0
jRm_0dohWB4,2026-04-20,2293,45,4
kJzw5JPC6AI,2026-04-20,4031,68,7
kPT8l-XKm8A,2026-04-20,1033,17,1
kegfG0chZHI,2026-04-20,50,2,0
lcOQNnj3lwQ,2026-04-20,374,7,0
m_WT3mJ0J9E,2026-04-20,143,7,2
mdQHFYj09wg,2026-04-20,33,1,0
mj_b9_nxJfw,2026-04-20,1241,36,2
mqLksU5um3Q,2026-04-20,486,17,2
nAYXMoOpNsM,2026-04-20,65,1,0
njqE2uGyysQ,2026-04-20,29,2,0
o3fMDF3PGhM,2026-04-20,10387,200,13
oQ1nPp7viGs,2026-04-20,646,2,0
pHAb6YNGRl4,2026-04-20,40,4,0
pLRAticn7NU,2026-04-20,28,1,0
pcSv3TjR5ZQ,2026-04-20,11491,233,12
pqAswnET2XQ,2026-04-20,171,6,0
q0n48c-f4O8,2026-04-20,80,3,0
qr6ATPTgl20,2026-04-20,1800,64,4
qytf-g55XFE,2026-04-20,156,3,0
rSYSSOP3h2k,2026-04-20,443,7,0
rvVwrHtI4gQ,2026-04-20,30,3,0
sV8nczRvPAU,2026-04-20,64,1,2
t3jyABNSOno,2026-04-20,29,0,0
t4eZfB4XTHg,2026-04-20,57,1,0
t8grl_NIYPw,2026-04-20,135,2,0
tIxrQnDwvx4,2026-04-20,68,1,0
thQUAzH5d2o,2026-04-20,57,5,0
uN-yP7FwIN4,2026-04-20,795,24,6
ue5vLsIijHs,2026-04-20,73,1,0
v1Qnd2Uxcjs,2026-04-20,84,2,0
v1lKqeiQFTI,2026-04-20,457,11,1
vBRiaP5NgVw,2026-04-20,44,0,0
vJXvL5i4OQY,2026-04-20,58,2,0
x1FB0zvtgOw,2026-04-20,214,4,1
xB4ecIksJSY,2026-04-20,40,1,0
xJ05Nq48Zq4,2026-04-20,47,1,0
xic7AMpR4IM,2026-04-20,45,2,0
xsptE33QWNE,2026-04-20,7054,56,12
yZ8DSleduDs,2026-04-20,999,20,1
y_rVPdd-RNY,2026-04-20,43,2,0
yiDhqGdxFPs,2026-04-20,548,14,2
yzvzl1LBXm0,2026-04-20,48,2,0
zT66rq7mEu4,2026-04-20,69,1,0
zToHhAif9Gw,2026-04-20,45,2,0
zcOZ0IEsXHc,2026-04-20,104,1,0
-W0cM6L62s8,2026-04-13,292,8,0
0VmI47XeOuE,2026-04-13,22,0,0
0i8W5wucIMc,2026-04-13,62,2,1
1-VRjF4aDgk,2026-04-13,116,5,0
1Hgmt97AkBw,2026-04-13,27,0,0
1ISPibwIVQA,2026-04-13,2757,21,1
1OxYQbmdW-Y,2026-04-13,1614,23,3
1eRuwnvwsPo,2026-04-13,55,1,0
2W7sPgGlNqo,2026-04-13,397,7,0
2eUOg1Vmt7Y,2026-04-13,2209,22,0
2s7evXo3BkI,2026-04-13,2837,69,2
46knscCk2Ic,2026-04-13,39,2,0
4JmKLgtmMBI,2026-04-13,17,0,0
4XgvRRtSUdg,2026-04-13,281,9,0
4aUW0262vu8,2026-04-13,68,2,0
4v5Vv8fsR-g,2026-04-13,28,2,0
5BEWVMsLsBo,2026-04-13,189,13,0
6QlUSg3-ivQ,2026-04-13,0,0,0
6lR81YOeNKs,2026-04-13,48,1,0
6mBufYO1YR8,2026-04-13,84,2,0
6rc09OdwHlk,2026-04-13,10044,121,2
7EhEb5ojYZw,2026-04-13,288,7,0
7beGTcu4wOY,2026-04-13,109,5,1
7bwkNrRpgw0,2026-04-13,27,2,0
7kTYy0cJ_EE,2026-04-13,27,0,0
7q20ukuXuN8,2026-04-13,1207,9,1
7sgJBBtJV3A,2026-04-13,118,6,0
8AMwesfk-DM,2026-04-13,91,5,0
8_fVq-UewMc,2026-04-13,1419,74,2
9wkGoWLVjT8,2026-04-13,167,3,0
9xx1KaBQxVQ,2026-04-13,219,5,0
AARzy2sfqVw,2026-04-13,453,7,6
Aeue3yzSc4M,2026-04-13,74,4,1
AtGVhnK5jRo,2026-04-13,151,0,0
BQnwEe6r4Fg,2026-04-13,167,2,0
BUC65TLIGf8,2026-04-13,10277,217,6
C-lZzLmQrsw,2026-04-13,101,5,0
CHz9g2LGYlo,2026-04-13,405,16,2
CrG-FruGb-k,2026-04-13,56,0,0
Cz9osSyqYXI,2026-04-13,48,1,0
DFETYUUNO18,2026-04-13,60,4,0
DPDmPO-JXe0,2026-04-13,84,2,0
DQlkV2DmA_M,2026-04-13,201,4,0
DWS8WsB2FgE,2026-04-13,32,1,1
Dc98c6LPQQE,2026-04-13,88,5,0
DebaxM_8EO0,2026-04-13,77,10,2
E6-cYClJn3Y,2026-04-13,79,5,0
EVkg5zFPcMs,2026-04-13,849,11,0
E_MeMkTfBsk,2026-04-13,46,3,0
FXk9SQvqFFs,2026-04-13,95,4,1
G0pKbjeeTMs,2026-04-13,8928,159,12
GLJffh1QDM4,2026-04-13,24,1,0
Gcigj916zyE,2026-04-13,8,0,0
GgunOaMm_-g,2026-04-13,50,1,1
HDyKUodeuNw,2026-04-13,11,1,0
HvXbln87KY0,2026-04-13,8991,60,2
HyPyDdUy-Xk,2026-04-13,142,7,0
IAjVUpwzMGo,2026-04-13,12748,308,25
ICnRxj-bjJE,2026-04-13,436,9,0
IIT39Xomn94,2026-04-13,37,1,0
IQPxO_NmSJk,2026-04-13,2247,45,2
Ie-FqoNGqLA,2026-04-13,239,1,0
Im9z2T57eEw,2026-04-13,5318,43,3
J0GOADsEp4E,2026-04-13,68,2,0
JbwNhXjC16A,2026-04-13,90,2,0
K2jlyUL3zK8,2026-04-13,194,6,1
KpjJH-fdImI,2026-04-13,30,0,0
LDp0JP4L6YY,2026-04-13,821,25,3
LXwH60B973Q,2026-04-13,31,1,0
Lox4HlSibXo,2026-04-13,41,2,0
M4Q186h3zHA,2026-04-13,67,3,2
MHxjAOrdxCU,2026-04-13,89,0,0
N-7O94hPplU,2026-04-13,31,2,0
N5qEWgYkGwk,2026-04-13,1166,25,8
NBrio9XsAto,2026-04-13,45,1,1
NMt3A12yjhg,2026-04-13,86,4,1
NQpnc4YfuQo,2026-04-13,110,4,0
NVwGmBS-wMw,2026-04-13,33,1,0
OTkdggNWv14,2026-04-13,129,3,0
OoG2Z1GdWQQ,2026-04-13,61,1,0
Oswa8OkiQPs,2026-04-13,66,3,0
OzgC7e3Eths,2026-04-13,22,1,0
P4--JGi1xH8,2026-04-13,32,2,0
PGZNyTVcZbI,2026-04-13,1409,39,2
PIOYkiA1qBw,2026-04-13,248,5,0
PLGbRoNcVL4,2026-04-13,52,2,0
PPTTWwot8uw,2026-04-13,74,6,0
Q275enpY7bY,2026-04-13,63,2,0
Q3olnvgueTQ,2026-04-13,257,4,0
Q6vUPD3f4bs,2026-04-13,346,10,0
Q7BvnpCsUAU,2026-04-13,48,4,0
QC05ysMl8oc,2026-04-13,642,8,1
Qc0HiH1iZ8U,2026-04-13,71,0,0
QueSk8MsubI,2026-04-13,235,7,2
R7hA1gBrsvQ,2026-04-13,33,2,0
RiYjYfMTGvw,2026-04-13,20,0,0
TGfUG__aOhw,2026-04-13,170,5,1
THxGW9huLRg,2026-04-13,51,4,0
U92pTqhzxoQ,2026-04-13,59,3,0
UlDUQ9G0QHM,2026-04-13,33,1,0
V3pMWhj4lxQ,2026-04-13,37,1,0
VUPm0AxqTho,2026-04-13,6404,78,3
VgumMjYb89g,2026-04-13,71,2,1
VrvnwaTppAE,2026-04-13,104,2,0
W8clxC5S3dU,2026-04-13,666,8,0
X6JyQKV5d0E,2026-04-13,486,12,3
XEdE-i6as6I,2026-04-13,146,4,4
XHnA-a5rivU,2026-04-13,91,2,0
Xgk-fE4kDH4,2026-04-13,44,2,0
Xnd-Ygs7U3Y,2026-04-13,88,0,0
Y9dNljQTNe0,2026-04-13,33,0,0
YC6d_IxCfPo,2026-04-13,795,7,1
YDElIJ6jMrw,2026-04-13,66,2,0
YI0_i2mVva0,2026-04-13,286,10,1
YnFvHoWdvzs,2026-04-13,193,5,1
Z4Fo5F_mLuU,2026-04-13,78,0,0
ZWi_B_rqvt4,2026-04-13,54,0,0
ZgZVpp61cYY,2026-04-13,203,8,2
Zj6uiqMvFOU,2026-04-13,23,1,0
Zyg3scrypKQ,2026-04-13,55,3,1
_4lqZZO3ifA,2026-04-13,281,1,0
_VCX-MmBF_4,2026-04-13,3873,54,1
_cXvg-XPnUs,2026-04-13,64,1,0
_ofTsPs9mT8,2026-04-13,2288,92,9
_wQMZfzqCAo,2026-04-13,1284,38,0
a1nrZ-A7vSg,2026-04-13,73,2,2
a4PcaVKyCko,2026-04-13,108,8,0
aLp96mNnYA8,2026-04-13,465,12,1
aoP5EPC9Skw,2026-04-13,517,12,1
b94_Fgq1uM0,2026-04-13,664,12,0
bOvsWX2Mgmg,2026-04-13,6511,45,2
bZgmdcD9THA,2026-04-13,2496,13,3
ci1hFXvOMjw,2026-04-13,7742,124,8
dHx1iSHHwx4,2026-04-13,1183,6,4
dbYadcZ2uOU,2026-04-13,37,1,0
ddB92jjDOVs,2026-04-13,22,1,0
dnLOQnSM8W8,2026-04-13,13,1,0
eO7e64yu3Kk,2026-04-13,5998,140,11
eVL3dw9BfPc,2026-04-13,52,2,0
ecJm9JHj18g,2026-04-13,38,1,0
ee-gYMaH1Rk,2026-04-13,3002,8,1
f144Cg6EGxE,2026-04-13,542,18,1
ffCLLOraLFA,2026-04-13,52,2,0
gKrXqZNAV1Y,2026-04-13,586,6,1
hhX0ynoT_mc,2026-04-13,44,0,0
hipquVDxH70,2026-04-13,1514,33,2
i6Cfsd0CP2g,2026-04-13,190,11,3
iMbfo-nXbOg,2026-04-13,75,3,0
iNyOOzX6lKk,2026-04-13,37,0,0
jJT2Pjgug7s,2026-04-13,175,5,0
jRm_0dohWB4,2026-04-13,2289,45,4
kJzw5JPC6AI,2026-04-13,3923,67,7
kPT8l-XKm8A,2026-04-13,1028,17,1
kegfG0chZHI,2026-04-13,48,2,0
lcOQNnj3lwQ,2026-04-13,369,7,0
m_WT3mJ0J9E,2026-04-13,139,7,2
mdQHFYj09wg,2026-04-13,33,1,0
mj_b9_nxJfw,2026-04-13,1189,36,2
mqLksU5um3Q,2026-04-13,483,17,2
nAYXMoOpNsM,2026-04-13,63,1,0
njqE2uGyysQ,2026-04-13,28,2,0
o3fMDF3PGhM,2026-04-13,10362,200,13
oQ1nPp7viGs,2026-04-13,646,2,0
pHAb6YNGRl4,2026-04-13,40,4,0
pLRAticn7NU,2026-04-13,27,1,0
pcSv3TjR5ZQ,2026-04-13,11469,233,12
pqAswnET2XQ,2026-04-13,169,6,0
q0n48c-f4O8,2026-04-13,77,3,0
qr6ATPTgl20,2026-04-13,1799,64,4
qytf-g55XFE,2026-04-13,148,3,0
rSYSSOP3h2k,2026-04-13,437,7,0
rvVwrHtI4gQ,2026-04-13,29,3,0
sV8nczRvPAU,2026-04-13,61,1,2
t3jyABNSOno,2026-04-13,27,0,0
t4eZfB4XTHg,2026-04-13,56,1,0
t8grl_NIYPw,2026-04-13,130,2,0
tIxrQnDwvx4,2026-04-13,66,1,0
thQUAzH5d2o,2026-04-13,53,4,0
uN-yP7FwIN4,2026-04-13,759,24,6
ue5vLsIijHs,2026-04-13,71,1,0
v1Qnd2Uxcjs,2026-04-13,83,2,0
v1lKqeiQFTI,2026-04-13,436,11,1
vBRiaP5NgVw,2026-04-13,43,0,0
vJXvL5i4OQY,2026-04-13,55,2,0
x1FB0zvtgOw,2026-04-13,213,4,1
xB4ecIksJSY,2026-04-13,39,1,0
xJ05Nq48Zq4,2026-04-13,46,1,0
xic7AMpR4IM,2026-04-13,43,2,0
xsptE33QWNE,2026-04-13,7032,56,12
yZ8DSleduDs,2026-04-13,983,20,1
y_rVPdd-RNY,2026-04-13,42,2,0
yiDhqGdxFPs,2026-04-13,547,14,2
yzvzl1LBXm0,2026-04-13,46,2,0
zT66rq7mEu4,2026-04-13,65,1,0
zToHhAif9Gw,2026-04-13,42,2,0
zcOZ0IEsXHc,2026-04-13,100,1,0
-W0cM6L62s8,2026-04-06,292,8,0
0VmI47XeOuE,2026-04-06,22,0,0
0i8W5wucIMc,2026-04-06,62,2,1
1-VRjF4aDgk,2026-04-06,116,5,0
1Hgmt97AkBw,2026-04-06,27,0,0
1ISPibwIVQA,2026-04-06,2625,21,1
1OxYQbmdW-Y,2026-04-06,1612,23,3
1eRuwnvwsPo,2026-04-06,55,1,0
2W7sPgGlNqo,2026-04-06,395,7,0
2eUOg1Vmt7Y,2026-04-06,2204,22,0
2s7evXo3BkI,2026-04-06,2835,69,2
46knscCk2Ic,2026-04-06,39,2,0
4JmKLgtmMBI,2026-04-06,17,0,0
4XgvRRtSUdg,2026-04-06,281,9,0
4aUW0262vu8,2026-04-06,68,2,0
4v5Vv8fsR-g,2026-04-06,28,2,0
5BEWVMsLsBo,2026-04-06,188,13,0
6QlUSg3-ivQ,2026-04-06,0,0,0
6lR81YOeNKs,2026-04-06,48,1,0
6mBufYO1YR8,2026-04-06,84,2,0
6rc09OdwHlk,2026-04-06,10017,121,2
7EhEb5ojYZw,2026-04-06,275,7,0
7beGTcu4wOY,2026-04-06,109,5,1
7bwkNrRpgw0,2026-04-06,27,2,0
7kTYy0cJ_EE,2026-04-06,26,0,0
7q20ukuXuN8,2026-04-06,1171,9,1
7sgJBBtJV3A,2026-04-06,118,6,0
8AMwesfk-DM,2026-04-06,91,5,0
8_fVq-UewMc,2026-04-06,1408,74,2
9wkGoWLVjT8,2026-04-06,166,3,0
9xx1KaBQxVQ,2026-04-06,219,5,0
AARzy2sfqVw,2026-04-06,450,7,6
Aeue3yzSc4M,2026-04-06,74,4,1
AtGVhnK5jRo,2026-04-06,149,0,0
BQnwEe6r4Fg,2026-04-06,159,2,0
BUC65TLIGf8,2026-04-06,10218,216,6
C-lZzLmQrsw,2026-04-06,101,5,0
CHz9g2LGYlo,2026-04-06,396,16,2
CrG-FruGb-k,2026-04-06,54,0,0
Cz9osSyqYXI,2026-04-06,46,1,0
DFETYUUNO18,2026-04-06,60,4,0
DPDmPO-JXe0,2026-04-06,84,2,0
DQlkV2DmA_M,2026-04-06,197,4,0
DWS8WsB2FgE,2026-04-06,32,1,1
Dc98c6LPQQE,2026-04-06,87,5,0
DebaxM_8EO0,2026-04-06,74,10,2
E6-cYClJn3Y,2026-04-06,79,5,0
EVkg5zFPcMs,2026-04-06,847,11,0
E_MeMkTfBsk,2026-04-06,44,3,0
FXk9SQvqFFs,2026-04-06,95,4,1
G0pKbjeeTMs,2026-04-06,8922,158,12
GLJffh1QDM4,2026-04-06,24,1,0
Gcigj916zyE,2026-04-06,8,0,0
GgunOaMm_-g,2026-04-06,46,1,1
HDyKUodeuNw,2026-04-06,11,1,0
HvXbln87KY0,2026-04-06,8978,60,2
HyPyDdUy-Xk,2026-04-06,142,7,0
IAjVUpwzMGo,2026-04-06,12728,309,25
ICnRxj-bjJE,2026-04-06,435,9,0
IIT39Xomn94,2026-04-06,37,1,0
IQPxO_NmSJk,2026-04-06,2244,45,2
Ie-FqoNGqLA,2026-04-06,235,1,0
Im9z2T57eEw,2026-04-06,5304,43,3
J0GOADsEp4E,2026-04-06,66,2,0
JbwNhXjC16A,2026-04-06,86,2,0
K2jlyUL3zK8,2026-04-06,180,6,1
KpjJH-fdImI,2026-04-06,30,0,0
LDp0JP4L6YY,2026-04-06,788,25,3
LXwH60B973Q,2026-04-06,31,1,0
Lox4HlSibXo,2026-04-06,40,2,0
M4Q186h3zHA,2026-04-06,65,3,2
MHxjAOrdxCU,2026-04-06,86,0,0
N-7O94hPplU,2026-04-06,29,2,0
N5qEWgYkGwk,2026-04-06,1166,25,8
NBrio9XsAto,2026-04-06,45,1,1
NMt3A12yjhg,2026-04-06,86,4,1
NQpnc4YfuQo,2026-04-06,109,4,0
NVwGmBS-wMw,2026-04-06,33,1,0
OTkdggNWv14,2026-04-06,127,3,0
OoG2Z1GdWQQ,2026-04-06,61,1,0
Oswa8OkiQPs,2026-04-06,65,3,0
OzgC7e3Eths,2026-04-06,22,1,0
P4--JGi1xH8,2026-04-06,31,2,0
PGZNyTVcZbI,2026-04-06,1406,39,2
PIOYkiA1qBw,2026-04-06,236,5,0
PLGbRoNcVL4,2026-04-06,51,2,0
PPTTWwot8uw,2026-04-06,74,6,0
Q275enpY7bY,2026-04-06,61,2,0
Q3olnvgueTQ,2026-04-06,227,4,0
Q6vUPD3f4bs,2026-04-06,344,10,0
Q7BvnpCsUAU,2026-04-06,45,4,0
QC05ysMl8oc,2026-04-06,641,8,1
Qc0HiH1iZ8U,2026-04-06,71,0,0
QueSk8MsubI,2026-04-06,235,7,2
R7hA1gBrsvQ,2026-04-06,33,2,0
RiYjYfMTGvw,2026-04-06,20,0,0
TGfUG__aOhw,2026-04-06,160,5,1
THxGW9huLRg,2026-04-06,50,4,0
U92pTqhzxoQ,2026-04-06,58,3,0
UlDUQ9G0QHM,2026-04-06,33,1,0
V3pMWhj4lxQ,2026-04-06,37,1,0
VUPm0AxqTho,2026-04-06,6327,77,3
VgumMjYb89g,2026-04-06,70,2,1
VrvnwaTppAE,2026-04-06,103,2,0
W8clxC5S3dU,2026-04-06,665,8,0
X6JyQKV5d0E,2026-04-06,462,11,2
XEdE-i6as6I,2026-04-06,146,4,4
XHnA-a5rivU,2026-04-06,87,2,0
Xgk-fE4kDH4,2026-04-06,44,2,0
Xnd-Ygs7U3Y,2026-04-06,88,0,0
Y9dNljQTNe0,2026-04-06,33,0,0
YC6d_IxCfPo,2026-04-06,794,7,1
YDElIJ6jMrw,2026-04-06,65,2,0
YI0_i2mVva0,2026-04-06,281,9,1
YnFvHoWdvzs,2026-04-06,183,5,1
Z4Fo5F_mLuU,2026-04-06,74,0,0
ZWi_B_rqvt4,2026-04-06,52,0,0
ZgZVpp61cYY,2026-04-06,203,8,2
Zj6uiqMvFOU,2026-04-06,23,1,0
Zyg3scrypKQ,2026-04-06,53,3,1
_4lqZZO3ifA,2026-04-06,278,1,0
_VCX-MmBF_4,2026-04-06,3858,54,1
_cXvg-XPnUs,2026-04-06,63,1,0
_ofTsPs9mT8,2026-04-06,2286,92,9
_wQMZfzqCAo,2026-04-06,1277,38,0
a1nrZ-A7vSg,2026-04-06,72,2,2
a4PcaVKyCko,2026-04-06,108,8,0
aLp96mNnYA8,2026-04-06,435,11,1
aoP5EPC9Skw,2026-04-06,514,12,1
b94_Fgq1uM0,2026-04-06,664,12,0
bOvsWX2Mgmg,2026-04-06,6507,45,2
bZgmdcD9THA,2026-04-06,2463,13,3
ci1hFXvOMjw,2026-04-06,7729,123,8
dHx1iSHHwx4,2026-04-06,1171,6,4
dbYadcZ2uOU,2026-04-06,34,0,0
ddB92jjDOVs,2026-04-06,21,1,0
dnLOQnSM8W8,2026-04-06,13,1,0
eO7e64yu3Kk,2026-04-06,5993,139,11
eVL3dw9BfPc,2026-04-06,51,2,0
ecJm9JHj18g,2026-04-06,38,1,0
ee-gYMaH1Rk,2026-04-06,2991,8,1
f144Cg6EGxE,2026-04-06,505,15,1
ffCLLOraLFA,2026-04-06,52,2,0
gKrXqZNAV1Y,2026-04-06,585,6,1
hhX0ynoT_mc,2026-04-06,44,0,0
hipquVDxH70,2026-04-06,1511,33,2
i6Cfsd0CP2g,2026-04-06,165,11,3
iMbfo-nXbOg,2026-04-06,75,3,0
iNyOOzX6lKk,2026-04-06,37,0,0
jJT2Pjgug7s,2026-04-06,175,5,0
jRm_0dohWB4,2026-04-06,2286,45,4
kJzw5JPC6AI,2026-04-06,3890,66,7
kPT8l-XKm8A,2026-04-06,1025,17,1
kegfG0chZHI,2026-04-06,46,2,0
lcOQNnj3lwQ,2026-04-06,364,7,0
m_WT3mJ0J9E,2026-04-06,130,7,2
mdQHFYj09wg,2026-04-06,33,1,0
mj_b9_nxJfw,2026-04-06,1136,36,2
mqLksU5um3Q,2026-04-06,478,17,2
nAYXMoOpNsM,2026-04-06,62,1,0
njqE2uGyysQ,2026-04-06,28,2,0
o3fMDF3PGhM,2026-04-06,10324,200,13
oQ1nPp7viGs,2026-04-06,646,2,0
pHAb6YNGRl4,2026-04-06,39,4,0
pLRAticn7NU,2026-04-06,27,1,0
pcSv3TjR5ZQ,2026-04-06,11450,233,12
pqAswnET2XQ,2026-04-06,168,6,0
q0n48c-f4O8,2026-04-06,76,3,0
qr6ATPTgl20,2026-04-06,1797,64,4
qytf-g55XFE,2026-04-06,138,3,0
rSYSSOP3h2k,2026-04-06,429,7,0
rvVwrHtI4gQ,2026-04-06,29,3,0
sV8nczRvPAU,2026-04-06,57,1,2
t3jyABNSOno,2026-04-06,27,0,0
t4eZfB4XTHg,2026-04-06,54,1,0
t8grl_NIYPw,2026-04-06,130,2,0
tIxrQnDwvx4,2026-04-06,63,1,0
thQUAzH5d2o,2026-04-06,52,4,0
uN-yP7FwIN4,2026-04-06,729,23,6
ue5vLsIijHs,2026-04-06,68,1,0
v1Qnd2Uxcjs,2026-04-06,82,2,0
v1lKqeiQFTI,2026-04-06,413,11,1
vBRiaP5NgVw,2026-04-06,42,0,0
vJXvL5i4OQY,2026-04-06,54,2,0
x1FB0zvtgOw,2026-04-06,212,4,1
xB4ecIksJSY,2026-04-06,39,1,0
xJ05Nq48Zq4,2026-04-06,46,1,0
xic7AMpR4IM,2026-04-06,43,2,0
xsptE33QWNE,2026-04-06,7016,56,12
yZ8DSleduDs,2026-04-06,975,19,1
y_rVPdd-RNY,2026-04-06,41,2,0
yiDhqGdxFPs,2026-04-06,543,14,2
yzvzl1LBXm0,2026-04-06,43,2,0
zT66rq7mEu4,2026-04-06,64,1,0
zToHhAif9Gw,2026-04-06,42,2,0
zcOZ0IEsXHc,2026-04-06,99,1,0
-W0cM6L62s8,2026-03-30,292,8,0
0VmI47XeOuE,2026-03-30,22,0,0
0i8W5wucIMc,2026-03-30,61,2,1
1-VRjF4aDgk,2026-03-30,116,5,0
1Hgmt97AkBw,2026-03-30,26,0,0
1ISPibwIVQA,2026-03-30,2511,20,1
1OxYQbmdW-Y,2026-03-30,1610,23,3
1eRuwnvwsPo,2026-03-30,52,1,0
2W7sPgGlNqo,2026-03-30,386,7,0
2eUOg1Vmt7Y,2026-03-30,2194,22,0
2s7evXo3BkI,2026-03-30,2832,69,2
46knscCk2Ic,2026-03-30,39,2,0
4JmKLgtmMBI,2026-03-30,17,0,0
4XgvRRtSUdg,2026-03-30,281,9,0
4aUW0262vu8,2026-03-30,67,2,0
4v5Vv8fsR-g,2026-03-30,27,2,0
5BEWVMsLsBo,2026-03-30,186,13,0
6QlUSg3-ivQ,2026-03-30,0,0,0
6lR81YOeNKs,2026-03-30,46,1,0
6mBufYO1YR8,2026-03-30,84,2,0
6rc09OdwHlk,2026-03-30,9972,120,2
7EhEb5ojYZw,2026-03-30,271,7,0
7beGTcu4wOY,2026-03-30,108,5,1
7bwkNrRpgw0,2026-03-30,26,2,0
7kTYy0cJ_EE,2026-03-30,25,0,0
7q20ukuXuN8,2026-03-30,1133,9,1
7sgJBBtJV3A,2026-03-30,118,6,0
8AMwesfk-DM,2026-03-30,91,5,0
8_fVq-UewMc,2026-03-30,1404,74,2
9wkGoWLVjT8,2026-03-30,163,3,0
9xx1KaBQxVQ,2026-03-30,218,5,0
AARzy2sfqVw,2026-03-30,447,7,6
Aeue3yzSc4M,2026-03-30,74,4,1
AtGVhnK5jRo,2026-03-30,147,0,0
BQnwEe6r4Fg,2026-03-30,149,2,0
BUC65TLIGf8,2026-03-30,10171,214,6
C-lZzLmQrsw,2026-03-30,101,5,0
CHz9g2LGYlo,2026-03-30,388,16,2
CrG-FruGb-k,2026-03-30,48,0,0
Cz9osSyqYXI,2026-03-30,46,1,0
DFETYUUNO18,2026-03-30,60,4,0
DPDmPO-JXe0,2026-03-30,84,2,0
DQlkV2DmA_M,2026-03-30,188,4,0
DWS8WsB2FgE,2026-03-30,30,1,1
Dc98c6LPQQE,2026-03-30,80,4,0
DebaxM_8EO0,2026-03-30,73,10,2
E6-cYClJn3Y,2026-03-30,79,5,0
EVkg5zFPcMs,2026-03-30,846,11,0
E_MeMkTfBsk,2026-03-30,43,3,0
FXk9SQvqFFs,2026-03-30,95,4,1
G0pKbjeeTMs,2026-03-30,8914,158,12
GLJffh1QDM4,2026-03-30,24,1,0
Gcigj916zyE,2026-03-30,8,0,0
GgunOaMm_-g,2026-03-30,45,1,1
HDyKUodeuNw,2026-03-30,11,1,0
HvXbln87KY0,2026-03-30,8961,60,2
HyPyDdUy-Xk,2026-03-30,142,7,0
IAjVUpwzMGo,2026-03-30,12700,309,25
ICnRxj-bjJE,2026-03-30,435,9,0
IIT39Xomn94,2026-03-30,37,1,0
IQPxO_NmSJk,2026-03-30,2243,45,2
Ie-FqoNGqLA,2026-03-30,234,1,0
Im9z2T57eEw,2026-03-30,5293,43,3
J0GOADsEp4E,2026-03-30,64,2,0
JbwNhXjC16A,2026-03-30,76,2,0
K2jlyUL3zK8,2026-03-30,169,6,1
KpjJH-fdImI,2026-03-30,29,0,0
LDp0JP4L6YY,2026-03-30,761,24,3
LXwH60B973Q,2026-03-30,31,1,0
Lox4HlSibXo,2026-03-30,37,2,0
M4Q186h3zHA,2026-03-30,63,3,2
MHxjAOrdxCU,2026-03-30,82,0,0
N-7O94hPplU,2026-03-30,29,2,0
N5qEWgYkGwk,2026-03-30,1161,25,8
NBrio9XsAto,2026-03-30,45,1,1
NMt3A12yjhg,2026-03-30,86,4,1
NQpnc4YfuQo,2026-03-30,103,4,0
NVwGmBS-wMw,2026-03-30,31,1,0
OTkdggNWv14,2026-03-30,116,3,0
OoG2Z1GdWQQ,2026-03-30,59,1,0
Oswa8OkiQPs,2026-03-30,62,3,0
OzgC7e3Eths,2026-03-30,22,1,0
P4--JGi1xH8,2026-03-30,30,2,0
PGZNyTVcZbI,2026-03-30,1406,39,2
PIOYkiA1qBw,2026-03-30,227,5,0
PLGbRoNcVL4,2026-03-30,49,2,0
PPTTWwot8uw,2026-03-30,72,6,0
Q275enpY7bY,2026-03-30,58,2,0
Q3olnvgueTQ,2026-03-30,202,4,0
Q6vUPD3f4bs,2026-03-30,342,10,0
Q7BvnpCsUAU,2026-03-30,45,4,0
QC05ysMl8oc,2026-03-30,641,8,1
Qc0HiH1iZ8U,2026-03-30,71,0,0
QueSk8MsubI,2026-03-30,234,7,2
R7hA1gBrsvQ,2026-03-30,31,2,0
RiYjYfMTGvw,2026-03-30,19,0,0
TGfUG__aOhw,2026-03-30,153,4,1
THxGW9huLRg,2026-03-30,47,4,0
U92pTqhzxoQ,2026-03-30,55,3,0
UlDUQ9G0QHM,2026-03-30,31,1,0
V3pMWhj4lxQ,2026-03-30,37,1,0
VUPm0AxqTho,2026-03-30,6274,77,3
VgumMjYb89g,2026-03-30,70,2,1
VrvnwaTppAE,2026-03-30,92,2,0
W8clxC5S3dU,2026-03-30,662,8,0
X6JyQKV5d0E,2026-03-30,446,11,2
XEdE-i6as6I,2026-03-30,146,4,4
XHnA-a5rivU,2026-03-30,83,2,0
Xgk-fE4kDH4,2026-03-30,44,2,0
Xnd-Ygs7U3Y,2026-03-30,87,0,0
Y9dNljQTNe0,2026-03-30,33,0,0
YC6d_IxCfPo,2026-03-30,792,7,1
YDElIJ6jMrw,2026-03-30,62,2,0
YI0_i2mVva0,2026-03-30,279,9,1
YnFvHoWdvzs,2026-03-30,176,5,1
Z4Fo5F_mLuU,2026-03-30,74,0,0
ZWi_B_rqvt4,2026-03-30,48,0,0
ZgZVpp61cYY,2026-03-30,203,8,2
Zj6uiqMvFOU,2026-03-30,23,1,0
Zyg3scrypKQ,2026-03-30,51,3,1
_4lqZZO3ifA,2026-03-30,275,1,0
_VCX-MmBF_4,2026-03-30,3852,54,1
_cXvg-XPnUs,2026-03-30,58,1,0
_ofTsPs9mT8,2026-03-30,2275,92,9
_wQMZfzqCAo,2026-03-30,1269,38,0
a1nrZ-A7vSg,2026-03-30,70,2,2
a4PcaVKyCko,2026-03-30,108,8,0
aLp96mNnYA8,2026-03-30,417,11,1
aoP5EPC9Skw,2026-03-30,512,12,1
b94_Fgq1uM0,2026-03-30,660,12,0
bOvsWX2Mgmg,2026-03-30,6502,45,2
bZgmdcD9THA,2026-03-30,2442,13,3
ci1hFXvOMjw,2026-03-30,7722,123,8
dHx1iSHHwx4,2026-03-30,1163,6,4
dbYadcZ2uOU,2026-03-30,33,0,0
ddB92jjDOVs,2026-03-30,20,1,0
dnLOQnSM8W8,2026-03-30,13,1,0
eO7e64yu3Kk,2026-03-30,5991,139,11
eVL3dw9BfPc,2026-03-30,48,2,0
ecJm9JHj18g,2026-03-30,38,1,0
ee-gYMaH1Rk,2026-03-30,2984,8,1
f144Cg6EGxE,2026-03-30,470,14,1
ffCLLOraLFA,2026-03-30,52,2,0
gKrXqZNAV1Y,2026-03-30,582,6,1
hhX0ynoT_mc,2026-03-30,43,0,0
hipquVDxH70,2026-03-30,1504,32,2
i6Cfsd0CP2g,2026-03-30,155,11,3
iMbfo-nXbOg,2026-03-30,73,3,0
iNyOOzX6lKk,2026-03-30,37,0,0
jJT2Pjgug7s,2026-03-30,174,5,0
jRm_0dohWB4,2026-03-30,2283,44,4
kJzw5JPC6AI,2026-03-30,3868,66,7
kPT8l-XKm8A,2026-03-30,1022,17,1
kegfG0chZHI,2026-03-30,45,2,0
lcOQNnj3lwQ,2026-03-30,360,7,0
m_WT3mJ0J9E,2026-03-30,122,7,2
mdQHFYj09wg,2026-03-30,33,1,0
mj_b9_nxJfw,2026-03-30,1100,36,2
mqLksU5um3Q,2026-03-30,477,16,2
nAYXMoOpNsM,2026-03-30,60,1,0
njqE2uGyysQ,2026-03-30,28,2,0
o3fMDF3PGhM,2026-03-30,10295,199,13
oQ1nPp7viGs,2026-03-30,646,2,0
pHAb6YNGRl4,2026-03-30,38,4,0
pLRAticn7NU,2026-03-30,27,1,0
pcSv3TjR5ZQ,2026-03-30,11438,232,12
pqAswnET2XQ,2026-03-30,168,6,0
q0n48c-f4O8,2026-03-30,70,3,0
qr6ATPTgl20,2026-03-30,1796,64,4
qytf-g55XFE,2026-03-30,125,3,0
rSYSSOP3h2k,2026-03-30,425,7,0
rvVwrHtI4gQ,2026-03-30,29,3,0
sV8nczRvPAU,2026-03-30,53,1,2
t3jyABNSOno,2026-03-30,27,0,0
t4eZfB4XTHg,2026-03-30,51,1,0
t8grl_NIYPw,2026-03-30,130,2,0
tIxrQnDwvx4,2026-03-30,59,1,0
thQUAzH5d2o,2026-03-30,52,4,0
uN-yP7FwIN4,2026-03-30,703,22,6
ue5vLsIijHs,2026-03-30,61,1,0
v1Qnd2Uxcjs,2026-03-30,80,2,0
v1lKqeiQFTI,2026-03-30,400,11,1
vBRiaP5NgVw,2026-03-30,38,0,0
vJXvL5i4OQY,2026-03-30,50,2,0
x1FB0zvtgOw,2026-03-30,212,4,1
xB4ecIksJSY,2026-03-30,39,1,0
xJ05Nq48Zq4,2026-03-30,45,1,0
xic7AMpR4IM,2026-03-30,42,2,0
xsptE33QWNE,2026-03-30,7004,56,12
yZ8DSleduDs,2026-03-30,975,19,1
y_rVPdd-RNY,2026-03-30,40,2,0
yiDhqGdxFPs,2026-03-30,542,14,2
yzvzl1LBXm0,2026-03-30,41,2,0
zT66rq7mEu4,2026-03-30,62,1,0
zToHhAif9Gw,2026-03-30,41,2,0
zcOZ0IEsXHc,2026-03-30,91,1,0
-W0cM6L62s8,2026-03-23,289,8,0
0VmI47XeOuE,2026-03-23,22,0,0
0i8W5wucIMc,2026-03-23,59,2,1
1-VRjF4aDgk,2026-03-23,116,5,0
1Hgmt97AkBw,2026-03-23,24,0,0
1ISPibwIVQA,2026-03-23,2407,20,1
1OxYQbmdW-Y,2026-03-23,1606,23,3
1eRuwnvwsPo,2026-03-23,48,1,0
2W7sPgGlNqo,2026-03-23,381,7,0
2eUOg1Vmt7Y,2026-03-23,2169,22,0
2s7evXo3BkI,2026-03-23,2827,69,2
46knscCk2Ic,2026-03-23,39,2,0
4JmKLgtmMBI,2026-03-23,17,0,0
4XgvRRtSUdg,2026-03-23,279,9,0
4aUW0262vu8,2026-03-23,66,2,0
4v5Vv8fsR-g,2026-03-23,26,2,0
5BEWVMsLsBo,2026-03-23,186,13,0
6QlUSg3-ivQ,2026-03-23,0,0,0
6lR81YOeNKs,2026-03-23,46,1,0
6mBufYO1YR8,2026-03-23,83,2,0
6rc09OdwHlk,2026-03-23,9937,119,2
7EhEb5ojYZw,2026-03-23,270,7,0
7beGTcu4wOY,2026-03-23,108,5,1
7bwkNrRpgw0,2026-03-23,25,2,0
7kTYy0cJ_EE,2026-03-23,25,0,0
7q20ukuXuN8,2026-03-23,1096,9,1
7sgJBBtJV3A,2026-03-23,118,6,0
8AMwesfk-DM,2026-03-23,90,5,0
8_fVq-UewMc,2026-03-23,1393,74,2
9wkGoWLVjT8,2026-03-23,163,3,0
9xx1KaBQxVQ,2026-03-23,217,5,0
AARzy2sfqVw,2026-03-23,445,7,6
Aeue3yzSc4M,2026-03-23,72,4,1
AtGVhnK5jRo,2026-03-23,146,0,0
BQnwEe6r4Fg,2026-03-23,146,2,0
BUC65TLIGf8,2026-03-23,10103,213,6
C-lZzLmQrsw,2026-03-23,100,5,0
CHz9g2LGYlo,2026-03-23,384,16,2
CrG-FruGb-k,2026-03-23,47,0,0
Cz9osSyqYXI,2026-03-23,42,1,0
DFETYUUNO18,2026-03-23,57,4,0
DPDmPO-JXe0,2026-03-23,84,2,0
DQlkV2DmA_M,2026-03-23,175,4,0
DWS8WsB2FgE,2026-03-23,30,1,1
Dc98c6LPQQE,2026-03-23,77,4,0
DebaxM_8EO0,2026-03-23,68,10,2
E6-cYClJn3Y,2026-03-23,79,5,0
EVkg5zFPcMs,2026-03-23,843,11,0
E_MeMkTfBsk,2026-03-23,43,3,0
FXk9SQvqFFs,2026-03-23,94,4,1
G0pKbjeeTMs,2026-03-23,8904,158,12
GLJffh1QDM4,2026-03-23,23,1,0
Gcigj916zyE,2026-03-23,8,0,0
GgunOaMm_-g,2026-03-23,37,1,1
HDyKUodeuNw,2026-03-23,11,1,0
HvXbln87KY0,2026-03-23,8948,60,2
HyPyDdUy-Xk,2026-03-23,140,7,0
IAjVUpwzMGo,2026-03-23,12658,309,25
ICnRxj-bjJE,2026-03-23,433,9,0
IIT39Xomn94,2026-03-23,35,1,0
IQPxO_NmSJk,2026-03-23,2241,45,2
Ie-FqoNGqLA,2026-03-23,229,1,0
Im9z2T57eEw,2026-03-23,5285,43,3
J0GOADsEp4E,2026-03-23,61,2,0
JbwNhXjC16A,2026-03-23,74,2,0
K2jlyUL3zK8,2026-03-23,167,6,1
KpjJH-fdImI,2026-03-23,29,0,0
LDp0JP4L6YY,2026-03-23,728,22,3
LXwH60B973Q,2026-03-23,30,1,0
Lox4HlSibXo,2026-03-23,37,2,0
M4Q186h3zHA,2026-03-23,58,3,2
MHxjAOrdxCU,2026-03-23,76,0,0
N-7O94hPplU,2026-03-23,29,2,0
N5qEWgYkGwk,2026-03-23,1159,25,8
NBrio9XsAto,2026-03-23,45,1,1
NMt3A12yjhg,2026-03-23,86,4,1
NQpnc4YfuQo,2026-03-23,103,4,0
NVwGmBS-wMw,2026-03-23,31,1,0
OTkdggNWv14,2026-03-23,112,2,0
OoG2Z1GdWQQ,2026-03-23,59,1,0
Oswa8OkiQPs,2026-03-23,62,3,0
OzgC7e3Eths,2026-03-23,21,1,0
P4--JGi1xH8,2026-03-23,30,2,0
PGZNyTVcZbI,2026-03-23,1404,39,2
PIOYkiA1qBw,2026-03-23,222,4,0
PLGbRoNcVL4,2026-03-23,49,2,0
PPTTWwot8uw,2026-03-23,72,6,0
Q275enpY7bY,2026-03-23,57,2,0
Q3olnvgueTQ,2026-03-23,169,4,0
Q6vUPD3f4bs,2026-03-23,342,10,0
Q7BvnpCsUAU,2026-03-23,45,4,0
QC05ysMl8oc,2026-03-23,632,7,1
Qc0HiH1iZ8U,2026-03-23,71,0,0
QueSk8MsubI,2026-03-23,234,7,2
R7hA1gBrsvQ,2026-03-23,31,2,0
RiYjYfMTGvw,2026-03-23,19,0,0
TGfUG__aOhw,2026-03-23,151,4,1
THxGW9huLRg,2026-03-23,46,4,0
U92pTqhzxoQ,2026-03-23,55,3,0
UlDUQ9G0QHM,2026-03-23,31,1,0
V3pMWhj4lxQ,2026-03-23,37,1,0
VUPm0AxqTho,2026-03-23,6221,77,3
VgumMjYb89g,2026-03-23,68,2,1
VrvnwaTppAE,2026-03-23,89,1,0
W8clxC5S3dU,2026-03-23,659,8,0
X6JyQKV5d0E,2026-03-23,422,9,2
XEdE-i6as6I,2026-03-23,146,4,4
XHnA-a5rivU,2026-03-23,75,2,0
Xgk-fE4kDH4,2026-03-23,44,2,0
Xnd-Ygs7U3Y,2026-03-23,87,0,0
Y9dNljQTNe0,2026-03-23,33,0,0
YC6d_IxCfPo,2026-03-23,788,7,1
YDElIJ6jMrw,2026-03-23,61,2,0
YI0_i2mVva0,2026-03-23,279,9,1
YnFvHoWdvzs,2026-03-23,167,5,1
Z4Fo5F_mLuU,2026-03-23,73,0,0
ZWi_B_rqvt4,2026-03-23,48,0,0
ZgZVpp61cYY,2026-03-23,203,8,2
Zj6uiqMvFOU,2026-03-23,22,1,0
Zyg3scrypKQ,2026-03-23,51,3,1
_4lqZZO3ifA,2026-03-23,269,1,0
_VCX-MmBF_4,2026-03-23,3846,54,1
_cXvg-XPnUs,2026-03-23,57,1,0
_ofTsPs9mT8,2026-03-23,2269,92,9
_wQMZfzqCAo,2026-03-23,1263,38,0
a1nrZ-A7vSg,2026-03-23,66,2,2
a4PcaVKyCko,2026-03-23,107,8,0
aLp96mNnYA8,2026-03-23,397,10,1
aoP5EPC9Skw,2026-03-23,510,12,1
b94_Fgq1uM0,2026-03-23,657,12,0
bOvsWX2Mgmg,2026-03-23,6499,45,2
bZgmdcD9THA,2026-03-23,2387,13,3
ci1hFXvOMjw,2026-03-23,7712,123,8
dHx1iSHHwx4,2026-03-23,1157,6,4
dbYadcZ2uOU,2026-03-23,33,0,0
ddB92jjDOVs,2026-03-23,18,1,0
dnLOQnSM8W8,2026-03-23,12,1,0
eO7e64yu3Kk,2026-03-23,5982,139,11
eVL3dw9BfPc,2026-03-23,48,2,0
ecJm9JHj18g,2026-03-23,36,1,0
ee-gYMaH1Rk,2026-03-23,2965,8,1
f144Cg6EGxE,2026-03-23,437,12,1
ffCLLOraLFA,2026-03-23,52,2,0
gKrXqZNAV1Y,2026-03-23,574,6,1
hhX0ynoT_mc,2026-03-23,43,0,0
hipquVDxH70,2026-03-23,1493,32,2
i6Cfsd0CP2g,2026-03-23,142,10,3
iMbfo-nXbOg,2026-03-23,72,3,0
iNyOOzX6lKk,2026-03-23,37,0,0
jJT2Pjgug7s,2026-03-23,174,5,0
jRm_0dohWB4,2026-03-23,2282,44,4
kJzw5JPC6AI,2026-03-23,3841,66,7
kPT8l-XKm8A,2026-03-23,1014,17,1
kegfG0chZHI,2026-03-23,45,2,0
lcOQNnj3lwQ,2026-03-23,353,7,0
m_WT3mJ0J9E,2026-03-23,122,7,2
mdQHFYj09wg,2026-03-23,33,1,0
mj_b9_nxJfw,2026-03-23,1035,32,2
mqLksU5um3Q,2026-03-23,476,16,2
nAYXMoOpNsM,2026-03-23,58,1,0
njqE2uGyysQ,2026-03-23,28,2,0
o3fMDF3PGhM,2026-03-23,10244,199,13
oQ1nPp7viGs,2026-03-23,646,2,0
pHAb6YNGRl4,2026-03-23,37,4,0
pLRAticn7NU,2026-03-23,25,1,0
pcSv3TjR5ZQ,2026-03-23,11412,231,12
pqAswnET2XQ,2026-03-23,164,6,0
q0n48c-f4O8,2026-03-23,70,3,0
qr6ATPTgl20,2026-03-23,1788,64,4
qytf-g55XFE,2026-03-23,113,3,0
rSYSSOP3h2k,2026-03-23,422,7,0
rvVwrHtI4gQ,2026-03-23,28,3,0
sV8nczRvPAU,2026-03-23,52,1,2
t3jyABNSOno,2026-03-23,25,0,0
t4eZfB4XTHg,2026-03-23,51,1,0
t8grl_NIYPw,2026-03-23,128,2,0
tIxrQnDwvx4,2026-03-23,57,1,0
thQUAzH5d2o,2026-03-23,48,3,0
uN-yP7FwIN4,2026-03-23,674,21,6
ue5vLsIijHs,2026-03-23,60,1,0
v1Qnd2Uxcjs,2026-03-23,80,2,0
v1lKqeiQFTI,2026-03-23,384,10,1
vBRiaP5NgVw,2026-03-23,38,0,0
vJXvL5i4OQY,2026-03-23,50,2,0
x1FB0zvtgOw,2026-03-23,208,4,1
xB4ecIksJSY,2026-03-23,39,1,0
xJ05Nq48Zq4,2026-03-23,44,1,0
xic7AMpR4IM,2026-03-23,41,2,0
xsptE33QWNE,2026-03-23,6985,56,12
yZ8DSleduDs,2026-03-23,969,19,1
y_rVPdd-RNY,2026-03-23,39,2,0
yiDhqGdxFPs,2026-03-23,540,14,2
yzvzl1LBXm0,2026-03-23,41,2,0
zT66rq7mEu4,2026-03-23,62,1,0
zToHhAif9Gw,2026-03-23,40,2,0
zcOZ0IEsXHc,2026-03-23,87,1,0
-W0cM6L62s8,2026-03-16,289,8,0
0VmI47XeOuE,2026-03-16,22,0,0
0i8W5wucIMc,2026-03-16,58,2,1
1-VRjF4aDgk,2026-03-16,112,5,0
1Hgmt97AkBw,2026-03-16,24,0,0
1ISPibwIVQA,2026-03-16,2307,20,1
1OxYQbmdW-Y,2026-03-16,1604,23,3
1eRuwnvwsPo,2026-03-16,45,1,0
2W7sPgGlNqo,2026-03-16,369,7,0
2eUOg1Vmt7Y,2026-03-16,2164,22,0
2s7evXo3BkI,2026-03-16,2824,69,2
46knscCk2Ic,2026-03-16,39,2,0
4JmKLgtmMBI,2026-03-16,16,0,0
4XgvRRtSUdg,2026-03-16,279,9,0
4aUW0262vu8,2026-03-16,64,2,0
4v5Vv8fsR-g,2026-03-16,24,2,0
5BEWVMsLsBo,2026-03-16,183,13,0
6QlUSg3-ivQ,2026-03-16,0,0,0
6lR81YOeNKs,2026-03-16,44,1,0
6mBufYO1YR8,2026-03-16,83,2,0
6rc09OdwHlk,2026-03-16,9881,119,2
7EhEb5ojYZw,2026-03-16,268,7,0
7beGTcu4wOY,2026-03-16,108,5,1
7bwkNrRpgw0,2026-03-16,22,2,0
7kTYy0cJ_EE,2026-03-16,23,0,0
7q20ukuXuN8,2026-03-16,1059,9,1
7sgJBBtJV3A,2026-03-16,118,6,0
8AMwesfk-DM,2026-03-16,87,5,0
8_fVq-UewMc,2026-03-16,1388,74,2
9wkGoWLVjT8,2026-03-16,162,3,0
9xx1KaBQxVQ,2026-03-16,215,5,0
AARzy2sfqVw,2026-03-16,442,7,6
Aeue3yzSc4M,2026-03-16,72,4,1
AtGVhnK5jRo,2026-03-16,146,0,0
BQnwEe6r4Fg,2026-03-16,142,2,0
BUC65TLIGf8,2026-03-16,10025,210,6
C-lZzLmQrsw,2026-03-16,100,5,0
CHz9g2LGYlo,2026-03-16,376,16,2
CrG-FruGb-k,2026-03-16,45,0,0
Cz9osSyqYXI,2026-03-16,39,1,0
DFETYUUNO18,2026-03-16,57,4,0
DPDmPO-JXe0,2026-03-16,84,2,0
DQlkV2DmA_M,2026-03-16,165,4,0
DWS8WsB2FgE,2026-03-16,29,1,1
Dc98c6LPQQE,2026-03-16,75,4,0
DebaxM_8EO0,2026-03-16,65,10,2
E6-cYClJn3Y,2026-03-16,78,5,0
EVkg5zFPcMs,2026-03-16,839,11,0
E_MeMkTfBsk,2026-03-16,38,3,0
FXk9SQvqFFs,2026-03-16,94,4,1
G0pKbjeeTMs,2026-03-16,8891,157,12
GLJffh1QDM4,2026-03-16,23,1,0
Gcigj916zyE,2026-03-16,8,0,0
GgunOaMm_-g,2026-03-16,34,1,1
HDyKUodeuNw,2026-03-16,11,1,0
HvXbln87KY0,2026-03-16,8922,60,2
HyPyDdUy-Xk,2026-03-16,137,7,0
IAjVUpwzMGo,2026-03-16,12623,308,25
ICnRxj-bjJE,2026-03-16,433,9,0
IIT39Xomn94,2026-03-16,33,1,0
IQPxO_NmSJk,2026-03-16,2238,45,2
Ie-FqoNGqLA,2026-03-16,229,1,0
Im9z2T57eEw,2026-03-16,5273,43,3
J0GOADsEp4E,2026-03-16,57,1,0
JbwNhXjC16A,2026-03-16,71,2,0
K2jlyUL3zK8,2026-03-16,159,6,1
KpjJH-fdImI,2026-03-16,27,0,0
LDp0JP4L6YY,2026-03-16,689,21,3
LXwH60B973Q,2026-03-16,29,1,0
Lox4HlSibXo,2026-03-16,35,2,0
M4Q186h3zHA,2026-03-16,53,3,2
MHxjAOrdxCU,2026-03-16,70,0,0
N-7O94hPplU,2026-03-16,28,2,0
N5qEWgYkGwk,2026-03-16,1156,25,8
NBrio9XsAto,2026-03-16,45,1,1
NMt3A12yjhg,2026-03-16,86,4,1
NQpnc4YfuQo,2026-03-16,100,4,0
NVwGmBS-wMw,2026-03-16,29,1,0
OTkdggNWv14,2026-03-16,110,2,0
OoG2Z1GdWQQ,2026-03-16,59,1,0
Oswa8OkiQPs,2026-03-16,60,3,0
OzgC7e3Eths,2026-03-16,20,1,0
P4--JGi1xH8,2026-03-16,28,2,0
PGZNyTVcZbI,2026-03-16,1404,39,2
PIOYkiA1qBw,2026-03-16,205,3,0
PLGbRoNcVL4,2026-03-16,47,2,0
PPTTWwot8uw,2026-03-16,72,6,0
Q275enpY7bY,2026-03-16,55,2,0
Q3olnvgueTQ,2026-03-16,156,3,0
Q6vUPD3f4bs,2026-03-16,342,10,0
Q7BvnpCsUAU,2026-03-16,44,4,0
QC05ysMl8oc,2026-03-16,628,7,1
Qc0HiH1iZ8U,2026-03-16,71,0,0
QueSk8MsubI,2026-03-16,234,7,2
R7hA1gBrsvQ,2026-03-16,29,2,0
RiYjYfMTGvw,2026-03-16,18,0,0
TGfUG__aOhw,2026-03-16,142,4,1
THxGW9huLRg,2026-03-16,44,4,0
U92pTqhzxoQ,2026-03-16,54,3,0
UlDUQ9G0QHM,2026-03-16,29,1,0
V3pMWhj4lxQ,2026-03-16,37,1,0
VUPm0AxqTho,2026-03-16,6167,76,3
VgumMjYb89g,2026-03-16,68,2,1
VrvnwaTppAE,2026-03-16,84,1,0
W8clxC5S3dU,2026-03-16,658,8,0
X6JyQKV5d0E,2026-03-16,393,8,2
XEdE-i6as6I,2026-03-16,146,4,4
XHnA-a5rivU,2026-03-16,70,2,0
Xgk-fE4kDH4,2026-03-16,44,2,0
Xnd-Ygs7U3Y,2026-03-16,86,0,0
Y9dNljQTNe0,2026-03-16,33,0,0
YC6d_IxCfPo,2026-03-16,783,7,1
YDElIJ6jMrw,2026-03-16,59,2,0
YI0_i2mVva0,2026-03-16,279,9,1
YnFvHoWdvzs,2026-03-16,158,5,1
Z4Fo5F_mLuU,2026-03-16,70,0,0
ZWi_B_rqvt4,2026-03-16,47,0,0
ZgZVpp61cYY,2026-03-16,203,8,2
Zj6uiqMvFOU,2026-03-16,21,1,0
Zyg3scrypKQ,2026-03-16,49,3,1
_4lqZZO3ifA,2026-03-16,266,1,0
_VCX-MmBF_4,2026-03-16,3830,54,1
_cXvg-XPnUs,2026-03-16,55,1,0
_ofTsPs9mT8,2026-03-16,2257,92,9
_wQMZfzqCAo,2026-03-16,1259,38,0
a1nrZ-A7vSg,2026-03-16,62,2,2
a4PcaVKyCko,2026-03-16,106,8,0
aLp96mNnYA8,2026-03-16,365,9,1
aoP5EPC9Skw,2026-03-16,508,12,1
b94_Fgq1uM0,2026-03-16,653,12,0
bOvsWX2Mgmg,2026-03-16,6496,45,2
bZgmdcD9THA,2026-03-16,2372,13,3
ci1hFXvOMjw,2026-03-16,7689,123,8
dHx1iSHHwx4,2026-03-16,1141,6,4
dbYadcZ2uOU,2026-03-16,32,0,0
ddB92jjDOVs,2026-03-16,18,1,0
dnLOQnSM8W8,2026-03-16,12,1,0
eO7e64yu3Kk,2026-03-16,5977,138,11
eVL3dw9BfPc,2026-03-16,46,2,0
ecJm9JHj18g,2026-03-16,35,1,0
ee-gYMaH1Rk,2026-03-16,2942,8,1
f144Cg6EGxE,2026-03-16,404,12,1
ffCLLOraLFA,2026-03-16,51,2,0
gKrXqZNAV1Y,2026-03-16,573,6,1
hhX0ynoT_mc,2026-03-16,43,0,0
hipquVDxH70,2026-03-16,1480,32,2
i6Cfsd0CP2g,2026-03-16,130,9,3
iMbfo-nXbOg,2026-03-16,72,3,0
iNyOOzX6lKk,2026-03-16,37,0,0
jJT2Pjgug7s,2026-03-16,174,5,0
jRm_0dohWB4,2026-03-16,2271,44,4
kJzw5JPC6AI,2026-03-16,3812,66,7
kPT8l-XKm8A,2026-03-16,1011,17,1
kegfG0chZHI,2026-03-16,41,2,0
lcOQNnj3lwQ,2026-03-16,347,7,0
m_WT3mJ0J9E,2026-03-16,116,7,2
mdQHFYj09wg,2026-03-16,33,1,0
mj_b9_nxJfw,2026-03-16,984,31,2
mqLksU5um3Q,2026-03-16,474,16,2
nAYXMoOpNsM,2026-03-16,56,1,0
njqE2uGyysQ,2026-03-16,27,2,0
o3fMDF3PGhM,2026-03-16,10205,198,13
oQ1nPp7viGs,2026-03-16,646,2,0
pHAb6YNGRl4,2026-03-16,37,4,0
pLRAticn7NU,2026-03-16,24,1,0
pcSv3TjR5ZQ,2026-03-16,11388,231,12
pqAswnET2XQ,2026-03-16,158,6,0
q0n48c-f4O8,2026-03-16,69,3,0
qr6ATPTgl20,2026-03-16,1787,63,4
qytf-g55XFE,2026-03-16,106,3,0
rSYSSOP3h2k,2026-03-16,418,7,0
rvVwrHtI4gQ,2026-03-16,28,3,0
sV8nczRvPAU,2026-03-16,49,1,2
t3jyABNSOno,2026-03-16,24,0,0
t4eZfB4XTHg,2026-03-16,49,1,0
t8grl_NIYPw,2026-03-16,128,2,0
tIxrQnDwvx4,2026-03-16,56,1,0
thQUAzH5d2o,2026-03-16,47,3,0
uN-yP7FwIN4,2026-03-16,648,20,6
ue5vLsIijHs,2026-03-16,56,1,0
v1Qnd2Uxcjs,2026-03-16,78,2,0
v1lKqeiQFTI,2026-03-16,362,8,0
vBRiaP5NgVw,2026-03-16,36,0,0
vJXvL5i4OQY,2026-03-16,48,2,0
x1FB0zvtgOw,2026-03-16,202,4,1
xB4ecIksJSY,2026-03-16,39,1,0
xJ05Nq48Zq4,2026-03-16,42,1,0
xic7AMpR4IM,2026-03-16,40,2,0
xsptE33QWNE,2026-03-16,6967,56,12
yZ8DSleduDs,2026-03-16,967,19,1
y_rVPdd-RNY,2026-03-16,39,2,0
yiDhqGdxFPs,2026-03-16,538,14,2
yzvzl1LBXm0,2026-03-16,39,2,0
zT66rq7mEu4,2026-03-16,57,1,0
zToHhAif9Gw,2026-03-16,38,2,0
zcOZ0IEsXHc,2026-03-16,80,1,0
-W0cM6L62s8,2026-03-09,289,8,0
0VmI47XeOuE,2026-03-09,22,0,0
0i8W5wucIMc,2026-03-09,57,2,1
1-VRjF4aDgk,2026-03-09,111,5,0
1Hgmt97AkBw,2026-03-09,23,0,0
1ISPibwIVQA,2026-03-09,2197,20,1
1OxYQbmdW-Y,2026-03-09,1604,23,3
1eRuwnvwsPo,2026-03-09,41,1,0
2W7sPgGlNqo,2026-03-09,363,7,0
2eUOg1Vmt7Y,2026-03-09,2150,22,0
2s7evXo3BkI,2026-03-09,2819,69,2
46knscCk2Ic,2026-03-09,39,2,0
4JmKLgtmMBI,2026-03-09,15,0,0
4XgvRRtSUdg,2026-03-09,279,9,0
4aUW0262vu8,2026-03-09,64,2,0
4v5Vv8fsR-g,2026-03-09,24,2,0
5BEWVMsLsBo,2026-03-09,182,13,0
6QlUSg3-ivQ,2026-03-09,0,0,0
6lR81YOeNKs,2026-03-09,40,1,0
6mBufYO1YR8,2026-03-09,82,2,0
6rc09OdwHlk,2026-03-09,9828,119,2
7EhEb5ojYZw,2026-03-09,261,7,0
7beGTcu4wOY,2026-03-09,108,5,1
7bwkNrRpgw0,2026-03-09,22,2,0
7kTYy0cJ_EE,2026-03-09,21,0,0
7q20ukuXuN8,2026-03-09,1017,8,1
7sgJBBtJV3A,2026-03-09,118,6,0
8AMwesfk-DM,2026-03-09,87,5,0
8_fVq-UewMc,2026-03-09,1382,74,2
9wkGoWLVjT8,2026-03-09,161,3,0
9xx1KaBQxVQ,2026-03-09,215,5,0
AARzy2sfqVw,2026-03-09,442,7,6
Aeue3yzSc4M,2026-03-09,72,4,1
AtGVhnK5jRo,2026-03-09,144,0,0
BQnwEe6r4Fg,2026-03-09,135,2,0
BUC65TLIGf8,2026-03-09,9968,210,6
C-lZzLmQrsw,2026-03-09,100,5,0
CHz9g2LGYlo,2026-03-09,368,16,2
CrG-FruGb-k,2026-03-09,44,0,0
Cz9osSyqYXI,2026-03-09,38,1,0
DFETYUUNO18,2026-03-09,57,4,0
DPDmPO-JXe0,2026-03-09,84,2,0
DQlkV2DmA_M,2026-03-09,152,4,0
DWS8WsB2FgE,2026-03-09,27,1,1
Dc98c6LPQQE,2026-03-09,73,4,0
DebaxM_8EO0,2026-03-09,64,10,2
E6-cYClJn3Y,2026-03-09,76,5,0
EVkg5zFPcMs,2026-03-09,837,11,0
E_MeMkTfBsk,2026-03-09,36,3,0
FXk9SQvqFFs,2026-03-09,94,4,1
G0pKbjeeTMs,2026-03-09,8883,157,12
GLJffh1QDM4,2026-03-09,23,1,0
Gcigj916zyE,2026-03-09,8,0,0
GgunOaMm_-g,2026-03-09,30,1,1
HDyKUodeuNw,2026-03-09,11,1,0
HvXbln87KY0,2026-03-09,8908,60,2
HyPyDdUy-Xk,2026-03-09,136,7,0
IAjVUpwzMGo,2026-03-09,12587,309,25
ICnRxj-bjJE,2026-03-09,432,9,0
IIT39Xomn94,2026-03-09,32,1,0
IQPxO_NmSJk,2026-03-09,2235,45,2
Ie-FqoNGqLA,2026-03-09,224,1,0
Im9z2T57eEw,2026-03-09,5267,43,3
J0GOADsEp4E,2026-03-09,55,1,0
JbwNhXjC16A,2026-03-09,69,2,0
K2jlyUL3zK8,2026-03-09,152,5,1
KpjJH-fdImI,2026-03-09,25,0,0
LDp0JP4L6YY,2026-03-09,653,21,3
LXwH60B973Q,2026-03-09,29,1,0
Lox4HlSibXo,2026-03-09,34,2,0
M4Q186h3zHA,2026-03-09,51,3,2
MHxjAOrdxCU,2026-03-09,65,0,0
N-7O94hPplU,2026-03-09,26,2,0
N5qEWgYkGwk,2026-03-09,1154,25,8
NBrio9XsAto,2026-03-09,44,1,1
NMt3A12yjhg,2026-03-09,86,4,1
NQpnc4YfuQo,2026-03-09,99,4,0
NVwGmBS-wMw,2026-03-09,29,1,0
OTkdggNWv14,2026-03-09,102,2,0
OoG2Z1GdWQQ,2026-03-09,57,1,0
Oswa8OkiQPs,2026-03-09,58,3,0
OzgC7e3Eths,2026-03-09,19,1,0
P4--JGi1xH8,2026-03-09,28,2,0
PGZNyTVcZbI,2026-03-09,1402,39,2
PIOYkiA1qBw,2026-03-09,195,2,0
PLGbRoNcVL4,2026-03-09,45,2,0
PPTTWwot8uw,2026-03-09,72,6,0
Q275enpY7bY,2026-03-09,54,2,0
Q3olnvgueTQ,2026-03-09,144,3,0
Q6vUPD3f4bs,2026-03-09,335,10,0
Q7BvnpCsUAU,2026-03-09,41,4,0
QC05ysMl8oc,2026-03-09,627,7,1
Qc0HiH1iZ8U,2026-03-09,71,0,0
QueSk8MsubI,2026-03-09,234,7,2
R7hA1gBrsvQ,2026-03-09,27,2,0
RiYjYfMTGvw,2026-03-09,18,0,0
TGfUG__aOhw,2026-03-09,134,4,1
THxGW9huLRg,2026-03-09,44,4,0
U92pTqhzxoQ,2026-03-09,53,3,0
UlDUQ9G0QHM,2026-03-09,29,1,0
V3pMWhj4lxQ,2026-03-09,37,1,0
VUPm0AxqTho,2026-03-09,6098,76,3
VgumMjYb89g,2026-03-09,67,2,1
VrvnwaTppAE,2026-03-09,80,1,0
W8clxC5S3dU,2026-03-09,654,8,0
X6JyQKV5d0E,2026-03-09,376,7,2
XEdE-i6as6I,2026-03-09,144,4,4
XHnA-a5rivU,2026-03-09,63,2,0
Xgk-fE4kDH4,2026-03-09,44,2,0
Xnd-Ygs7U3Y,2026-03-09,86,0,0
Y9dNljQTNe0,2026-03-09,33,0,0
YC6d_IxCfPo,2026-03-09,782,7,1
YDElIJ6jMrw,2026-03-09,57,2,0
YI0_i2mVva0,2026-03-09,277,9,1
YnFvHoWdvzs,2026-03-09,149,5,1
Z4Fo5F_mLuU,2026-03-09,68,0,0
ZWi_B_rqvt4,2026-03-09,46,0,0
ZgZVpp61cYY,2026-03-09,203,8,2
Zj6uiqMvFOU,2026-03-09,21,1,0
Zyg3scrypKQ,2026-03-09,47,3,1
_4lqZZO3ifA,2026-03-09,255,1,0
_VCX-MmBF_4,2026-03-09,3813,54,1
_cXvg-XPnUs,2026-03-09,52,1,0
_ofTsPs9mT8,2026-03-09,2250,92,9
_wQMZfzqCAo,2026-03-09,1254,38,0
a1nrZ-A7vSg,2026-03-09,56,2,2
a4PcaVKyCko,2026-03-09,105,8,0
aLp96mNnYA8,2026-03-09,347,8,1
aoP5EPC9Skw,2026-03-09,506,12,1
b94_Fgq1uM0,2026-03-09,652,12,0
bOvsWX2Mgmg,2026-03-09,6494,45,2
bZgmdcD9THA,2026-03-09,2335,13,3
ci1hFXvOMjw,2026-03-09,7675,123,8
dHx1iSHHwx4,2026-03-09,1133,6,4
dbYadcZ2uOU,2026-03-09,31,0,0
ddB92jjDOVs,2026-03-09,17,1,0
dnLOQnSM8W8,2026-03-09,12,1,0
eO7e64yu3Kk,2026-03-09,5971,138,11
eVL3dw9BfPc,2026-03-09,46,2,0
ecJm9JHj18g,2026-03-09,34,1,0
ee-gYMaH1Rk,2026-03-09,2931,8,1
f144Cg6EGxE,2026-03-09,374,9,0
ffCLLOraLFA,2026-03-09,51,2,0
gKrXqZNAV1Y,2026-03-09,568,6,1
hhX0ynoT_mc,2026-03-09,42,0,0
hipquVDxH70,2026-03-09,1475,32,2
i6Cfsd0CP2g,2026-03-09,121,9,3
iMbfo-nXbOg,2026-03-09,72,3,0
iNyOOzX6lKk,2026-03-09,35,0,0
jJT2Pjgug7s,2026-03-09,174,5,0
jRm_0dohWB4,2026-03-09,2267,44,4
kJzw5JPC6AI,2026-03-09,3786,66,7
kPT8l-XKm8A,2026-03-09,1008,17,1
kegfG0chZHI,2026-03-09,39,2,0
lcOQNnj3lwQ,2026-03-09,336,7,0
m_WT3mJ0J9E,2026-03-09,109,7,2
mdQHFYj09wg,2026-03-09,33,1,0
mj_b9_nxJfw,2026-03-09,944,30,2
mqLksU5um3Q,2026-03-09,471,16,2
nAYXMoOpNsM,2026-03-09,55,1,0
njqE2uGyysQ,2026-03-09,26,2,0
o3fMDF3PGhM,2026-03-09,10167,197,13
oQ1nPp7viGs,2026-03-09,646,2,0
pHAb6YNGRl4,2026-03-09,36,4,0
pLRAticn7NU,2026-03-09,23,1,0
pcSv3TjR5ZQ,2026-03-09,11360,230,12
pqAswnET2XQ,2026-03-09,154,5,0
q0n48c-f4O8,2026-03-09,68,3,0
qr6ATPTgl20,2026-03-09,1784,63,4
qytf-g55XFE,2026-03-09,97,3,0
rSYSSOP3h2k,2026-03-09,408,7,0
rvVwrHtI4gQ,2026-03-09,27,3,0
sV8nczRvPAU,2026-03-09,47,1,2
t3jyABNSOno,2026-03-09,23,0,0
t4eZfB4XTHg,2026-03-09,48,1,0
t8grl_NIYPw,2026-03-09,125,2,0
tIxrQnDwvx4,2026-03-09,55,1,0
thQUAzH5d2o,2026-03-09,46,3,0
uN-yP7FwIN4,2026-03-09,628,19,6
ue5vLsIijHs,2026-03-09,54,1,0
v1Qnd2Uxcjs,2026-03-09,78,2,0
v1lKqeiQFTI,2026-03-09,350,8,0
vBRiaP5NgVw,2026-03-09,35,0,0
vJXvL5i4OQY,2026-03-09,47,2,0
x1FB0zvtgOw,2026-03-09,197,4,1
xB4ecIksJSY,2026-03-09,39,1,0
xJ05Nq48Zq4,2026-03-09,40,1,0
xic7AMpR4IM,2026-03-09,38,2,0
xsptE33QWNE,2026-03-09,6942,56,12
yZ8DSleduDs,2026-03-09,964,19,1
y_rVPdd-RNY,2026-03-09,39,2,0
yiDhqGdxFPs,2026-03-09,537,14,2
yzvzl1LBXm0,2026-03-09,39,2,0
zT66rq7mEu4,2026-03-09,55,1,0
zToHhAif9Gw,2026-03-09,36,2,0
zcOZ0IEsXHc,2026-03-09,77,1,0
-W0cM6L62s8,2026-03-02,288,8,0
0VmI47XeOuE,2026-03-02,22,0,0
0i8W5wucIMc,2026-03-02,56,2,1
1-VRjF4aDgk,2026-03-02,110,5,0
1Hgmt97AkBw,2026-03-02,23,0,0
1ISPibwIVQA,2026-03-02,2133,20,1
1OxYQbmdW-Y,2026-03-02,1604,23,3
1eRuwnvwsPo,2026-03-02,38,1,0
2W7sPgGlNqo,2026-03-02,346,7,0
2eUOg1Vmt7Y,2026-03-02,2146,22,0
2s7evXo3BkI,2026-03-02,2815,69,2
46knscCk2Ic,2026-03-02,39,2,0
4JmKLgtmMBI,2026-03-02,14,0,0
4XgvRRtSUdg,2026-03-02,278,9,0
4aUW0262vu8,2026-03-02,59,2,0
4v5Vv8fsR-g,2026-03-02,23,2,0
5BEWVMsLsBo,2026-03-02,179,13,0
6QlUSg3-ivQ,2026-03-02,0,0,0
6lR81YOeNKs,2026-03-02,38,1,0
6mBufYO1YR8,2026-03-02,81,2,0
6rc09OdwHlk,2026-03-02,9798,119,2
7EhEb5ojYZw,2026-03-02,258,7,0
7beGTcu4wOY,2026-03-02,108,5,1
7bwkNrRpgw0,2026-03-02,22,2,0
7kTYy0cJ_EE,2026-03-02,19,0,0
7q20ukuXuN8,2026-03-02,982,7,1
7sgJBBtJV3A,2026-03-02,118,6,0
8AMwesfk-DM,2026-03-02,87,5,0
8_fVq-UewMc,2026-03-02,1376,74,2
9wkGoWLVjT8,2026-03-02,161,3,0
9xx1KaBQxVQ,2026-03-02,214,5,0
AARzy2sfqVw,2026-03-02,440,7,6
Aeue3yzSc4M,2026-03-02,72,4,1
AtGVhnK5jRo,2026-03-02,143,0,0
BQnwEe6r4Fg,2026-03-02,130,2,0
BUC65TLIGf8,2026-03-02,9893,209,6
C-lZzLmQrsw,2026-03-02,100,5,0
CHz9g2LGYlo,2026-03-02,359,16,2
CrG-FruGb-k,2026-03-02,43,0,0
Cz9osSyqYXI,2026-03-02,31,1,0
DFETYUUNO18,2026-03-02,57,4,0
DPDmPO-JXe0,2026-03-02,84,2,0
DQlkV2DmA_M,2026-03-02,129,4,0
DWS8WsB2FgE,2026-03-02,25,1,1
Dc98c6LPQQE,2026-03-02,70,4,0
DebaxM_8EO0,2026-03-02,60,9,1
E6-cYClJn3Y,2026-03-02,76,5,0
EVkg5zFPcMs,2026-03-02,832,11,0
E_MeMkTfBsk,2026-03-02,34,3,0
FXk9SQvqFFs,2026-03-02,94,4,1
G0pKbjeeTMs,2026-03-02,8865,155,12
GLJffh1QDM4,2026-03-02,23,1,0
Gcigj916zyE,2026-03-02,8,0,0
GgunOaMm_-g,2026-03-02,20,0,0
HDyKUodeuNw,2026-03-02,11,1,0
HvXbln87KY0,2026-03-02,8894,61,2
HyPyDdUy-Xk,2026-03-02,135,7,0
IAjVUpwzMGo,2026-03-02,12546,309,25
ICnRxj-bjJE,2026-03-02,432,9,0
IIT39Xomn94,2026-03-02,28,1,0
IQPxO_NmSJk,2026-03-02,2229,45,2
Ie-FqoNGqLA,2026-03-02,219,1,0
Im9z2T57eEw,2026-03-02,5248,43,3
J0GOADsEp4E,2026-03-02,53,1,0
JbwNhXjC16A,2026-03-02,63,2,0
K2jlyUL3zK8,2026-03-02,141,4,1
KpjJH-fdImI,2026-03-02,23,0,0
LDp0JP4L6YY,2026-03-02,619,21,3
LXwH60B973Q,2026-03-02,28,1,0
Lox4HlSibXo,2026-03-02,31,2,0
M4Q186h3zHA,2026-03-02,43,2,2
MHxjAOrdxCU,2026-03-02,55,0,0
N-7O94hPplU,2026-03-02,26,2,0
N5qEWgYkGwk,2026-03-02,1146,25,8
NBrio9XsAto,2026-03-02,44,1,1
NMt3A12yjhg,2026-03-02,86,4,1
NQpnc4YfuQo,2026-03-02,98,4,0
NVwGmBS-wMw,2026-03-02,26,1,0
OTkdggNWv14,2026-03-02,96,2,0
OoG2Z1GdWQQ,2026-03-02,57,1,0
Oswa8OkiQPs,2026-03-02,53,3,0
OzgC7e3Eths,2026-03-02,17,1,0
P4--JGi1xH8,2026-03-02,25,2,0
PGZNyTVcZbI,2026-03-02,1399,39,2
PIOYkiA1qBw,2026-03-02,184,2,0
PLGbRoNcVL4,2026-03-02,41,2,0
PPTTWwot8uw,2026-03-02,72,6,0
Q275enpY7bY,2026-03-02,49,2,0
Q3olnvgueTQ,2026-03-02,130,3,0
Q6vUPD3f4bs,2026-03-02,335,10,0
Q7BvnpCsUAU,2026-03-02,40,4,0
QC05ysMl8oc,2026-03-02,627,7,1
Qc0HiH1iZ8U,2026-03-02,71,0,0
QueSk8MsubI,2026-03-02,232,7,2
R7hA1gBrsvQ,2026-03-02,25,2,0
RiYjYfMTGvw,2026-03-02,18,0,0
TGfUG__aOhw,2026-03-02,125,3,1
THxGW9huLRg,2026-03-02,40,4,0
U92pTqhzxoQ,2026-03-02,49,3,0
UlDUQ9G0QHM,2026-03-02,26,1,0
V3pMWhj4lxQ,2026-03-02,37,1,0
VUPm0AxqTho,2026-03-02,6036,76,3
VgumMjYb89g,2026-03-02,67,2,1
VrvnwaTppAE,2026-03-02,75,1,0
W8clxC5S3dU,2026-03-02,653,8,0
X6JyQKV5d0E,2026-03-02,352,7,2
XEdE-i6as6I,2026-03-02,142,4,4
XHnA-a5rivU,2026-03-02,51,1,0
Xgk-fE4kDH4,2026-03-02,44,2,0
Xnd-Ygs7U3Y,2026-03-02,86,0,0
Y9dNljQTNe0,2026-03-02,33,0,0
YC6d_IxCfPo,2026-03-02,781,7,1
YDElIJ6jMrw,2026-03-02,52,2,0
YI0_i2mVva0,2026-03-02,273,9,1
YnFvHoWdvzs,2026-03-02,138,4,0
Z4Fo5F_mLuU,2026-03-02,66,0,0
ZWi_B_rqvt4,2026-03-02,45,0,0
ZgZVpp61cYY,2026-03-02,203,8,2
Zj6uiqMvFOU,2026-03-02,19,1,0
Zyg3scrypKQ,2026-03-02,45,3,1
_4lqZZO3ifA,2026-03-02,251,1,0
_VCX-MmBF_4,2026-03-02,3796,54,1
_cXvg-XPnUs,2026-03-02,49,1,0
_ofTsPs9mT8,2026-03-02,2247,92,9
_wQMZfzqCAo,2026-03-02,1248,38,0
a1nrZ-A7vSg,2026-03-02,53,2,2
a4PcaVKyCko,2026-03-02,105,8,0
aLp96mNnYA8,2026-03-02,332,8,1
aoP5EPC9Skw,2026-03-02,502,12,1
b94_Fgq1uM0,2026-03-02,652,12,0
bOvsWX2Mgmg,2026-03-02,6491,46,2
bZgmdcD9THA,2026-03-02,2301,13,3
ci1hFXvOMjw,2026-03-02,7648,123,8
dHx1iSHHwx4,2026-03-02,1120,6,4
dbYadcZ2uOU,2026-03-02,29,0,0
ddB92jjDOVs,2026-03-02,17,1,0
dnLOQnSM8W8,2026-03-02,12,1,0
eO7e64yu3Kk,2026-03-02,5964,138,11
eVL3dw9BfPc,2026-03-02,41,2,0
ecJm9JHj18g,2026-03-02,32,1,0
ee-gYMaH1Rk,2026-03-02,2903,8,1
f144Cg6EGxE,2026-03-02,342,9,0
ffCLLOraLFA,2026-03-02,51,2,0
gKrXqZNAV1Y,2026-03-02,568,6,1
hhX0ynoT_mc,2026-03-02,42,0,0
hipquVDxH70,2026-03-02,1473,32,2
i6Cfsd0CP2g,2026-03-02,107,8,3
iMbfo-nXbOg,2026-03-02,72,3,0
iNyOOzX6lKk,2026-03-02,35,0,0
jJT2Pjgug7s,2026-03-02,174,5,0
jRm_0dohWB4,2026-03-02,2264,44,4
kJzw5JPC6AI,2026-03-02,3752,66,7
kPT8l-XKm8A,2026-03-02,1005,17,1
kegfG0chZHI,2026-03-02,36,2,0
lcOQNnj3lwQ,2026-03-02,326,7,0
m_WT3mJ0J9E,2026-03-02,102,6,2
mdQHFYj09wg,2026-03-02,33,1,0
mj_b9_nxJfw,2026-03-02,877,27,2
mqLksU5um3Q,2026-03-02,470,16,2
nAYXMoOpNsM,2026-03-02,51,1,0
njqE2uGyysQ,2026-03-02,23,2,0
o3fMDF3PGhM,2026-03-02,10128,197,13
oQ1nPp7viGs,2026-03-02,646,2,0
pHAb6YNGRl4,2026-03-02,36,4,0
pLRAticn7NU,2026-03-02,20,1,0
pcSv3TjR5ZQ,2026-03-02,11338,230,12
pqAswnET2XQ,2026-03-02,150,5,0
q0n48c-f4O8,2026-03-02,66,3,0
qr6ATPTgl20,2026-03-02,1780,63,4
qytf-g55XFE,2026-03-02,91,3,0
rSYSSOP3h2k,2026-03-02,404,7,0
rvVwrHtI4gQ,2026-03-02,26,3,0
sV8nczRvPAU,2026-03-02,43,1,2
t3jyABNSOno,2026-03-02,21,0,0
t4eZfB4XTHg,2026-03-02,46,1,0
t8grl_NIYPw,2026-03-02,125,2,0
tIxrQnDwvx4,2026-03-02,51,1,0
thQUAzH5d2o,2026-03-02,39,3,0
uN-yP7FwIN4,2026-03-02,603,19,4
ue5vLsIijHs,2026-03-02,49,1,0
v1Qnd2Uxcjs,2026-03-02,74,2,0
v1lKqeiQFTI,2026-03-02,338,8,0
vBRiaP5NgVw,2026-03-02,34,0,0
vJXvL5i4OQY,2026-03-02,41,2,0
x1FB0zvtgOw,2026-03-02,195,4,1
xB4ecIksJSY,2026-03-02,39,1,0
xJ05Nq48Zq4,2026-03-02,38,1,0
xic7AMpR4IM,2026-03-02,35,2,0
xsptE33QWNE,2026-03-02,6926,56,12
yZ8DSleduDs,2026-03-02,955,19,1
y_rVPdd-RNY,2026-03-02,38,2,0
yiDhqGdxFPs,2026-03-02,537,14,2
yzvzl1LBXm0,2026-03-02,36,2,0
zT66rq7mEu4,2026-03-02,51,1,0
zToHhAif9Gw,2026-03-02,36,2,0
zcOZ0IEsXHc,2026-03-02,74,1,0
-W0cM6L62s8,2026-02-23,287,8,0
0VmI47XeOuE,2026-02-23,22,0,0
0i8W5wucIMc,2026-02-23,54,2,1
1-VRjF4aDgk,2026-02-23,109,5,0
1Hgmt97AkBw,2026-02-23,23,0,0
1ISPibwIVQA,2026-02-23,2077,20,1
1OxYQbmdW-Y,2026-02-23,1602,23,3
1eRuwnvwsPo,2026-02-23,37,1,0
2W7sPgGlNqo,2026-02-23,339,7,0
2eUOg1Vmt7Y,2026-02-23,2136,22,0
2s7evXo3BkI,2026-02-23,2811,69,2
46knscCk2Ic,2026-02-23,39,2,0
4JmKLgtmMBI,2026-02-23,14,0,0
4XgvRRtSUdg,2026-02-23,275,9,0
4aUW0262vu8,2026-02-23,59,2,0
4v5Vv8fsR-g,2026-02-23,23,2,0
5BEWVMsLsBo,2026-02-23,178,13,0
6QlUSg3-ivQ,2026-02-23,0,0,0
6lR81YOeNKs,2026-02-23,38,1,0
6mBufYO1YR8,2026-02-23,81,2,0
6rc09OdwHlk,2026-02-23,9762,119,2
7EhEb5ojYZw,2026-02-23,257,7,0
7beGTcu4wOY,2026-02-23,107,5,1
7bwkNrRpgw0,2026-02-23,21,2,0
7kTYy0cJ_EE,2026-02-23,19,0,0
7q20ukuXuN8,2026-02-23,951,7,1
7sgJBBtJV3A,2026-02-23,118,6,0
8AMwesfk-DM,2026-02-23,85,5,0
8_fVq-UewMc,2026-02-23,1372,74,2
9wkGoWLVjT8,2026-02-23,159,3,0
9xx1KaBQxVQ,2026-02-23,210,5,0
AARzy2sfqVw,2026-02-23,436,7,6
Aeue3yzSc4M,2026-02-23,72,4,1
AtGVhnK5jRo,2026-02-23,143,0,0
BQnwEe6r4Fg,2026-02-23,122,2,0
BUC65TLIGf8,2026-02-23,9831,206,6
C-lZzLmQrsw,2026-02-23,100,5,0
CHz9g2LGYlo,2026-02-23,352,16,2
CrG-FruGb-k,2026-02-23,39,0,0
Cz9osSyqYXI,2026-02-23,30,1,0
DFETYUUNO18,2026-02-23,57,4,0
DPDmPO-JXe0,2026-02-23,84,2,0
DQlkV2DmA_M,2026-02-23,125,4,0
DWS8WsB2FgE,2026-02-23,25,1,1
Dc98c6LPQQE,2026-02-23,65,4,0
DebaxM_8EO0,2026-02-23,59,9,1
E6-cYClJn3Y,2026-02-23,76,5,0
EVkg5zFPcMs,2026-02-23,828,11,0
E_MeMkTfBsk,2026-02-23,34,3,0
FXk9SQvqFFs,2026-02-23,94,4,1
G0pKbjeeTMs,2026-02-23,8857,155,12
GLJffh1QDM4,2026-02-23,23,1,0
Gcigj916zyE,2026-02-23,8,0,0
GgunOaMm_-g,2026-02-23,19,0,0
HDyKUodeuNw,2026-02-23,11,1,0
HvXbln87KY0,2026-02-23,8866,61,2
HyPyDdUy-Xk,2026-02-23,135,7,0
IAjVUpwzMGo,2026-02-23,12512,309,25
ICnRxj-bjJE,2026-02-23,431,9,0
IIT39Xomn94,2026-02-23,28,1,0
IQPxO_NmSJk,2026-02-23,2226,45,2
Ie-FqoNGqLA,2026-02-23,214,1,0
Im9z2T57eEw,2026-02-23,5230,43,3
J0GOADsEp4E,2026-02-23,53,1,0
JbwNhXjC16A,2026-02-23,59,2,0
K2jlyUL3zK8,2026-02-23,129,3,0
KpjJH-fdImI,2026-02-23,23,0,0
LDp0JP4L6YY,2026-02-23,595,19,3
LXwH60B973Q,2026-02-23,28,1,0
Lox4HlSibXo,2026-02-23,28,2,0
M4Q186h3zHA,2026-02-23,42,2,2
MHxjAOrdxCU,2026-02-23,53,0,0
N-7O94hPplU,2026-02-23,24,2,0
N5qEWgYkGwk,2026-02-23,1142,25,8
NBrio9XsAto,2026-02-23,43,1,1
NMt3A12yjhg,2026-02-23,86,4,1
NQpnc4YfuQo,2026-02-23,94,4,0
NVwGmBS-wMw,2026-02-23,26,1,0
OTkdggNWv14,2026-02-23,87,1,0
OoG2Z1GdWQQ,2026-02-23,57,1,0
Oswa8OkiQPs,2026-02-23,51,2,0
OzgC7e3Eths,2026-02-23,17,1,0
P4--JGi1xH8,2026-02-23,25,2,0
PGZNyTVcZbI,2026-02-23,1397,39,2
PIOYkiA1qBw,2026-02-23,174,2,0
PLGbRoNcVL4,2026-02-23,40,2,0
PPTTWwot8uw,2026-02-23,72,6,0
Q275enpY7bY,2026-02-23,44,2,0
Q3olnvgueTQ,2026-02-23,117,3,0
Q6vUPD3f4bs,2026-02-23,334,10,0
Q7BvnpCsUAU,2026-02-23,38,3,0
QC05ysMl8oc,2026-02-23,626,7,1
Qc0HiH1iZ8U,2026-02-23,71,0,0
QueSk8MsubI,2026-02-23,232,7,2
R7hA1gBrsvQ,2026-02-23,25,2,0
RiYjYfMTGvw,2026-02-23,16,0,0
TGfUG__aOhw,2026-02-23,116,3,1
THxGW9huLRg,2026-02-23,38,4,0
U92pTqhzxoQ,2026-02-23,47,2,0
UlDUQ9G0QHM,2026-02-23,26,1,0
V3pMWhj4lxQ,2026-02-23,37,1,0
VUPm0AxqTho,2026-02-23,5957,75,3
VgumMjYb89g,2026-02-23,66,2,1
VrvnwaTppAE,2026-02-23,71,1,0
W8clxC5S3dU,2026-02-23,647,8,0
X6JyQKV5d0E,2026-02-23,334,7,2
XEdE-i6as6I,2026-02-23,139,4,4
XHnA-a5rivU,2026-02-23,46,1,0
Xgk-fE4kDH4,2026-02-23,44,2,0
Xnd-Ygs7U3Y,2026-02-23,86,0,0
Y9dNljQTNe0,2026-02-23,33,0,0
YC6d_IxCfPo,2026-02-23,778,7,1
YDElIJ6jMrw,2026-02-23,46,2,0
YI0_i2mVva0,2026-02-23,271,9,1
YnFvHoWdvzs,2026-02-23,130,4,0
Z4Fo5F_mLuU,2026-02-23,61,0,0
ZWi_B_rqvt4,2026-02-23,41,0,0
ZgZVpp61cYY,2026-02-23,203,8,2
Zj6uiqMvFOU,2026-02-23,19,1,0
Zyg3scrypKQ,2026-02-23,45,3,1
_4lqZZO3ifA,2026-02-23,246,1,0
_VCX-MmBF_4,2026-02-23,3785,54,1
_cXvg-XPnUs,2026-02-23,45,1,0
_ofTsPs9mT8,2026-02-23,2238,92,9
_wQMZfzqCAo,2026-02-23,1241,38,0
a1nrZ-A7vSg,2026-02-23,53,2,2
a4PcaVKyCko,2026-02-23,104,8,0
aLp96mNnYA8,2026-02-23,315,7,1
aoP5EPC9Skw,2026-02-23,496,12,1
b94_Fgq1uM0,2026-02-23,651,12,0
bOvsWX2Mgmg,2026-02-23,6484,46,2
bZgmdcD9THA,2026-02-23,2255,13,3
ci1hFXvOMjw,2026-02-23,7641,123,8
dHx1iSHHwx4,2026-02-23,1112,6,4
dbYadcZ2uOU,2026-02-23,27,0,0
ddB92jjDOVs,2026-02-23,17,1,0
dnLOQnSM8W8,2026-02-23,12,1,0
eO7e64yu3Kk,2026-02-23,5952,138,11
eVL3dw9BfPc,2026-02-23,39,2,0
ecJm9JHj18g,2026-02-23,32,1,0
ee-gYMaH1Rk,2026-02-23,2884,8,1
f144Cg6EGxE,2026-02-23,321,9,0
ffCLLOraLFA,2026-02-23,51,2,0
gKrXqZNAV1Y,2026-02-23,564,6,1
hhX0ynoT_mc,2026-02-23,42,0,0
hipquVDxH70,2026-02-23,1469,32,2
i6Cfsd0CP2g,2026-02-23,94,8,3
iMbfo-nXbOg,2026-02-23,72,3,0
iNyOOzX6lKk,2026-02-23,35,0,0
jJT2Pjgug7s,2026-02-23,174,5,0
jRm_0dohWB4,2026-02-23,2258,44,4
kJzw5JPC6AI,2026-02-23,3728,66,7
kPT8l-XKm8A,2026-02-23,1001,17,1
kegfG0chZHI,2026-02-23,35,2,0
lcOQNnj3lwQ,2026-02-23,321,7,0
m_WT3mJ0J9E,2026-02-23,93,6,2
mdQHFYj09wg,2026-02-23,33,1,0
mj_b9_nxJfw,2026-02-23,847,26,2
mqLksU5um3Q,2026-02-23,470,16,2
nAYXMoOpNsM,2026-02-23,49,1,0
njqE2uGyysQ,2026-02-23,23,2,0
o3fMDF3PGhM,2026-02-23,10072,194,13
oQ1nPp7viGs,2026-02-23,646,2,0
pHAb6YNGRl4,2026-02-23,36,4,0
pLRAticn7NU,2026-02-23,20,1,0
pcSv3TjR5ZQ,2026-02-23,11308,230,12
pqAswnET2XQ,2026-02-23,148,5,0
q0n48c-f4O8,2026-02-23,62,3,0
qr6ATPTgl20,2026-02-23,1776,63,4
qytf-g55XFE,2026-02-23,85,3,0
rSYSSOP3h2k,2026-02-23,403,7,0
rvVwrHtI4gQ,2026-02-23,25,3,0
sV8nczRvPAU,2026-02-23,40,1,2
t3jyABNSOno,2026-02-23,21,0,0
t4eZfB4XTHg,2026-02-23,43,1,0
t8grl_NIYPw,2026-02-23,125,2,0
tIxrQnDwvx4,2026-02-23,45,1,0
thQUAzH5d2o,2026-02-23,38,3,0
uN-yP7FwIN4,2026-02-23,577,19,3
ue5vLsIijHs,2026-02-23,45,1,0
v1Qnd2Uxcjs,2026-02-23,74,2,0
v1lKqeiQFTI,2026-02-23,325,7,0
vBRiaP5NgVw,2026-02-23,31,0,0
vJXvL5i4OQY,2026-02-23,40,1,0
x1FB0zvtgOw,2026-02-23,190,4,1
xB4ecIksJSY,2026-02-23,38,1,0
xJ05Nq48Zq4,2026-02-23,37,1,0
xic7AMpR4IM,2026-02-23,35,2,0
xsptE33QWNE,2026-02-23,6907,56,12
yZ8DSleduDs,2026-02-23,941,19,1
y_rVPdd-RNY,2026-02-23,38,2,0
yiDhqGdxFPs,2026-02-23,536,14,2
yzvzl1LBXm0,2026-02-23,36,2,0
zT66rq7mEu4,2026-02-23,49,1,0
zToHhAif9Gw,2026-02-23,35,2,0
zcOZ0IEsXHc,2026-02-23,66,1,0
-W0cM6L62s8,2026-02-16,287,8,0
0VmI47XeOuE,2026-02-16,22,0,0
0i8W5wucIMc,2026-02-16,54,2,1
1-VRjF4aDgk,2026-02-16,109,5,0
1Hgmt97AkBw,2026-02-16,23,0,0
1ISPibwIVQA,2026-02-16,2072,20,1
1OxYQbmdW-Y,2026-02-16,1602,23,3
1eRuwnvwsPo,2026-02-16,37,1,0
2W7sPgGlNqo,2026-02-16,339,7,0
2eUOg1Vmt7Y,2026-02-16,2136,22,0
2s7evXo3BkI,2026-02-16,2811,69,2
46knscCk2Ic,2026-02-16,39,2,0
4JmKLgtmMBI,2026-02-16,14,0,0
4XgvRRtSUdg,2026-02-16,275,9,0
4aUW0262vu8,2026-02-16,59,2,0
4v5Vv8fsR-g,2026-02-16,23,2,0
5BEWVMsLsBo,2026-02-16,178,13,0
6QlUSg3-ivQ,2026-02-16,0,0,0
6lR81YOeNKs,2026-02-16,38,1,0
6mBufYO1YR8,2026-02-16,81,2,0
6rc09OdwHlk,2026-02-16,9761,119,2
7EhEb5ojYZw,2026-02-16,257,7,0
7beGTcu4wOY,2026-02-16,107,5,1
7bwkNrRpgw0,2026-02-16,21,2,0
7kTYy0cJ_EE,2026-02-16,19,0,0
7q20ukuXuN8,2026-02-16,951,7,1
7sgJBBtJV3A,2026-02-16,118,6,0
8AMwesfk-DM,2026-02-16,85,5,0
8_fVq-UewMc,2026-02-16,1372,74,2
9wkGoWLVjT8,2026-02-16,159,3,0
9xx1KaBQxVQ,2026-02-16,210,5,0
AARzy2sfqVw,2026-02-16,436,7,6
Aeue3yzSc4M,2026-02-16,72,4,1
AtGVhnK5jRo,2026-02-16,143,0,0
BQnwEe6r4Fg,2026-02-16,121,2,0
BUC65TLIGf8,2026-02-16,9828,206,6
C-lZzLmQrsw,2026-02-16,100,5,0
CHz9g2LGYlo,2026-02-16,352,16,2
CrG-FruGb-k,2026-02-16,38,0,0
Cz9osSyqYXI,2026-02-16,30,1,0
DFETYUUNO18,2026-02-16,57,4,0
DPDmPO-JXe0,2026-02-16,84,2,0
DQlkV2DmA_M,2026-02-16,125,4,0
DWS8WsB2FgE,2026-02-16,25,1,1
Dc98c6LPQQE,2026-02-16,64,3,0
DebaxM_8EO0,2026-02-16,59,9,1
E6-cYClJn3Y,2026-02-16,76,5,0
EVkg5zFPcMs,2026-02-16,828,11,0
E_MeMkTfBsk,2026-02-16,34,3,0
FXk9SQvqFFs,2026-02-16,94,4,1
G0pKbjeeTMs,2026-02-16,8857,155,12
GLJffh1QDM4,2026-02-16,23,1,0
Gcigj916zyE,2026-02-16,8,0,0
GgunOaMm_-g,2026-02-16,19,0,0
HDyKUodeuNw,2026-02-16,11,1,0
HvXbln87KY0,2026-02-16,8866,61,2
HyPyDdUy-Xk,2026-02-16,134,7,0
IAjVUpwzMGo,2026-02-16,12503,309,25
ICnRxj-bjJE,2026-02-16,431,9,0
IIT39Xomn94,2026-02-16,28,1,0
IQPxO_NmSJk,2026-02-16,2226,45,2
Ie-FqoNGqLA,2026-02-16,214,1,0
Im9z2T57eEw,2026-02-16,5228,43,3
J0GOADsEp4E,2026-02-16,53,1,0
JbwNhXjC16A,2026-02-16,58,2,0
K2jlyUL3zK8,2026-02-16,129,3,0
KpjJH-fdImI,2026-02-16,23,0,0
LDp0JP4L6YY,2026-02-16,595,19,3
LXwH60B973Q,2026-02-16,28,1,0
Lox4HlSibXo,2026-02-16,27,2,0
M4Q186h3zHA,2026-02-16,42,2,2
MHxjAOrdxCU,2026-02-16,53,0,0
N-7O94hPplU,2026-02-16,24,2,0
N5qEWgYkGwk,2026-02-16,1142,25,8
NBrio9XsAto,2026-02-16,43,1,1
NMt3A12yjhg,2026-02-16,86,4,1
NQpnc4YfuQo,2026-02-16,93,4,0
NVwGmBS-wMw,2026-02-16,26,1,0
OTkdggNWv14,2026-02-16,87,1,0
OoG2Z1GdWQQ,2026-02-16,57,1,0
Oswa8OkiQPs,2026-02-16,51,2,0
OzgC7e3Eths,2026-02-16,17,1,0
P4--JGi1xH8,2026-02-16,25,2,0
PGZNyTVcZbI,2026-02-16,1397,39,2
PIOYkiA1qBw,2026-02-16,174,2,0
PLGbRoNcVL4,2026-02-16,40,2,0
PPTTWwot8uw,2026-02-16,72,6,0
Q275enpY7bY,2026-02-16,44,2,0
Q3olnvgueTQ,2026-02-16,115,3,0
Q6vUPD3f4bs,2026-02-16,334,10,0
Q7BvnpCsUAU,2026-02-16,38,3,0
QC05ysMl8oc,2026-02-16,626,7,1
Qc0HiH1iZ8U,2026-02-16,71,0,0
QueSk8MsubI,2026-02-16,232,7,2
R7hA1gBrsvQ,2026-02-16,25,2,0
RiYjYfMTGvw,2026-02-16,16,0,0
TGfUG__aOhw,2026-02-16,116,3,1
THxGW9huLRg,2026-02-16,38,4,0
U92pTqhzxoQ,2026-02-16,47,2,0
UlDUQ9G0QHM,2026-02-16,26,1,0
V3pMWhj4lxQ,2026-02-16,37,1,0
VUPm0AxqTho,2026-02-16,5954,75,3
VgumMjYb89g,2026-02-16,66,2,1
VrvnwaTppAE,2026-02-16,70,1,0
W8clxC5S3dU,2026-02-16,647,8,0
X6JyQKV5d0E,2026-02-16,333,7,2
XEdE-i6as6I,2026-02-16,139,4,4
XHnA-a5rivU,2026-02-16,46,1,0
Xgk-fE4kDH4,2026-02-16,44,2,0
Xnd-Ygs7U3Y,2026-02-16,86,0,0
Y9dNljQTNe0,2026-02-16,33,0,0
YC6d_IxCfPo,2026-02-16,778,7,1
YDElIJ6jMrw,2026-02-16,45,1,0
YI0_i2mVva0,2026-02-16,271,9,1
YnFvHoWdvzs,2026-02-16,130,4,0
Z4Fo5F_mLuU,2026-02-16,60,0,0
ZWi_B_rqvt4,2026-02-16,40,0,0
ZgZVpp61cYY,2026-02-16,203,8,2
Zj6uiqMvFOU,2026-02-16,19,1,0
Zyg3scrypKQ,2026-02-16,45,3,1
_4lqZZO3ifA,2026-02-16,245,1,0
_VCX-MmBF_4,2026-02-16,3784,54,1
_cXvg-XPnUs,2026-02-16,44,0,0
_ofTsPs9mT8,2026-02-16,2236,92,9
_wQMZfzqCAo,2026-02-16,1241,38,0
a1nrZ-A7vSg,2026-02-16,52,2,2
a4PcaVKyCko,2026-02-16,104,8,0
aLp96mNnYA8,2026-02-16,315,7,1
aoP5EPC9Skw,2026-02-16,495,12,1
b94_Fgq1uM0,2026-02-16,651,12,0
bOvsWX2Mgmg,2026-02-16,6484,46,2
bZgmdcD9THA,2026-02-16,2255,13,3
ci1hFXvOMjw,2026-02-16,7640,123,8
dHx1iSHHwx4,2026-02-16,1112,6,4
dbYadcZ2uOU,2026-02-16,27,0,0
ddB92jjDOVs,2026-02-16,17,1,0
dnLOQnSM8W8,2026-02-16,12,1,0
eO7e64yu3Kk,2026-02-16,5951,138,11
eVL3dw9BfPc,2026-02-16,39,2,0
ecJm9JHj18g,2026-02-16,32,1,0
ee-gYMaH1Rk,2026-02-16,2884,8,1
f144Cg6EGxE,2026-02-16,321,9,0
ffCLLOraLFA,2026-02-16,51,2,0
gKrXqZNAV1Y,2026-02-16,564,6,1
hhX0ynoT_mc,2026-02-16,42,0,0
hipquVDxH70,2026-02-16,1469,32,2
i6Cfsd0CP2g,2026-02-16,94,8,3
iMbfo-nXbOg,2026-02-16,72,3,0
iNyOOzX6lKk,2026-02-16,35,0,0
jJT2Pjgug7s,2026-02-16,174,5,0
jRm_0dohWB4,2026-02-16,2258,44,4
kJzw5JPC6AI,2026-02-16,3728,66,7
kPT8l-XKm8A,2026-02-16,1001,17,1
kegfG0chZHI,2026-02-16,35,2,0
lcOQNnj3lwQ,2026-02-16,321,7,0
m_WT3mJ0J9E,2026-02-16,93,6,2
mdQHFYj09wg,2026-02-16,33,1,0
mj_b9_nxJfw,2026-02-16,846,26,2
mqLksU5um3Q,2026-02-16,470,16,2
nAYXMoOpNsM,2026-02-16,49,1,0
njqE2uGyysQ,2026-02-16,23,2,0
o3fMDF3PGhM,2026-02-16,10070,194,13
oQ1nPp7viGs,2026-02-16,646,2,0
pHAb6YNGRl4,2026-02-16,36,4,0
pLRAticn7NU,2026-02-16,20,1,0
pcSv3TjR5ZQ,2026-02-16,11305,230,12
pqAswnET2XQ,2026-02-16,148,5,0
q0n48c-f4O8,2026-02-16,60,2,0
qr6ATPTgl20,2026-02-16,1776,63,4
qytf-g55XFE,2026-02-16,84,3,0
rSYSSOP3h2k,2026-02-16,403,7,0
rvVwrHtI4gQ,2026-02-16,25,3,0
sV8nczRvPAU,2026-02-16,40,1,2
t3jyABNSOno,2026-02-16,21,0,0
t4eZfB4XTHg,2026-02-16,42,1,0
t8grl_NIYPw,2026-02-16,125,2,0
tIxrQnDwvx4,2026-02-16,43,1,0
thQUAzH5d2o,2026-02-16,38,3,0
uN-yP7FwIN4,2026-02-16,575,19,3
ue5vLsIijHs,2026-02-16,44,1,0
v1Qnd2Uxcjs,2026-02-16,74,2,0
v1lKqeiQFTI,2026-02-16,325,7,0
vBRiaP5NgVw,2026-02-16,30,0,0
vJXvL5i4OQY,2026-02-16,40,1,0
x1FB0zvtgOw,2026-02-16,190,4,1
xB4ecIksJSY,2026-02-16,37,1,0
xJ05Nq48Zq4,2026-02-16,37,1,0
xic7AMpR4IM,2026-02-16,35,2,0
xsptE33QWNE,2026-02-16,6907,56,12
yZ8DSleduDs,2026-02-16,941,19,1
y_rVPdd-RNY,2026-02-16,38,2,0
yiDhqGdxFPs,2026-02-16,536,14,2
yzvzl1LBXm0,2026-02-16,36,2,0
zT66rq7mEu4,2026-02-16,49,1,0
zToHhAif9Gw,2026-02-16,35,2,0
zcOZ0IEsXHc,2026-02-16,65,1,0
